namespace,servers,versions,recurring
io.github.sadri-dridi,2365,2365,True
io.github.pipeworx-io,1590,1590,True
io.github.mcp-dir,1113,1113,True
io.github.mrfentmen,739,739,True
io.github.Evozim,375,375,True
io.github.CSOAI-ORG,354,354,True
ai.smithery,213,213,True
io.github.theluckystrike,161,161,True
io.github.jmshinhwa,141,141,True
io.github.cyanheads,129,129,True
io.github.codespar,127,127,True
app.wishpool,125,125,True
io.github.Wxt-ai,122,122,True
com.a2awire,110,110,True
eu.ansvar,106,106,True
io.github.Br0ski777,101,101,True
io.usefulapi,98,98,True
ai.getvda,94,94,True
io.github.WYRE-AI,79,79,True
com.mcparmory,76,76,True
io.github.nirholas,72,72,True
io.github.chrischall,70,70,True
io.github.Servosity,67,67,True
io.tooloracle,61,61,True
io.github.srotzin,60,60,True
io.github.wyre-technology,58,58,True
io.github.lazymac2x,55,55,True
com.mambabuilt,53,53,True
io.github.daedalus,50,50,True
io.github.rocnubie,50,50,True
io.github.theYahia,49,49,True
io.github.ryudi84,49,49,True
com.jojapi,49,49,True
io.github.varvararatta,45,45,True
io.github.malamutemayhem,45,45,True
io.github.matematicsolutions,45,45,True
com.thenextgennexus,43,43,True
io.github.malkreide,43,43,True
io.github.mindstone,41,41,True
com.olyport,38,38,True
com.dropwatchhq,35,35,True
com.edgethirteen.www,35,35,True
io.github.RudrenduPaul,35,35,True
com.ranovam,34,34,True
io.github.gabrielmahia,33,33,True
io.github.rog0x,33,33,True
io.github.jdhart81,33,33,True
one.aisa,32,32,True
io.github.runapi-builder,32,32,True
io.github.Nero-Engine,31,31,True
io.github.davidmosiah,31,31,True
io.github.infoinlet-marketplace,30,30,True
io.github.paulovitorti,29,29,True
com.pulsemcp,28,28,True
org.memoryapi,27,27,True
io.github.Dave-London,26,26,True
com.hasdata,26,26,True
io.github.johnisanerd,26,26,True
io.github.DataLeadsPRO,26,26,True
io.github.AIops-tools,26,26,True
io.github.geraservicesuk,25,25,True
io.github.junoventures,25,25,True
io.github.AceDataCloud,25,25,True
net.nexlab,24,24,True
io.github.junct-bot,24,24,True
io.github.iowarp,24,24,True
io.github.A1-x-Tech,24,24,True
com.mcpscores,23,23,True
ai.dinglebear,23,23,True
io.github.smeet666,22,22,True
co.civai.nova,22,22,True
com.moltlinestudio,22,22,True
ai.trendsapi,21,21,True
io.github.FoundryNet,21,21,True
ai.trendsmcp,21,21,True
io.github.ni-c,20,20,True
io.github.forgemeshlabs,20,20,True
io.github.doc2mcp,20,20,True
io.github.MukundaKatta,20,20,True
io.github.dailyaiagents-cpu,20,20,True
com.roxyapi,19,19,True
io.github.markswendsen-code,19,19,True
io.github.adelaidasofia,18,18,True
io.github.sercanmetalore,18,18,True
io.github.domdomegg,18,18,True
com.seoapi,18,18,True
io.github.therealMrFunGuy,18,18,True
io.github.beepboop2025,18,18,True
io.github.dockndevai,17,17,True
io.github.asklokesh,17,17,True
io.github.CryptoAPIs-io,17,17,True
io.github.guptaprakhariitr,17,17,True
com.mcpbundles,17,17,True
com.daedalmap,17,17,True
dev.reapx,17,17,True
ai.agentutility,17,17,True
io.github.lordbasilaiassistant-sudo,17,17,True
io.github.Ansvar-Systems,17,17,True
io.github.YawLabs,16,16,True
io.github.mdfifty50-boop,16,16,True
ai.b77,16,16,True
com.microsoft,16,16,True
io.github.dingdawg,16,16,True
io.github.sebastienrousseau,16,16,True
io.github.ExpertVagabond,15,15,True
io.github.ofershap,15,15,True
io.studiomeyer,15,15,True
io.github.lonniev,15,15,True
com.gumballtools,15,15,True
io.github.jyswee,15,15,True
io.github.atomno-mcp,15,15,True
io.github.TheNextGenNexus,15,15,True
io.github.mansurjisan,15,15,True
com.superagnt,14,14,True
io.github.vmware-skills,14,14,True
io.github.codeChap,14,14,True
io.github.vola-trebla,14,14,True
io.github.ilyautov,14,14,True
com.bestremotetools,13,13,True
io.github.IsaiahDupree,13,13,True
io.github.zw008,13,13,True
io.github.BuilderIO,13,13,True
io.github.shigechika,13,13,True
com.ainetcafe,13,13,True
io.github.martc03,13,13,True
io.github.psyb0t,13,13,True
io.github.cesteral,13,13,True
io.github.janoliverautomation-stack,13,13,True
io.github.qso-graph,12,12,True
io.github.nick-ma,12,12,True
io.github.oaslananka,12,12,True
io.github.pooriaarab,12,12,True
io.github.crunchtools,12,12,True
io.github.gregario,12,12,True
io.github.xpaysh,12,12,True
ai.waystation,12,12,True
io.github.cmendezs,12,12,True
io.github.wmarceau,12,12,True
io.github.Braynexservices,12,12,True
com.timzinin.api,12,12,True
io.github.xiaojiou176-open,12,12,True
com.devart,11,11,True
com.52choujiang,11,11,True
com.stagenth,11,11,True
com.checkmycontractorquote,11,11,True
io.github.mctx-ai,11,11,True
dev.cz-agents,11,11,True
io.github.friendlygeorge,11,11,True
io.github.kindrat86,11,11,True
io.github.JonathanRReed,11,11,True
io.github.bch1212,11,11,True
com.whensport,11,11,True
io.github.meltingpixelsai,10,10,True
services.gera,10,10,True
io.github.SylphxAI,10,10,True
io.github.vpatser1,10,10,True
pro.publifye,10,10,True
io.github.nolindnaidoo,10,10,True
cn.pianam.mcp,10,10,True
io.github.mikusnuz,10,10,True
io.github.atul0016,10,10,True
com.themineworks,10,10,True
com.apished,10,10,True
io.ausdata,10,10,True
io.scanbimlabs,10,10,True
io.github.Lulu-The-Narwhal,10,10,True
io.github.j0hanz,9,9,True
ai.com.mcp,9,9,True
com.stratalize,9,9,True
io.github.closermethod,9,9,True
io.github.IndoTender,9,9,True
io.github.jannegpriv,9,9,True
io.github.SidneyBissoli,9,9,True
io.github.selflabbs,9,9,True
io.github.OjasKord,9,9,True
com.datakoot,9,9,True
io.github.vdappdev2,9,9,True
io.github.easakura,9,9,True
app.apick,9,9,True
com.dyndns-server.noon-ai,9,9,True
io.github.weiseer,9,9,True
io.github.AbduljabbarBXR,9,9,True
io.github.fujimura-ui,9,9,True
io.github.Dawaxwx,9,9,True
io.github.ANAMIZED,9,9,True
io.github.houtini-ai,9,9,True
io.github.Ansarii,9,9,True
io.github.mikerawsonnz,9,9,True
io.github.nexus-mcp-infra,9,9,True
io.github.n24q02m,9,9,True
com.1102tools,9,9,True
io.scalably,8,8,True
io.github.jarmstrong158,8,8,True
io.github.alyiox,8,8,True
com.avalara,8,8,True
io.github.us-all,8,8,True
io.github.jaimenbell,8,8,True
com.bonissystems,8,8,True
io.github.darrenjrobinson,8,8,True
io.github.pavel-tashev,8,8,True
ai.saifs,8,8,True
com.airblockfz,8,8,True
io.github.PrometheusAgency,8,8,True
io.github.conorbronsdon,8,8,True
live.alpic.staging,8,8,True
io.github.arose26,8,8,True
io.github.markusvankempen,8,8,True
io.github.Wolfe-Jam,8,8,True
io.github.dpozimski,8,8,True
io.github.mifactory-bot,8,8,True
io.github.joepangallo,8,8,True
io.github.qinisolabs,8,8,True
io.github.ogasurfproject-jpg,8,8,True
io.github.ellmos-ai,8,8,True
io.github.sandraschi,8,8,True
io.github.1102tools,8,8,True
io.github.verygoodplugins,8,8,True
io.github.stucchi,8,8,True
io.github.antohins,8,8,True
io.github.mrslbt,8,8,True
com.lowlanddata,8,8,True
fr.humanmirror,8,8,True
io.github.HyosikPark,8,8,True
io.github.AINative-Studio,8,8,True
ai.kaiv,8,8,True
io.github.ictinnovations,8,8,True
io.github.musharna,8,8,True
io.github.shashwatgtm,8,8,True
io.github.mgcrea,8,8,True
com.yaktool,8,8,True
io.github.agentwares,8,8,True
network.tenzro,7,7,True
io.github.zoom,7,7,True
com.valksor,7,7,True
io.github.andrewschristison,7,7,True
io.github.linxule,7,7,True
io.github.mmedum,7,7,True
io.github.greencore-solutions,7,7,True
io.github.ArkNill,7,7,True
dev.workers.pathwren.www,7,7,True
com.getbotlens,7,7,True
com.getmcpads,7,7,True
io.github.mlawsonking,7,7,True
io.github.HewlettPackard,7,7,True
io.github.lacausecrypto,7,7,True
io.github.temurkhan13,7,7,True
io.github.mshegolev,7,7,True
io.github.Taru0208,7,7,True
us.artificl,7,7,True
io.github.sathergate,7,7,True
io.github.sergii-ziborov,7,7,True
io.github.Lykhoyda,7,7,True
io.github.AIWerk,7,7,True
io.github.AKzar1el,7,7,True
com.brainiall,7,7,True
io.github.dontsovcmc,7,7,True
xyz.tenzro,7,7,True
io.github.ryuamarines,7,7,True
io.github.aernouddekker,7,7,True
io.github.mharnett,7,7,True
io.github.entradox,7,7,True
io.github.GeiserX,7,7,True
com.invokera,7,7,True
io.github.Rumblingb,6,6,True
io.github.kota1026,6,6,True
io.github.CedricKouma,6,6,True
io.github.zvmzaretsky,6,6,True
io.github.RyanKramer,6,6,True
io.github.partymola,6,6,True
io.github.physics-star-cat,6,6,True
ai.fodda,6,6,True
io.github.fieldcure,6,6,True
io.github.razikallayi,6,6,True
io.github.dir-ai,6,6,True
io.github.mario-andreschak,6,6,True
io.github.sathvic-kollu,6,6,True
io.github.saagpatel,6,6,True
io.github.Abhishekkumar2021,6,6,True
ai.openhelm,6,6,True
io.github.eltociear,6,6,True
io.github.shuji-bonji,6,6,True
io.github.huangjunsong404-crypto,6,6,True
io.github.jayjex,6,6,True
io.github.Timwal78,6,6,True
io.github.jbeshir,6,6,True
com.x402supply,6,6,True
com.jithox,6,6,True
io.github.dgtalquantumleap-ai,6,6,True
io.github.bitterdev,6,6,True
io.github.benseverndev-oss,6,6,True
io.github.GSterlingPress,6,6,True
io.github.UnbearableDev,6,6,True
io.github.helbertparanhos,6,6,True
io.github.rabyavalla,6,6,True
io.github.neverinfamous,6,6,True
io.github.albermm,6,6,True
io.github.meshpop,6,6,True
io.github.nexus-api-lab,6,6,True
io.github.cdeust,6,6,True
io.github.putervision,6,6,True
io.github.f-tiger,6,6,True
io.github.ChanghuLiu,6,6,True
io.github.dbsectrainer,6,6,True
dev.mailkite,6,6,True
io.github.Qiskit,6,6,True
io.github.ohneben,6,6,True
dev.hatchloop,6,6,True
io.github.tlennon-ie,6,6,True
one.faf,6,6,True
io.github.alexar76,6,6,True
io.github.tomjwxf,6,6,True
io.github.llmops-pro,6,6,True
io.github.tresor4k,6,6,True
io.github.stevemilton,5,5,True
io.github.rootsbymenda,5,5,True
io.github.stillmarcus24,5,5,True
io.github.arpe-io,5,5,True
io.github.encodi,5,5,True
com.usedailyai,5,5,True
io.github.neo4j-contrib,5,5,True
io.github.webmoleai,5,5,True
io.github.huoshuiai42,5,5,True
io.github.rubatoyd,5,5,True
io.github.nagarjunr,5,5,True
io.github.stcmain,5,5,True
io.github.wesseltl,5,5,True
io.github.Baneado98,5,5,True
com.goaimoat,5,5,True
io.github.carsonroell-debug,5,5,True
io.github.olgasafonova,5,5,True
io.github.Samarth-23-eng,5,5,True
io.github.oktopeak,5,5,True
com.borisinc,5,5,True
io.github.Bishop81,5,5,True
io.github.drhelius,5,5,True
io.github.arikanatakan,5,5,True
io.github.equinoxaifinance-rgb,5,5,True
dev.workers.rjhsignaltech.ai,5,5,True
io.github.marcelo-ochoa,5,5,True
io.github.gateio-dev,5,5,True
io.github.Shreyas-Profile,5,5,True
io.github.jordanburke,5,5,True
io.github.aplaceforallmystuff,5,5,True
io.github.brenton-keller,5,5,True
io.github.morluto,5,5,True
io.github.akutishevsky,5,5,True
io.github.New1Direction,5,5,True
tv.tootie,5,5,True
io.github.MagzhanSan,5,5,True
io.github.ArneFfm,5,5,True
io.github.evidai,5,5,True
io.github.cocaxcode,5,5,True
io.github.MajaHelferbiene,5,5,True
bid.scope,5,5,True
io.github.ericm1018,5,5,True
io.github.CyberPunk11147,5,5,True
com.ontoramp,5,5,True
io.github.kadopi,5,5,True
io.github.Perufitlife,5,5,True
io.github.onetrueclaude-creator,5,5,True
io.github.KuudoAI,5,5,True
io.github.pvliesdonk,5,5,True
ai.spideriq,5,5,True
io.github.arifulislamat,5,5,True
com.basenull,5,5,True
io.github.pijusz,5,5,True
io.github.wellknownmcp,5,5,True
com.virohanalife,5,5,True
ai.clize,5,5,True
io.github.ivanantigravity-lgtm,5,5,True
io.github.Yarmoluk,5,5,True
io.github.xfloukiex-lab,5,5,True
io.github.perceptdot,5,5,True
com.llmotions.farm,5,5,True
io.github.nugehs,5,5,True
io.github.builtforai,5,5,True
io.github.paulieb89,5,5,True
io.github.0xka13b,5,5,True
io.github.sbrunner-atx,5,5,True
io.github.danishashko,5,5,True
com.macaroonnetwork,5,5,True
io.github.pachote,5,5,True
io.github.sharozdawa,5,5,True
io.github.SMABoundless,5,5,True
io.github.3121n,5,5,True
io.github.aaronsb,5,5,True
io.github.askads,5,5,True
io.github.mcpware,5,5,True
com.mintmcp,5,5,True
com.scriptmasterlabs,5,5,True
net.agentutil,5,5,True
io.github.mcp-z,5,5,True
io.github.icohangar-ops,5,5,True
com.retrainmap,5,5,True
io.github.giskard09,5,5,True
io.github.amineutron,5,5,True
io.github.ux-xd,5,5,True
io.github.edithatogo,5,5,True
ai.agentlookups,5,5,True
io.github.admosolutionsgo-star,5,5,True
io.github.shawmena-dotcom,5,5,True
io.github.holiday-forever,4,4,True
io.github.holistis,4,4,True
io.github.aahl,4,4,True
io.github.frankbongo,4,4,True
ch.antevo,4,4,True
io.github.jkawamoto,4,4,True
io.github.chaoz23,4,4,True
io.github.csacanam,4,4,True
io.github.munhq,4,4,True
ing.3dpack,4,4,True
io.github.RCOLKITT,4,4,True
io.github.smythmyke,4,4,True
io.github.segentic-lab,4,4,True
io.github.opcastil11,4,4,True
co.pipeboard,4,4,True
io.github.lukisch,4,4,True
io.github.inity13,4,4,True
io.github.nometalalchemist,4,4,True
io.github.ZLeventer,4,4,True
io.github.egoughnour,4,4,True
io.github.hernaninverso,4,4,True
io.github.es617,4,4,True
xyz.honeycheck,4,4,True
io.github.hernan-cc,4,4,True
com.olane,4,4,True
io.github.lanternrow,4,4,True
io.github.joelp22-maker,4,4,True
io.github.HorizunGroup,4,4,True
io.github.withpica,4,4,True
io.github.ykshah1309,4,4,True
com.blacklabelbots,4,4,True
io.github.NyxToolsDev,4,4,True
com.blackswancausallabs,4,4,True
io.github.SongT-50,4,4,True
io.github.SosoPkhakadze,4,4,True
io.github.freshfos,4,4,True
net.hogarmas,4,4,True
io.github.Spacemandomains,4,4,True
io.github.Grinv,4,4,True
io.github.ahmedEid1,4,4,True
io.github.rusty4444,4,4,True
io.github.rwestergren,4,4,True
io.usewire,4,4,True
io.github.tylerscomic-lab,4,4,True
io.github.alisaitteke,4,4,True
io.github.Digital-Defiance,4,4,True
io.github.shibley,4,4,True
io.github.mcpwright,4,4,True
io.github.SolvoHQ,4,4,True
io.github.Ainode-tech,4,4,True
io.github.ariffazil,4,4,True
io.github.bytedance,4,4,True
io.github.ebrunet001,4,4,True
io.github.jgravelle,4,4,True
io.github.chrisbusbin-pixel,4,4,True
io.github.rijul170,4,4,True
io.github.followtz,4,4,True
io.github.walkojas-boop,4,4,True
io.github.mrocker,4,4,True
io.github.Invarato,4,4,True
io.github.fluttersdk,4,4,True
io.github.LarryLemonBot,4,4,True
io.github.freema,4,4,True
io.github.enzoemir1,4,4,True
io.github.Larshiensch99,4,4,True
io.github.itunified-io,4,4,True
io.github.clm-studios,4,4,True
sh.stipple,4,4,True
io.github.artgas1,4,4,True
io.github.cunicopia-dev,4,4,True
io.github.KazKozDev,4,4,True
io.github.bguillow-rgb,4,4,True
io.github.pzalutski-pixel,4,4,True
io.github.daleweaver1981,4,4,True
io.github.S-CurveLabs,4,4,True
io.github.Vohlsyr,4,4,True
io.github.purahmanian,4,4,True
io.github.DrBaher,4,4,True
io.github.zhaoyaqi18,4,4,True
io.github.pgalyen1987,4,4,True
io.github.bolyra,4,4,True
io.github.thegridwork,4,4,True
io.github.geeks-accelerator,4,4,True
io.github.PugarHuda,4,4,True
io.github.seanthings,4,4,True
io.github.up2itnow0822,4,4,True
io.github.lightnet19,4,4,True
io.github.agenson-horrowitz,4,4,True
io.github.keshrath,4,4,True
org.openlyuseful,4,4,True
io.github.stayce,4,4,True
io.github.fgasparetto,4,4,True
io.github.zekebuilds-lab,4,4,True
com.professorsausages,4,4,True
io.github.andylbrummer,4,4,True
io.github.Autostackup,4,4,True
eu.nordicmcp,4,4,True
io.github.pepabo,4,4,True
io.github.VictoriaMetrics-Community,4,4,True
io.github.vince-gonzalez,4,4,True
com.rqmtechnologies,4,4,True
io.github.AutomateLab-tech,4,4,True
io.github.thyn-ai,4,4,True
io.github.abhiyoheswaran1,4,4,True
io.github.nickjlamb,4,4,True
io.github.FerhatDundar,4,4,True
io.github.sudo-ai-git,4,4,True
io.github.opendata-kr,4,4,True
io.github.levnikolaevich,4,4,True
dk.humanified,4,4,True
io.github.Samik081,4,4,True
io.github.helena-bioinformatics,4,4,True
nz.phos,4,4,True
com.focxle,4,4,True
io.github.FunplayAI,4,4,True
io.github.ormastes,4,4,True
ai.boolsai,4,4,True
io.github.Perseus-Computing-LLC,4,4,True
io.github.gulmezeren2-byte,4,4,True
io.github.docracy1,4,4,True
io.veezee,4,4,True
io.github.KyuRish,4,4,True
io.github.alekskram,4,4,True
io.github.philpof102-svg,4,4,True
io.github.paiml,4,4,True
io.github.labaccessnow,4,4,True
io.github.liminalpepe,4,4,True
io.github.KitchenSink4AI,4,4,True
io.github.m2ai-mcp-servers,4,4,True
io.github.RobertAlsop,4,4,True
io.github.Weavatrix,4,4,True
io.github.patwalls,4,4,True
io.github.carruda-Global,3,3,True
io.github.fenrici1,3,3,True
io.github.BigJai,3,3,True
ai.roosteragents,3,3,True
io.github.RobotFleet-HQ,3,3,True
io.tkllabs.bh.mcp-servers,3,3,True
io.github.therealtimex,3,3,True
io.github.theoddden,3,3,True
io.github.bluwork,3,3,True
io.github.b1ff,3,3,True
io.github.bluetouff,3,3,True
io.github.damdafayton,3,3,True
ai.agenticshelf,3,3,True
io.github.OrtaMarco,3,3,True
io.github.agentkitai,3,3,True
io.github.mizukaizen,3,3,True
io.github.shinpr,3,3,True
io.github.DingDawg-dev,3,3,True
io.github.Eason0in,3,3,True
io.github.tributarydata,3,3,True
io.github.imkemit-ops,3,3,True
io.github.selic,3,3,True
io.github.mcpassure,3,3,True
com.mactechsolutionsllc.www,3,3,True
io.github.telemarkdigital-publisher,3,3,True
io.github.seldonframe,3,3,True
com.datasignalslab,3,3,True
site.star365,3,3,True
io.github.giachi85it-ux,3,3,True
io.github.christianclaudio,3,3,True
io.github.tfitzgerwitness,3,3,True
io.github.Hei33enberg,3,3,True
sk.uctomost,3,3,True
io.github.usamaejaz,3,3,True
no.cantara,3,3,True
io.github.cameronrye,3,3,True
io.github.gistrec,3,3,True
io.github.seayniclabs,3,3,True
io.github.miller-joe,3,3,True
io.github.aurumflux20,3,3,True
io.github.sena-labs,3,3,True
io.github.upstash,3,3,True
io.github.vassiliylakhonin,3,3,True
io.github.teamsincetoday,3,3,True
io.github.formulahendry,3,3,True
net.dmytro-prototypes,3,3,True
io.github.igorolv,3,3,True
com.cazimedia.agentnative,3,3,True
io.github.Rajeev-Shyam,3,3,True
io.github.carbaj03,3,3,True
io.github.bnmbnmai,3,3,True
io.github.Buggy1111,3,3,True
io.github.Codeturion,3,3,True
io.github.emergent-wisdom,3,3,True
io.github.Byggarepop,3,3,True
io.github.wkoverfield,3,3,True
io.github.trigeochiral,3,3,True
io.github.SuperAngryMonkey,3,3,True
io.github.seob5285-alt,3,3,True
io.github.imjakezimmer32,3,3,True
io.github.trsdn,3,3,True
io.github.thehesiod,3,3,True
io.github.ghdejr11-beep,3,3,True
io.github.swantron,3,3,True
com.htagai,3,3,True
io.github.DioNanos,3,3,True
io.github.standardbeagle,3,3,True
io.github.snapsynapse,3,3,True
io.github.vish288,3,3,True
io.github.vuluu2k,3,3,True
io.github.beeswaxpat,3,3,True
io.github.mountainmystic,3,3,True
io.github.timescale,3,3,True
io.github.moelayyan90,3,3,True
com.iwebdevelopment,3,3,True
io.github.waddou,3,3,True
io.github.hifriendbot,3,3,True
io.github.Correctover,3,3,True
io.github.hanoak,3,3,True
io.github.Cookient16,3,3,True
io.github.u2n4,3,3,True
io.github.SemanticDataCharter,3,3,True
io.github.smaniches,3,3,True
io.github.hangeaiagent,3,3,True
ai.tunnelmind,3,3,True
io.github.hiroshic9-png,3,3,True
io.github.Creed-Space,3,3,True
io.github.slettmayer,3,3,True
io.github.sophiacave,3,3,True
io.github.souvikdu,3,3,True
io.github.microsoft,3,3,True
io.github.Patrizzos,3,3,True
ai.aislabs,3,3,True
io.github.Anselmoo,3,3,True
io.github.spences10,3,3,True
io.github.vk0dev,3,3,True
io.github.Anon2052,3,3,True
io.github.squidcode,3,3,True
io.github.PerryLink,3,3,True
ai.tachyo,3,3,True
app.sallim,3,3,True
io.github.Shangri-la-0428,3,3,True
io.github.ceedot-rock,3,3,True
io.github.evan-moon,3,3,True
app.devglow,3,3,True
io.github.socraticstatic,3,3,True
io.github.erikirby,3,3,True
io.github.slookisen,3,3,True
io.github.hoodly-agent,3,3,True
io.github.txn2,3,3,True
io.github.farukkolip,3,3,True
io.github.Aguantar,3,3,True
io.github.barissozudogru,3,3,True
io.github.ConnorBritain,3,3,True
io.github.AgiMaulana,3,3,True
io.github.fantasyce,3,3,True
io.github.PaulieB14,3,3,True
com.divineapi,3,3,True
com.kekwanu,3,3,True
io.github.barangaroo,3,3,True
io.github.g-digital-by-Garrigues,3,3,True
io.github.thomenz,3,3,True
io.github.sugukurukabe,3,3,True
io.github.mhajder,3,3,True
io.github.fasuizu-br,3,3,True
io.github.SamuelMoraesF,3,3,True
io.github.BerkantACUN,3,3,True
io.github.AdelElo13,3,3,True
io.github.blackwell-systems,3,3,True
io.github.Aimino-Tech,3,3,True
io.github.GoTolstoy,3,3,True
io.github.brkd-h1,3,3,True
com.weverpay,3,3,True
io.github.MUSE-CODE-SPACE,3,3,True
io.github.halflifezyf2680,3,3,True
io.github.bighippoman,3,3,True
io.github.skypier-jp-works,3,3,True
io.github.bawbel,3,3,True
io.github.danchev,3,3,True
io.github.vinaybhosle,3,3,True
ai.smartmemory,3,3,True
io.github.GitHub30,3,3,True
io.github.Ayo-Fam,3,3,True
io.github.Glebenjoy,3,3,True
io.github.Fisher521,3,3,True
io.github.Continuum-AI-Corp,3,3,True
io.github.sirkirby,3,3,True
cn.savantcat,3,3,True
io.github.base76-research-lab,3,3,True
io.github.entire-vc,3,3,True
io.github.Sofiia7,3,3,True
io.github.flytohub,3,3,True
io.github.scotia1973-bot,3,3,True
io.github.yifanyifan897645,3,3,True
io.github.MrRefactoring,3,3,True
dev.bubblio,3,3,True
io.github.ynishi,3,3,True
md.adsagent,3,3,True
io.github.retampweb,3,3,True
io.github.paladini,3,3,True
io.github.lazyants,3,3,True
io.github.Michael-WhiteCapData,3,3,True
io.github.dfch,3,3,True
io.github.dosev-ai,3,3,True
com.opzyai,3,3,True
io.github.Nimistu,3,3,True
io.github.cristianosantana,3,3,True
io.github.dorukardahan,3,3,True
io.github.marcorusc,3,3,True
com.theaslangroupllc.pulse,3,3,True
io.github.JacobiusMakes,3,3,True
io.github.UI5,3,3,True
io.github.joinQuantish,3,3,True
io.github.XJTLUmedia,3,3,True
io.github.rccola990-cloud,3,3,True
io.github.jonnybottles,3,3,True
io.github.Jason26214,3,3,True
io.github.cmondillo,3,3,True
io.github.achilliesbot,3,3,True
io.github.KamaruSama,3,3,True
io.imagekit,3,3,True
io.github.roomi-fields,3,3,True
io.github.ronrey,3,3,True
io.github.ThryveBaseline,3,3,True
io.github.levelsofself,3,3,True
io.github.Inferensys,3,3,True
io.github.copyleftdev,3,3,True
io.github.MongLong0214,3,3,True
io.github.oscarlopez-gif,3,3,True
com.biodnd,3,3,True
io.autosophia,3,3,True
io.github.noahgift,3,3,True
io.github.ariaxhan,3,3,True
io.github.clouatre-labs,3,3,True
io.github.neilberkman,3,3,True
io.github.oxgeneral,3,3,True
io.github.IvanBBaev,3,3,True
io.github.Ivansky1,3,3,True
io.github.jfortier93,3,3,True
io.github.KevinRabun,3,3,True
com.ogenalabs,3,3,True
capital.hove,3,3,True
io.github.richardofortune,3,3,True
io.github.nithishr,3,3,True
com.scopeblind,3,3,True
io.github.detailobsessed,3,3,True
io.github.praveenc,3,3,True
io.github.Whitemarmot,3,3,True
io.github.VictoriaMetrics,3,3,True
io.github.proprock,3,3,True
io.github.kcofoni,3,3,True
io.github.perforce,3,3,True
eu.voxs,3,3,True
io.github.antnewman,3,3,True
io.github.andypgray,3,3,True
io.github.kozmos-tech,3,3,True
io.github.koynlabs,3,3,True
io.github.comil27,3,3,True
com.makeupar,3,3,True
io.github.kodandy,3,3,True
io.github.LovRanRan,3,3,True
io.github.JustinBeckwith,3,3,True
io.github.kiki830621,3,3,True
io.github.nicofains1,3,3,True
io.github.NORTHTEKDevs,3,3,True
io.github.NOTTIBOY137,3,3,True
io.github.majrdotapp,3,3,True
io.github.zoharbabin,3,3,True
io.github.annibale-x,3,3,True
io.github.provydon,3,3,True
io.github.Muvon,3,3,True
io.github.dhardestylewis,3,3,True
io.github.absharma9796,3,3,True
io.github.payclaw,3,3,True
io.github.pcmedsinge,3,3,True
io.github.yusong652,3,3,True
io.github.raditotev,3,3,True
io.github.yuvalsuede,3,3,True
io.github.justinwilliames,3,3,True
io.github.mapbox,3,3,True
io.github.apifymcpfactory-droid,3,3,True
io.github.quantumskils-arch,3,3,True
io.github.pduggusa,3,3,True
io.github.Vaquill-AI,3,3,True
io.github.JohannsenLum,3,3,True
io.github.jztan,3,3,True
io.github.zapnikita95,3,3,True
dev.veritap,3,3,True
io.github.zzzjy765,3,3,True
io.github.zayansalman,3,3,True
io.github.WimSuenens,3,3,True
com.powmcp,3,3,True
com.predictionmarketspicks,3,3,True
io.github.krystiangw,3,3,True
io.github.zcag,3,3,True
io.capawesome,3,3,True
io.github.kira-autonoma,3,3,True
io.github.isakskogstad,3,3,True
io.github.davidweb3-ctrl,3,3,True
io.github.sairam0424,3,3,True
ai.autoblocks,3,3,True
io.github.almostjacked,3,3,True
io.github.atakanelik34,3,3,True
io.github.myanptl,3,3,True
io.github.omniologynow-rgb,3,3,True
io.github.oneill9,3,3,True
io.github.maxbeech,3,3,True
io.neruva,3,3,True
io.github.06ketan,3,3,True
io.github.eason4kim-rocket,3,3,True
dev.forgesworn,3,3,True
io.github.atk1-eng,3,3,True
io.github.n-3inc,3,3,True
io.github.n0zer0d4y,3,3,True
io.github.ciinkwia,3,3,True
io.github.The-40-Thieves,3,3,True
io.github.musaddiq-dev,3,3,True
io.github.earonesty,3,3,True
io.github.ohad6k,3,3,True
io.github.alexey-pelykh,3,3,True
io.form,3,3,True
us.inversolabs,3,3,True
io.github.sapph1re,3,3,True
io.github.lxxmng,3,3,True
kr.eocpa,3,3,True
io.github.ipezygj,3,3,True
io.github.Misar-AI,3,3,True
io.github.sammyboi81,3,3,True
io.github.MisfitMEdiAhouse,3,3,True
io.github.nyuchi,3,3,True
io.github.MissPris2023,3,3,True
io.engineeringleaders,3,3,True
com.acjlabs,3,3,True
support.recursive,3,3,True
com.spocont,3,3,True
io.github.muhammetali,3,3,True
io.github.inhuman,3,3,True
io.github.ligafew,3,3,True
io.github.mspstack,3,3,True
io.github.nowork-studio,3,3,True
io.github.woyaxnini,3,3,True
io.github.scope-bid,3,3,True
io.github.0xsims,3,3,True
io.github.KyaniteLabs,3,3,True
com.marketcheck,3,3,True
io.github.lulzasaur9192,3,3,True
io.github.den-indance,3,3,True
io.github.KryptosAI,3,3,True
io.github.Kotaro-Studio,3,3,True
io.github.IgorGanapolsky,3,3,True
io.github.HeyZod,3,3,True
io.github.ruvnet,3,3,True
io.phoslabs,2,2,False
io.github.KairosMobius,2,2,False
io.github.foomworks,2,2,False
io.github.MarvinRey7879,2,2,False
io.github.ExposureGuard,2,2,False
io.github.KaiErikNiermann,2,2,False
io.github.Liohtml,2,2,False
io.github.fbossiere,2,2,False
io.github.daidaiJ,2,2,False
io.github.dearlordylord,2,2,False
io.github.tufantunc,2,2,False
io.github.veritylabsai,2,2,False
io.github.zoster81,2,2,False
io.github.varun29ankuS,2,2,False
io.github.davet47,2,2,False
io.github.varaprasadreddy9676,2,2,False
io.github.cyyprezz,2,2,False
com.cymetica,2,2,False
io.github.dinesh-nalla-se,2,2,False
io.github.vantioai,2,2,False
io.github.vanshulgoyal101,2,2,False
io.gjalla,2,2,False
io.github.vdineshk,2,2,False
io.github.deapi-ai,2,2,False
com.actablesite,2,2,False
io.github.dcostenco,2,2,False
com.alternativeassetliteracy,2,2,False
io.github.EvidInvest,2,2,False
io.github.deBilla,2,2,False
io.github.LeonTing1010,2,2,False
io.github.feedoracle,2,2,False
io.github.vdalhambra,2,2,False
io.github.dcadolph,2,2,False
io.github.digitalgremlin,2,2,False
io.github.felixAnhalt,2,2,False
io.github.fortuneflick,2,2,False
co.gemina,2,2,False
io.github.vasilicasijarvis,2,2,False
io.github.feder-cr,2,2,False
io.github.LocalSynapse,2,2,False
io.github.KSAklfszf921,2,2,False
io.github.digitalweb33333-creator,2,2,False
io.github.felixgeelhaar,2,2,False
com.24haowan,2,2,False
io.github.Explorer-64,2,2,False
com.allratestoday,2,2,False
io.github.verbart,2,2,False
com.abutly,2,2,False
io.github.tschoonj,2,2,False
com.amortlane,2,2,False
io.github.Koneisto,2,2,False
com.damagerestorehq,2,2,False
io.github.devznsh,2,2,False
io.github.dewtech-technologies,2,2,False
io.idntty,2,2,False
io.github.uchit,2,2,False
com.aioproductos,2,2,False
io.github.Dominic-DK,2,2,False
io.memorysync,2,2,False
io.github.MarkNicholls,2,2,False
io.github.Kevinx702,2,2,False
io.github.LBarimi,2,2,False
io.github.flujo-app,2,2,False
io.github.dave1362,2,2,False
com.deepmapai,2,2,False
io.github.LGDiMaggio,2,2,False
io.github.flukeatzerocool,2,2,False
io.github.delimit-ai,2,2,False
io.github.Khavel,2,2,False
com.aiengineerprofessional,2,2,False
io.github.uantum,2,2,False
io.github.fkom13,2,2,False
io.github.fliptheweb,2,2,False
io.github.DownAtTheBottomOfTheMoleHole,2,2,False
io.github.dev-prathap,2,2,False
io.github.dev55acc-ai,2,2,False
io.intesta,2,2,False
io.github.flovoice53-tech,2,2,False
io.github.ugur-murat-alt,2,2,False
io.github.unitedideas,2,2,False
io.github.ECD5A,2,2,False
io.github.ufhouck,2,2,False
io.github.unmateria,2,2,False
io.github.udah1,2,2,False
io.maindex,2,2,False
com.digitalpublic,2,2,False
io.github.unnamedaiagent,2,2,False
io.github.delicious28,2,2,False
io.github.flumpiey,2,2,False
io.github.dheerajjha,2,2,False
io.github.flyfish-dev,2,2,False
io.github.useternai,2,2,False
com.402rates,2,2,False
io.github.Liyuan1992,2,2,False
io.github.EllisMorrow,2,2,False
io.github.LeandroPG19,2,2,False
io.github.Kosta1985,2,2,False
io.github.Kali123411,2,2,False
io.github.MarcelRoozekrans,2,2,False
io.github.Embassy-of-the-Free-Mind,2,2,False
io.github.twzrd-sol,2,2,False
io.github.LembaGang,2,2,False
io.github.ManyContacts,2,2,False
io.github.vaaraio,2,2,False
io.github.vahtel,2,2,False
io.github.turbyho,2,2,False
io.github.finsavvyai,2,2,False
com.aitwire,2,2,False
io.github.ura-tools,2,2,False
io.github.MarcinDudekDev,2,2,False
com.decionis,2,2,False
co.encorehq,2,2,False
io.github.urbanmorph,2,2,False
io.github.us,2,2,False
io.neosyn,2,2,False
io.github.KenosInc,2,2,False
io.github.Docat0209,2,2,False
com.adrianhomelab,2,2,False
io.github.Latimer-Woods-Tech,2,2,False
io.github.dfieser,2,2,False
com.adcritter,2,2,False
io.github.dgahagan,2,2,False
io.github.tytutueh13-sudo,2,2,False
io.github.dgenio,2,2,False
com.davisvillelabs,2,2,False
com.capanix,2,2,False
io.github.JohnBilousov,2,2,False
io.github.verivus-oss,2,2,False
io.github.xkumakichi,2,2,False
io.github.wei,2,2,False
io.github.dumbspacecookie,2,2,False
com.bluecat,2,2,False
io.github.danielarif26,2,2,False
io.github.daredoole,2,2,False
io.github.wende,2,2,False
io.github.xnjiang,2,2,False
io.github.werebear73,2,2,False
io.github.xmpuspus,2,2,False
io.github.GregDog,2,2,False
io.github.darkmatter-hub,2,2,False
io.github.westvegh,2,2,False
io.github.eminegurcu,2,2,False
io.github.IgniteUI,2,2,False
io.github.Idle-Sync,2,2,False
io.github.whdrnr2583-cmd,2,2,False
io.github.IcyHot09,2,2,False
io.github.wheelerhubbell,2,2,False
io.github.whisper-sec,2,2,False
io.github.white-hat-lab,2,2,False
com.clauselane,2,2,False
io.github.DevsHero,2,2,False
io.github.datasynx,2,2,False
io.github.dsbissett,2,2,False
io.github.eoylab,2,2,False
io.github.yaotsakpo,2,2,False
io.github.IntelagentStudios,2,2,False
com.binstockly,2,2,False
io.sslip.244.153.73.34.insidermcp,2,2,False
io.github.dasasian,2,2,False
io.github.wazionapps,2,2,False
io.github.darshjoshi,2,2,False
io.github.MR901,2,2,False
io.github.Influship,2,2,False
io.github.IndigoProtocol,2,2,False
com.bitsbound,2,2,False
com.bizgigz,2,2,False
io.github.xyzzylabs,2,2,False
io.github.webberdesign,2,2,False
io.github.Goingparabolic,2,2,False
co.thinair,2,2,False
io.github.Goldentrii,2,2,False
com.blacklabeltec,2,2,False
com.blackwalltier,2,2,False
com.chibitek,2,2,False
io.github.HMAKT99,2,2,False
io.github.MIt9,2,2,False
io.github.woladi,2,2,False
io.github.x-monk,2,2,False
io.github.x-hannibal,2,2,False
io.github.ejentum,2,2,False
com.burdenrateledger,2,2,False
io.github.dann26parr69,2,2,False
io.github.HayoDev,2,2,False
io.github.MCFLAMINGO,2,2,False
io.github.wmmg101,2,2,False
io.github.wmujahid428-web,2,2,False
io.github.wyattpalm2-eng,2,2,False
io.github.danielpopamd,2,2,False
io.github.HuangGoodmanAgency,2,2,False
io.github.edgarfloresguerra2011-a11y,2,2,False
io.github.edgeedgehq,2,2,False
com.cafmlane,2,2,False
io.github.writerslogic,2,2,False
com.californiacarquotes,2,2,False
com.carbikly,2,2,False
co.pixelcove,2,2,False
io.github.woodydaniel,2,2,False
io.github.withvibe,2,2,False
io.github.x402-video,2,2,False
io.github.withinfocus,2,2,False
io.github.x51xxx,2,2,False
io.github.dynatrace-oss,2,2,False
io.github.xiaolai,2,2,False
io.github.wildsurfer,2,2,False
io.sentinelsignal,2,2,False
com.braincloudservers,2,2,False
io.github.HYPD-AI,2,2,False
io.github.IO31-WEB,2,2,False
com.breakerdesk,2,2,False
io.github.dappros,2,2,False
io.github.Lyellr88,2,2,False
io.github.eaisdevelopment,2,2,False
io.github.eamwhite1,2,2,False
io.github.elisymlabs,2,2,False
io.github.easingthemes,2,2,False
io.github.eliottreich,2,2,False
io.github.elevasyncsolutions-jpg,2,2,False
io.github.winter0x,2,2,False
io.github.wisdomrock,2,2,False
io.github.MCPVOT,2,2,False
co.valid,2,2,False
io.github.GhostlyGawd,2,2,False
io.github.ItsMalware,2,2,False
io.github.John0King,2,2,False
io.github.djtellado,2,2,False
io.github.FixtureForge,2,2,False
io.github.Fizzl13,2,2,False
com.considus,2,2,False
com.archerionlabs,2,2,False
com.consentvia,2,2,False
io.github.ezumba,2,2,False
io.github.zekerutledge,2,2,False
io.github.LuSrodri,2,2,False
io.github.JoernBerkefeld,2,2,False
io.github.damoqiongqiu,2,2,False
io.github.vinhphatfsg,2,2,False
io.github.JoeSRQ,2,2,False
io.github.do-droid,2,2,False
io.github.FlorianBruniaux,2,2,False
io.github.virgilvox,2,2,False
io.github.Jing7ao,2,2,False
io.github.JinNing6,2,2,False
io.github.Forge-Space,2,2,False
io.github.FormatixAI,2,2,False
io.github.zero-abd,2,2,False
io.github.Fish-Tacos,2,2,False
io.github.fabienfrfr,2,2,False
com.apyhub,2,2,False
io.github.verixiaapps,2,2,False
io.github.faulkj,2,2,False
io.github.zkp2p,2,2,False
io.github.Fabsbags,2,2,False
io.github.dinosaur24,2,2,False
io.github.zikriz,2,2,False
io.github.vfa-khuongdv,2,2,False
com.coshhvo,2,2,False
coach.marian,2,2,False
io.github.JoyTruepath,2,2,False
io.github.fashionmascherine-svg,2,2,False
io.github.zhowe-designs,2,2,False
io.github.zhitongblog,2,2,False
com.appealgo,2,2,False
io.github.victorlane,2,2,False
io.github.Filnith,2,2,False
io.github.dizzyvinci,2,2,False
io.github.Fino-wind,2,2,False
io.github.zerohourzulu,2,2,False
io.github.ex3lite,2,2,False
io.github.Jiansen,2,2,False
io.github.dreliq9,2,2,False
io.github.JSONbored,2,2,False
io.github.esfih,2,2,False
io.github.esaio,2,2,False
io.github.vorluno,2,2,False
io.github.Galanai,2,2,False
io.github.MadeOnSol,2,2,False
io.github.Jackalope-Dev,2,2,False
io.github.Garl-Protocol,2,2,False
io.github.Jack-mi,2,2,False
io.github.douglac,2,2,False
io.github.yokingma,2,2,False
io.github.zaebee,2,2,False
io.github.dovahkiin-v,2,2,False
io.github.vybenetwork,2,2,False
io.github.MachuraHarry,2,2,False
io.github.dowant,2,2,False
io.github.JKHeadley,2,2,False
io.github.wagamama,2,2,False
com.batesio,2,2,False
io.github.Maarmapa,2,2,False
io.github.epistemedeus,2,2,False
com.clientvo,2,2,False
io.github.donnywin85,2,2,False
io.github.voidly-ai,2,2,False
io.github.JarvisOnM4,2,2,False
io.github.eugenregehr,2,2,False
com.coildesk,2,2,False
io.github.dogrucanemek-alt,2,2,False
com.attestroom,2,2,False
com.attestvio,2,2,False
io.github.yuv24793,2,2,False
io.github.vladkarpman,2,2,False
io.github.yuna0x0,2,2,False
io.github.yumaheymans,2,2,False
com.cmmsly,2,2,False
io.github.vnbochkarev-netizen,2,2,False
io.github.GRU-953,2,2,False
io.github.JayOfemi,2,2,False
io.github.JasonColapietro,2,2,False
io.github.donggyun112,2,2,False
com.clipboardo,2,2,False
io.github.yubinkim444,2,2,False
io.github.yubinbin32-ops,2,2,False
io.github.GT-dinuo,2,2,False
io.github.xt765,2,2,False
io.github.Drock91,2,2,False
io.github.DeviceIngineering,2,2,False
io.github.juh5ng,2,2,False
io.github.kandikandikandi,2,2,False
io.github.ptyagiegnyte,2,2,False
io.github.ptrinh,2,2,False
io.github.pscale-commons,2,2,False
io.github.kapillamba4,2,2,False
io.github.kapoost,2,2,False
io.github.karanb192,2,2,False
com.proscendia,2,2,False
io.github.priyankark,2,2,False
io.github.kcw2034-sayouzone,2,2,False
com.pythonanywhere.cryptopulse,2,2,False
eu.projektionisten,2,2,False
eu.mmatinca,2,2,False
eu.madeinro,2,2,False
io.github.ketherworks,2,2,False
io.github.puglieseweb,2,2,False
io.github.kaitzyy-dev,2,2,False
fr.edivia,2,2,False
io.github.justuncase1210-del,2,2,False
io.github.julianbei,2,2,False
com.pilot.meridian,2,2,False
io.github.r3dz4r,2,2,False
io.github.justadityaraj,2,2,False
io.github.qwertymuzaffar,2,2,False
io.github.quwentao2005,2,2,False
io.github.jwulff,2,2,False
io.github.kaitoInfra,2,2,False
io.github.quantumproxies,2,2,False
io.github.jxoesneon,2,2,False
com.policylayer,2,2,False
com.politicalcomms,2,2,False
io.github.kaditang,2,2,False
io.github.qmediat,2,2,False
io.github.pranciskus,2,2,False
io.github.pquattro,2,2,False
eu.cuttingtoolsai,2,2,False
io.github.pedroknigge,2,2,False
io.github.kroq86,2,2,False
io.github.pepesto-solutions,2,2,False
io.github.peopleworks,2,2,False
io.github.penny4nonsense,2,2,False
io.github.krupalghori44-dev,2,2,False
io.github.pedrot95dev,2,2,False
io.github.pdeloulay,2,2,False
io.github.koraynar,2,2,False
io.github.pdaxt,2,2,False
io.github.kulybaba,2,2,False
io.github.kumarprobeops,2,2,False
io.github.kumoproductions,2,2,False
io.github.paxton888,2,2,False
io.github.pasichDev,2,2,False
io.github.krnzt,2,2,False
io.github.philmccarty,2,2,False
io.github.khadinakbaronline,2,2,False
io.github.plagtech,2,2,False
io.github.khalidsaidi,2,2,False
io.github.khaoss85,2,2,False
io.github.kimnchai,2,2,False
io.github.pofky,2,2,False
io.github.kioie,2,2,False
io.github.plus8bit,2,2,False
io.github.pkolawa,2,2,False
io.github.phuongddx,2,2,False
io.github.klarlabs-studio,2,2,False
dev.wraps,2,2,False
io.github.pineforge-4pass,2,2,False
io.github.pinchwork,2,2,False
io.github.piiiico,2,2,False
io.github.pierre3,2,2,False
ge.meni,2,2,False
io.github.rafsilva85,2,2,False
io.github.jamesmontemagno,2,2,False
io.github.jtalk22,2,2,False
io.github.jaymiller-cmg,2,2,False
io.github.rogermsc,2,2,False
io.github.robot-resources,2,2,False
io.arcaeon,2,2,False
io.github.jeanlopezxyz,2,2,False
io.github.robdomain,2,2,False
io.github.jeff-nasseri,2,2,False
io.github.rmartins1451,2,2,False
io.github.jessedu29260-netizen,2,2,False
io.github.rjn32s,2,2,False
io.github.rje1974,2,2,False
io.github.rizwanqsf-sketch,2,2,False
io.agentage,2,2,False
io.github.rison1337,2,2,False
io.github.jfarcand,2,2,False
io.github.jayjodev,2,2,False
com.newyorkautoquotes,2,2,False
io.github.romainsantoli-web,2,2,False
io.github.rozetyp,2,2,False
io.github.jamiew,2,2,False
io.github.rudranaresh0201,2,2,False
io.github.rudimentall1,2,2,False
io.github.janishiestand,2,2,False
io.github.rubato103,2,2,False
com.namubase.searchlink,2,2,False
io.github.jasoncbraatz,2,2,False
com.nevadaautoquotes,2,2,False
io.github.rosch100,2,2,False
io.github.jasonwilbur,2,2,False
com.netmon,2,2,False
com.neuhausre,2,2,False
io.github.javalenciacai,2,2,False
com.neuronto,2,2,False
io.github.jgalea,2,2,False
io.github.jghiringhelli,2,2,False
io.github.richer-richard,2,2,False
io.github.josephibra,2,2,False
io.github.johnInarti,2,2,False
io.github.johnsmalls22-rgb,2,2,False
io.github.jojo-labs,2,2,False
io.github.rchanllc,2,2,False
io.github.jonradoff,2,2,False
io.github.jorgell23-sys,2,2,False
io.github.joshuaworth,2,2,False
il.co.finly,2,2,False
io.github.jpka,2,2,False
io.github.raphysicst-create,2,2,False
io.github.js713-lab,2,2,False
io.github.ralfbecher,2,2,False
io.github.rajdeepmondaldotcom,2,2,False
io.github.raintree-technology,2,2,False
io.github.john-broadway,2,2,False
io.github.renezander030,2,2,False
io.github.jiankn,2,2,False
io.github.jkbngb,2,2,False
com.oklahomaautoquotes,2,2,False
io.github.richard-kim-79,2,2,False
io.github.rich-jojo,2,2,False
io.github.ribato22,2,2,False
io.github.jkakar,2,2,False
io.github.rezearcher,2,2,False
io.github.revolutionarybukhari,2,2,False
in.elytron,2,2,False
io.github.revolist,2,2,False
in.xavio,2,2,False
io.github.jmcentire,2,2,False
io.github.jmrplens,2,2,False
in.fastdb.md,2,2,False
io.github.jmthomasofficial,2,2,False
io.github.labstack,2,2,False
com.scrapeunblocker,2,2,False
dev.smartergpt,2,2,False
com.scripthaul,2,2,False
io.github.matiasbattocchia,2,2,False
io.github.nach-dakwale,2,2,False
io.github.n3wth,2,2,False
io.github.maxi-moss,2,2,False
io.github.mutonby,2,2,False
io.github.mayer-code,2,2,False
io.github.mayeu20,2,2,False
com.traderwai,2,2,False
io.github.munimtechnologies,2,2,False
io.github.mbeato,2,2,False
io.github.mcfredrick,2,2,False
io.github.msanchezgrice,2,2,False
io.github.mcpsmiths,2,2,False
io.github.mrorigo,2,2,False
io.github.mrmaciej1,2,2,False
io.github.mastrophot,2,2,False
io.github.narumiruna,2,2,False
de.brunosan,2,2,False
io.github.makloai,2,2,False
io.github.ninefiveonefive,2,2,False
io.github.nimish14,2,2,False
io.github.nikships,2,2,False
io.github.magna-nz,2,2,False
io.github.magpiecapital,2,2,False
io.github.major,2,2,False
io.github.makririch,2,2,False
io.github.maryadawson-code,2,2,False
com.texasautoquotes,2,2,False
dev.1pass,2,2,False
io.github.marianfoo,2,2,False
io.github.negm17111995,2,2,False
io.github.marras0914,2,2,False
io.github.navshainc,2,2,False
com.trycloudflare.candy-josh-writers-balance,2,2,False
com.trycloudflare.clients-involving-billion-headers,2,2,False
io.github.mrgulshanyadav,2,2,False
io.github.mister-franklin,2,2,False
io.github.michal-lefler,2,2,False
io.github.michielinksee,2,2,False
io.github.michu5696,2,2,False
io.github.mickeyappol-create,2,2,False
io.github.mjaskolski,2,2,False
io.github.mitchellOpZero,2,2,False
io.github.mishrasanjeev,2,2,False
com.vectorpanda,2,2,False
com.wa-campaigns,2,2,False
com.vibgrate,2,2,False
io.github.mikeslone,2,2,False
io.github.minjikim89,2,2,False
com.vigotime,2,2,False
com.voice-school,2,2,False
io.github.michaelyousrie,2,2,False
io.github.michaelw-pr,2,2,False
io.github.mrfqcentic,2,2,False
io.github.morebetterclaw,2,2,False
com.trycloudflare.urgent-clean-occupied-catalogs,2,2,False
com.tulimoa,2,2,False
io.github.mova-compact,2,2,False
com.wyrdmcp,2,2,False
io.github.meharajM,2,2,False
com.twelvepermissions,2,2,False
com.wizerapi,2,2,False
io.github.mlava,2,2,False
io.github.meob,2,2,False
io.github.meszarosjan,2,2,False
io.github.mnemox-ai,2,2,False
io.github.mnemom,2,2,False
io.github.miapre,2,2,False
io.github.mlorentedev,2,2,False
dev.bitbybit,2,2,False
io.github.nirajagarwal,2,2,False
com.symbaiex.www,2,2,False
io.github.orbotshq,2,2,False
io.github.oscardvs,2,2,False
io.github.osauer,2,2,False
io.github.lexsocket,2,2,False
io.github.orieg,2,2,False
io.github.oreillymedia,2,2,False
com.signalaf,2,2,False
io.github.libtmux,2,2,False
com.shipshapedata,2,2,False
io.github.licklider-ai,2,2,False
com.simplefeed,2,2,False
io.github.optipub,2,2,False
io.github.optimizer668,2,2,False
io.github.lightningfaucet,2,2,False
com.sketchxflow,2,2,False
com.shonanfarm,2,2,False
dev.plugrail,2,2,False
io.github.linhnnmt,2,2,False
dev.riskprofiler,2,2,False
com.seanwinslow,2,2,False
dev.seekrit,2,2,False
io.github.paperandbeyond23-gif,2,2,False
io.github.panth-net,2,2,False
io.github.pamela-0,2,2,False
io.github.palveron,2,2,False
dev.repowise,2,2,False
io.github.leonidahqadmin-cell,2,2,False
io.github.paarths-collab,2,2,False
io.github.p-l-ta,2,2,False
com.sgpdirectory,2,2,False
io.github.lennney,2,2,False
io.github.leocelis,2,2,False
io.github.leonardosepulvedat,2,2,False
io.github.openaccountants,2,2,False
com.smartbear,2,2,False
io.github.mack-peng,2,2,False
io.github.nrwl,2,2,False
io.github.loved0543-dotcom,2,2,False
io.github.lozit,2,2,False
dev.forestrie,2,2,False
io.github.lqwdtech,2,2,False
io.github.lu-zhengda,2,2,False
io.github.luarss,2,2,False
io.github.lucle87,2,2,False
io.github.okwithit9-debug,2,2,False
io.github.luffysolution-svg,2,2,False
dev.desvela,2,2,False
io.github.lvlrSajjad,2,2,False
io.github.nogoo9,2,2,False
com.super-log,2,2,False
dev.classifier,2,2,False
io.github.odaiin,2,2,False
com.southlondonscientific,2,2,False
io.github.open-and-sustainable,2,2,False
io.github.omer907,2,2,False
com.smirnovlabs,2,2,False
io.github.ooples,2,2,False
io.github.litportnet,2,2,False
io.github.onetapstudiogames,2,2,False
io.github.littlebearapps,2,2,False
io.github.oneprofile-dev,2,2,False
io.github.omega-memory,2,2,False
io.github.oleksii-donets,2,2,False
io.github.ljcl,2,2,False
dev.lastseen,2,2,False
io.github.olk,2,2,False
io.github.lm203688,2,2,False
io.github.oliverhruby,2,2,False
io.github.lmaniraruta,2,2,False
io.github.jamesrez,2,2,False
io.github.rupinder2,2,2,False
io.github.francofuji,2,2,False
io.github.gogogadgetbytes,2,2,False
io.github.szhygulin,2,2,False
io.github.syrian963,2,2,False
io.github.sypherin,2,2,False
io.github.Black-Swan-Causal-Labs,2,2,False
io.github.BitmapAsset,2,2,False
io.github.greenmtnsun,2,2,False
io.github.gregcastro23,2,2,False
io.github.Bikram2112,2,2,False
io.github.swnotmetal,2,2,False
io.github.swisspra,2,2,False
io.github.surendranb,2,2,False
io.github.grtwo-jcansler,2,2,False
io.github.grulex,2,2,False
io.github.Battam1111,2,2,False
io.github.superlowburn,2,2,False
io.github.Bluecraft-AI,2,2,False
io.github.t4dhg,2,2,False
io.github.gowtham0992,2,2,False
io.github.targeteddesignagency-blip,2,2,False
io.github.gokimedia,2,2,False
io.github.tathagat22,2,2,False
io.github.BuyWhere,2,2,False
io.github.BurtTheCoder,2,2,False
io.github.tarunlnmiit,2,2,False
com.geiant,2,2,False
com.georgiaautoquotes,2,2,False
io.github.gowrishankar-infra,2,2,False
io.github.taneron,2,2,False
com.get-obra,2,2,False
io.github.googleapis,2,2,False
io.github.gordonkjlee,2,2,False
io.github.takiguchi-yu,2,2,False
io.github.BoxLab-Ltd,2,2,False
io.github.superlcr,2,2,False
io.github.gudlab,2,2,False
com.golproductions,2,2,False
io.github.harshmaur,2,2,False
io.github.starnikovoleg,2,2,False
com.healthai,2,2,False
io.github.hardeyhemy,2,2,False
io.github.stagproject,2,2,False
io.github.stabgan,2,2,False
io.github.sstklen,2,2,False
io.github.ArturLys,2,2,False
io.github.stefanoamorelli,2,2,False
io.github.sseshachala,2,2,False
io.github.srprasanna,2,2,False
io.github.srivastsh,2,2,False
io.github.hashgraph-online,2,2,False
io.github.srimisra,2,2,False
com.hirosecure,2,2,False
io.github.hampsterx,2,2,False
com.hakuto-0209,2,2,False
io.github.sukrutkrdg,2,2,False
io.github.Autonomy-Labs-Tech,2,2,False
io.github.sudzikcoin,2,2,False
io.github.sudomichael,2,2,False
io.github.gustavoatar,2,2,False
io.github.subodhkc,2,2,False
io.github.stufently,2,2,False
com.grafomem,2,2,False
io.github.haiiibin,2,2,False
io.github.stelis-dev,2,2,False
io.github.stevebutterworth,2,2,False
io.github.stephensmitchell,2,2,False
io.github.Atypical-Consulting,2,2,False
com.guruhotel,2,2,False
com.guruwalk,2,2,False
io.github.hal9ai,2,2,False
io.github.CAST-Extend,2,2,False
io.github.CE-RISE-software,2,2,False
io.github.james-robson,2,2,False
io.github.COSAI-Labs,2,2,False
com.eorcompass,2,2,False
io.github.tombaldwin,2,2,False
io.github.gambadio,2,2,False
io.github.DIDA-AI,2,2,False
io.github.tolenonetwork,2,2,False
io.github.gaopengbin,2,2,False
io.github.CynaCons,2,2,False
io.github.garagon,2,2,False
io.github.CueCrux,2,2,False
io.github.tj-smith47,2,2,False
com.expandingweb,2,2,False
io.github.tixuz,2,2,False
io.github.tiptreesystems,2,2,False
com.ezbizservices,2,2,False
io.github.tinhien11,2,2,False
io.github.Dailyaiagents,2,2,False
io.github.toolstem,2,2,False
io.github.futuresearch,2,2,False
io.github.furkan708,2,2,False
io.github.trondbjoroy,2,2,False
io.github.trickyfalcon,2,2,False
io.github.travisbergen2,2,2,False
io.github.frndchagas,2,2,False
io.github.tracegazer,2,2,False
io.github.tourmind-com,2,2,False
io.github.Dankaro-projects,2,2,False
io.github.topness-msft,2,2,False
io.github.tosin2013,2,2,False
com.energyaisolution,2,2,False
com.engagedviews,2,2,False
io.github.DanceNitra,2,2,False
io.github.toreva,2,2,False
io.github.DanKaten,2,2,False
io.github.geekmarine,2,2,False
io.github.CraftyCrow-Co,2,2,False
io.github.genecell,2,2,False
io.github.tencent-lexiang,2,2,False
io.github.ChristopherDavenport,2,2,False
io.github.Choppaaahh,2,2,False
io.github.ChloePark85,2,2,False
io.github.Cherridsaid,2,2,False
io.github.teodorofodocrispin-cmyk,2,2,False
io.github.ChanMeng666,2,2,False
com.foundry-mcp,2,2,False
com.flightpowers,2,2,False
io.github.Carlos-VLab,2,2,False
io.github.gkmex75,2,2,False
io.github.Capmus-Team,2,2,False
io.github.CapMonsterCloud,2,2,False
com.freshypenguin,2,2,False
io.github.tcconnally,2,2,False
io.github.theSharque,2,2,False
io.github.giancarloerra,2,2,False
io.github.tidewave-ai,2,2,False
com.fidacy,2,2,False
io.github.Couchbase-Ecosystem,2,2,False
io.github.CorantGmbH,2,2,False
io.github.thuupx,2,2,False
io.github.thomasjumper,2,2,False
io.github.Compuute,2,2,False
io.github.Company-Gibraltar,2,2,False
io.github.ColinHughes2121,2,2,False
com.flautoquotes,2,2,False
io.github.CognitiveCoreAI,2,2,False
io.github.getgapup,2,2,False
com.finchnode,2,2,False
com.findagencyhq,2,2,False
com.firmtape,2,2,False
io.github.Clawdio777,2,2,False
io.github.sriinnu,2,2,False
io.github.srclight,2,2,False
com.homecoverhq,2,2,False
io.github.spranab,2,2,False
io.github.45b6sm69tr-ops,2,2,False
io.github.sendsoon,2,2,False
io.github.3esign,2,2,False
io.github.sekera-radim,2,2,False
io.github.seekdaseek,2,2,False
io.github.263311487-ux,2,2,False
io.github.securecoders,2,2,False
io.github.industrial-aiops,2,2,False
io.github.seanmeverett,2,2,False
io.github.infino-ai,2,2,False
io.github.sean-park-funda,2,2,False
io.github.infraveilhq,2,2,False
io.github.1337mofo,2,2,False
io.github.scott2121,2,2,False
io.github.scka-de,2,2,False
com.lowtoxgear,2,2,False
io.github.imattau,2,2,False
io.github.sergelogvinov,2,2,False
io.github.ABTdomain,2,2,False
io.github.APProj,2,2,False
io.github.idragulin,2,2,False
io.github.AImplifier,2,2,False
io.github.AION-Analytics,2,2,False
io.github.shalevshalit,2,2,False
io.github.AIDataNordic,2,2,False
io.github.ihen404,2,2,False
io.github.78degrees,2,2,False
io.github.ikoskela,2,2,False
io.github.930m310n,2,2,False
io.github.89rat,2,2,False
io.github.setheerwagen,2,2,False
io.github.ilpr,2,2,False
io.github.sethbang,2,2,False
io.github.0xbrainkid,2,2,False
io.github.scarletkc,2,2,False
io.github.sbroenne,2,2,False
io.github.izzzzzi,2,2,False
io.github.islobodan,2,2,False
io.github.itpofy2024o,2,2,False
io.github.saloprj,2,2,False
io.github.saksham-gagneja-indxx,2,2,False
com.mino-yakking,2,2,False
com.missingmcp,2,2,False
io.github.j-256,2,2,False
io.github.isdaniel,2,2,False
com.mnemopay,2,2,False
io.github.sachitrafa,2,2,False
io.github.rzlco666,2,2,False
com.moosejudge,2,2,False
io.github.jackmmaher,2,2,False
com.mudko,2,2,False
io.github.sandbaseai,2,2,False
io.flurryport,2,2,False
io.github.0xDanielLopez,2,2,False
io.github.sarduine13-star,2,2,False
io.github.saybanet,2,2,False
io.github.savecharlie,2,2,False
io.github.invertedhoologan,2,2,False
io.github.sathya-sankaran,2,2,False
com.mcpgatepro,2,2,False
io.github.sarveshsea,2,2,False
io.github.iqingyoung,2,2,False
io.github.sandsower,2,2,False
io.github.sapuyou45-bit,2,2,False
io.github.sapiom,2,2,False
io.github.sapientsai,2,2,False
com.medigami,2,2,False
io.github.irmasemma,2,2,False
io.fusionauth,2,2,False
io.github.APonkratov,2,2,False
com.lazyweb,2,2,False
com.lastminutedealshq,2,2,False
io.github.hifarrer,2,2,False
io.github.Anioko,2,2,False
com.imnoo,2,2,False
io.github.AnglerfishChess,2,2,False
io.github.AndrewVG23,2,2,False
io.github.heznpc,2,2,False
io.github.sns45,2,2,False
io.github.hlgurgel,2,2,False
io.github.sonpiaz,2,2,False
io.github.hmesutozsoy,2,2,False
io.github.smbcloudXYZ,2,2,False
io.github.holco-apps,2,2,False
io.github.smarterweather,2,2,False
com.jamesrosingmd,2,2,False
io.github.slshults,2,2,False
io.github.hermes-labs-ai,2,2,False
com.imbawallet,2,2,False
io.github.hongnoul,2,2,False
io.github.soyeladice-svg,2,2,False
io.github.heidihelena,2,2,False
io.github.helloaigent-dev,2,2,False
io.github.helloderekg,2,2,False
io.github.sparkvibe-io,2,2,False
io.github.hellosverre,2,2,False
io.github.Antonytm,2,2,False
io.github.Antmanbuilds,2,2,False
io.github.hermai-ai,2,2,False
io.github.henilcalagiya,2,2,False
io.github.souravpn,2,2,False
io.github.MatchupLabs,2,2,False
com.igods,2,2,False
io.github.Ankit512,2,2,False
com.ikeytz,2,2,False
io.github.honeycrisp-suite,2,2,False
io.github.hoon1983,2,2,False
io.github.shinzarou-eng,2,2,False
io.github.hypnosis,2,2,False
io.github.Agaveis,2,2,False
io.github.Advocate-Cloud-Solutions,2,2,False
io.github.hypark5540,2,2,False
io.github.hypeprinter007-stack,2,2,False
io.github.hyperdrift-io,2,2,False
io.github.hyperpolymath,2,2,False
io.github.iFan6oy,2,2,False
io.github.sigaihealth,2,2,False
io.github.iVamsi,2,2,False
io.github.shofer-dev,2,2,False
io.github.shmindmaster,2,2,False
io.github.AccelByte,2,2,False
io.github.Ac0AI,2,2,False
io.github.Aboudjem,2,2,False
io.github.Agent360dk,2,2,False
io.github.signnow,2,2,False
io.github.Alberto-Codes,2,2,False
io.github.sipyourdrink-ltd,2,2,False
io.github.Akhilgovind02,2,2,False
com.joinsandwich,2,2,False
io.github.sjk4425,2,2,False
io.github.sjh9714,2,2,False
io.github.sitegpt,2,2,False
io.github.hshintelligence,2,2,False
io.github.singularitystudiosdev,2,2,False
io.github.AgentTanuki,2,2,False
io.github.singhpratech,2,2,False
io.github.huangzesen,2,2,False
io.github.Agonx402,2,2,False
io.github.AgewellEPM,2,2,False
com.keenethics-labs,2,2,False
io.github.AgentsKit-io,2,2,False
io.github.MastadoonPrime,2,2,False
io.github.millerchou,2,2,False
io.github.cirralink-stack,2,2,False
org.ottobot,2,2,False
io.github.Rocniubi,2,2,False
io.github.cedricziel,2,2,False
io.github.brunovicco,2,2,False
io.github.SheldonZhuang,2,2,False
io.github.ajwann,2,2,False
io.github.bryanjbelanger,2,2,False
ai.elicitly,2,2,False
io.github.OrygnsCode,2,2,False
io.github.Sam-AEC,2,2,False
org.biobricks,2,2,False
io.github.atlasbyauro,2,2,False
ru.cloud-arch,2,2,False
io.github.atmflow55,2,2,False
io.github.andrewblount,2,2,False
io.github.atomadictech,2,2,False
io.github.cdnsteve,2,2,False
ai.newzai.api,2,2,False
io.github.corewebvitals,2,2,False
io.github.cornelcroi,2,2,False
io.github.atomsai,2,2,False
io.github.benswork-space,2,2,False
io.github.TateLyman,2,2,False
io.github.atarkowska,2,2,False
io.github.cmdenney,2,2,False
io.github.Rckl88,2,2,False
io.github.convergeqa,2,2,False
io.github.MrGo2,2,2,False
io.github.astafford8488,2,2,False
io.github.MrCartographer,2,2,False
app.theona,2,2,False
io.github.brain-bbqs,2,2,False
io.github.Shan-Zhu,2,2,False
io.github.Nizoka,2,2,False
org.opencovenant,2,2,False
io.github.astrogilda,2,2,False
io.github.bruno-portfolio,2,2,False
app.recordo.api,2,2,False
cash.flat,2,2,False
io.github.brac,2,2,False
io.github.asume21,2,2,False
io.github.cmeans,2,2,False
io.github.MontyGovernance,2,2,False
ai.thrain,2,2,False
ai.fonzi,2,2,False
io.github.VIKAS9793,2,2,False
ai.tensorfeed,2,2,False
lighting.comiza,2,2,False
kr.co.softbowl,2,2,False
io.github.WilliamSmithEdward,2,2,False
io.github.Rakesh1002,2,2,False
io.github.adityaarsharma,2,2,False
io.github.VeloGerber,2,2,False
ai.dxpert,2,2,False
app.getstringer,2,2,False
io.github.aurelio-nakamura,2,2,False
io.github.auroracapital,2,2,False
io.github.catorch,2,2,False
io.github.SynapseLayer,2,2,False
io.github.Toby-Self,2,2,False
io.github.austenstone,2,2,False
io.github.Silbercue,2,2,False
uk.co.atinamos,2,2,False
io.github.TocharianOU,2,2,False
me.identik,2,2,False
io.github.aos-standard,2,2,False
io.github.aoreshkov,2,2,False
io.github.adrianov,2,2,False
io.github.blueskylineassets,2,2,False
io.github.NotHarshhaa,2,2,False
io.github.OptimNow,2,2,False
net.zhihuo.mcp,2,2,False
io.github.Role1776,2,2,False
io.github.TinySuiteHQ,2,2,False
io.github.andrijdavid,2,2,False
app.promptcoin,2,2,False
io.github.TiM00R,2,2,False
io.github.attestifyagent,2,2,False
io.github.adewale,2,2,False
io.github.THE-KIPDEV,2,2,False
ai.gency,2,2,False
io.github.benkaiser,2,2,False
ai.autonomad,2,2,False
io.github.Mogacode-ma,2,2,False
io.github.PhotoRomano,2,2,False
so.hilt,2,2,False
io.github.Whatsonyourmind,2,2,False
xyz.47620,2,2,False
ai.auteng,2,2,False
io.github.andysalvo,2,2,False
io.github.RareSense,2,2,False
io.github.cbetz,2,2,False
io.github.Sidsaladi9,2,2,False
io.github.Noriget,2,2,False
io.github.OrbisAPI,2,2,False
io.github.VBlackJack,2,2,False
tech.finology,2,2,False
io.github.Mrshahidali420,2,2,False
io.github.aartiq,2,2,False
io.github.UltraStarz,2,2,False
io.github.NexusFeed,2,2,False
io.github.charleslucas,2,2,False
io.github.aleksUIX,2,2,False
ltd.qianyuan,2,2,False
io.github.PLANIT-TECH,2,2,False
io.github.Natden444,2,2,False
io.github.UdotCASH,2,2,False
io.github.biosshot,2,2,False
io.github.ashlrai,2,2,False
studio.sleeperhit,2,2,False
io.github.brian8a1,2,2,False
ai.certscore,2,2,False
io.github.Screed369,2,2,False
io.github.cherchyk,2,2,False
io.github.Pantani,2,2,False
io.github.briangaoo,2,2,False
io.github.commitshow,2,2,False
io.github.Sandeeprdy1729,2,2,False
io.github.appvantagelabs2-a11y,2,2,False
tech.atomadic,2,2,False
io.github.TheBaronofAI,2,2,False
io.github.Rheopyrin,2,2,False
io.github.Ringosystems,2,2,False
io.github.TheRundown,2,2,False
io.github.TheRealDataBoss,2,2,False
ai.onedroid,2,2,False
io.github.SarutobiSasuke8,2,2,False
ai.calaf,2,2,False
io.github.codex-curator,2,2,False
io.github.SaravananJaichandar,2,2,False
ai.llmintel,2,2,False
io.github.Pact-Community-Organization,2,2,False
io.github.NellInc,2,2,False
io.github.TheMemeBanker,2,2,False
io.github.ashfordeOU,2,2,False
top.toolboxes,2,2,False
io.github.codevanmoose,2,2,False
io.github.brechanbech,2,2,False
io.github.PSU3D0,2,2,False
ai.buywhere,2,2,False
io.github.PSPDFKit,2,2,False
io.github.bjornj12,2,2,False
io.github.ashevilleislove,2,2,False
io.github.Rinava,2,2,False
io.github.apolocine,2,2,False
io.github.The-825,2,2,False
ai.bolthub,2,2,False
io.github.UseJunior,2,2,False
io.github.cfgenius145-sketch,2,2,False
store.scvd,2,2,False
io.github.constripacity,2,2,False
net.sitesai,2,2,False
io.github.andreilungeanu,2,2,False
io.github.appwrite,2,2,False
io.github.UnityNodes,2,2,False
io.github.coburn2716,2,2,False
io.github.Servation,2,2,False
io.github.bg4ff8mtdn-dotcom,2,2,False
io.github.apollographql,2,2,False
my.sitey,2,2,False
ai.clarid,2,2,False
app.ridedesk,2,2,False
io.github.PavelGuzenfeld,2,2,False
org.nsgoods,2,2,False
app.fakto,2,2,False
io.github.blakeyounger,2,2,False
io.github.assafbar2,2,2,False
io.github.MuhDur,2,2,False
io.github.askuma,2,2,False
app.cellarion,2,2,False
io.github.TharanaBope,2,2,False
ai.lifeisagame,2,2,False
io.github.SecondStageTurbine,2,2,False
io.github.Samuelfmedeiros,2,2,False
studio.kynth,2,2,False
io.github.Renwang-Huang,2,2,False
io.github.Th3Slack3r,2,2,False
biz.yappy,2,2,False
io.github.Wyrdsekai,2,2,False
io.github.blackdome-ai,2,2,False
io.github.Semiotronika,2,2,False
io.github.aryanduntley,2,2,False
io.github.SepineTam,2,2,False
ai.parallel,2,2,False
ai.chipp,2,2,False
io.github.connected-paths,2,2,False
io.github.Nikoble1926,2,2,False
io.github.connerlambden,2,2,False
io.github.apolloio,2,2,False
io.github.Thezenmonster,2,2,False
io.github.aryaminus,2,2,False
io.github.akougkas,2,2,False
io.github.RollingGo-AI,2,2,False
io.github.bitrix24,2,2,False
io.github.Rotwang9000,2,2,False
io.github.Maxim-Mazurok,2,2,False
io.github.SnipMCP,2,2,False
io.github.Subcue,2,2,False
io.github.axionquant,2,2,False
ai.darkfunnels,2,2,False
io.github.anishmoncivarghese,2,2,False
it.machinesignal,2,2,False
io.github.agencyenterprise,2,2,False
io.github.Mibayy,2,2,False
io.github.axiosdevs,2,2,False
io.github.bobbyhouse,2,2,False
io.github.aliengineering-byte,2,2,False
io.github.bvenkata,2,2,False
se.novusmcp,2,2,False
io.github.Rul1an,2,2,False
si.sigit,2,2,False
io.github.ToremLabs,2,2,False
io.github.anousss007,2,2,False
io.github.Zuga-luga,2,2,False
io.github.MelMayssonOwen,2,2,False
xyz.utilityhouse,2,2,False
io.github.cvrt-jh,2,2,False
io.github.MidOSresearch,2,2,False
io.github.ZadenGG,2,2,False
io.github.aws,2,2,False
io.github.TotesMagotes,2,2,False
io.github.OlegNickeshin,2,2,False
io.github.cammac-creator,2,2,False
io.github.Walmes1,2,2,False
io.github.agentsherpa,2,2,False
io.walkeros,2,2,False
io.github.aidevelopers2,2,2,False
uk.co.diningco,2,2,False
io.github.WaterTian,2,2,False
ai.haymon,2,2,False
io.github.RCS-kz,2,2,False
cloud.dchub,2,2,False
io.github.Spacetime-Technology,2,2,False
io.github.SAIHM-Admin,2,2,False
io.github.antonio-mello-ai,2,2,False
io.github.Treevu-ai,2,2,False
io.github.SoundBlaster,2,2,False
io.github.aydincan,2,2,False
io.github.cicerosmoura-alt,2,2,False
io.github.OnticX,2,2,False
org.totto,2,2,False
io.github.alright-alright,2,2,False
io.github.baronsengir007,2,2,False
io.github.capabilityhostprotocol,2,2,False
io.github.MeltFlexDevs,2,2,False
nl.tradebrite,2,2,False
io.github.aringad,2,2,False
app.agendaforge,2,2,False
io.github.Ryvonetwork,2,2,False
ai.shawndurrani,2,2,False
io.github.bartosz-kuc,2,2,False
io.github.arikusi,2,2,False
io.github.ObscuritySRL,2,2,False
io.github.Startvest-LLC,2,2,False
io.github.StuMason,2,2,False
ai.ai-akari,2,2,False
org.sciencelive4all,2,2,False
io.github.claymore666,2,2,False
io.github.MayankTalwar0,2,2,False
ai.agentxray,2,2,False
io.github.SAP,2,2,False
io.github.ardev-lab,2,2,False
io.github.ZUHcYa,2,2,False
io.github.Oortonaut,2,2,False
io.github.aeoess,2,2,False
io.github.Warddamn,2,2,False
ai.robosystems,2,2,False
io.github.agent-blueprint,2,2,False
io.github.aniripsaretro-max,2,2,False
io.github.PramodDutta,2,2,False
io.github.YuanHuakk,2,2,False
ai.advisorsai,2,2,False
technology.royalty,2,2,False
app.oddsrail,2,2,False
io.github.Mila-Petrovich,2,2,False
io.github.anthesiallc,2,2,False
io.github.MikkoParkkola,2,2,False
ai.ankimcp,2,2,False
io.github.SPAZIO-GENESI,2,2,False
io.github.baixianger,2,2,False
io.github.afanasenkoa,2,2,False
io.github.c5huracan,2,2,False
io.github.Stewyboy1990,2,2,False
uk.co.cybercentry,2,2,False
io.github.bzsasson,2,2,False
ai.scoreia,2,2,False
io.github.avclabs,2,2,False
ai.deinai,2,2,False
tech.thecompound,2,2,False
io.github.bbb-build,2,2,False
org.thewaterhub,2,2,False
io.github.craigjmidwinter,2,2,False
io.github.SimonTarara62,2,2,False
io.github.NovadaLabs,2,2,False
io.github.crawde,2,2,False
io.github.ahmadsl,2,2,False
io.github.chrisgu,2,2,False
io.github.bekirdag,2,2,False
uk.minia2a,2,2,False
ai.dryos,2,2,False
io.github.TradeSystemsNique,2,2,False
io.github.bolnet,2,2,False
io.github.arcar-org,2,2,False
io.github.arseniigruzdev,2,2,False
io.github.creatorhub121,2,2,False
io.github.Raffaele86,2,2,False
app.octotrip,2,2,False
io.github.barneywohl,2,2,False
io.github.cybeleri,2,2,False
io.github.crosstabs,2,2,False
io.github.awaw999iw-ai,2,2,False
io.github.Tr1ckyMag1ca1,2,2,False
io.github.agentic-eng,2,2,False
io.github.Prohect,2,2,False
io.github.Stakemate369,2,2,False
io.github.VirajMishra1,2,2,False
io.github.ai-hub-open,2,2,False
xyz.krimskrams,2,2,False
io.github.carrasquelalex1,2,2,False
io.github.Vladimir-Human,2,2,False
cn.com.grapecity,2,2,False
io.github.QuLi-ops,2,2,False
io.github.bounded-systems,2,2,False
io.github.SunrisesIllNeverSee,2,2,False
io.github.TranThienTrong,2,2,False
ai.sourcemill,2,2,False
io.github.cahthuranag,2,2,False
ai.gregbenza,2,2,False
io.github.Vortx-AI,2,2,False
io.github.ZahiriNatZuke,2,2,False
io.github.alibaizhanov,2,2,False
io.github.TradeOS-AI,2,2,False
sh.financier,2,2,False
io.github.Wchampe,2,2,False
io.github.MikeHunt69702,2,2,False
io.github.O-mega-Enterprise,2,2,False
io.github.SurajKGoyal,2,2,False
io.github.Vortiago,2,2,False
agency.ottobot,2,2,False
io.github.antoinedelorme,2,2,False
io.github.SupplyGraphAI,2,2,False
uk.co.cardmachinepricing,2,2,False
io.github.jirayusueb,1,1,False
io.github.jongalloway,1,1,False
io.github.jongall45,1,1,False
io.github.jongko54,1,1,False
io.github.jinweihan-ai,1,1,False
io.github.arbadacarbaYK,1,1,False
io.github.jonkludt,1,1,False
io.github.jonny-1812,1,1,False
io.github.jorgen-k,1,1,False
io.github.appkitstudio,1,1,False
io.github.jordantete,1,1,False
io.github.jordanlyall,1,1,False
io.github.jordanhindo,1,1,False
io.github.jigarkkarangiya,1,1,False
io.github.jigyasudham,1,1,False
io.github.ariekogan,1,1,False
io.github.jordan23wagner-ops,1,1,False
io.github.joosthel,1,1,False
io.github.jonybur-oc,1,1,False
io.github.arianlopezc,1,1,False
io.github.jonybur,1,1,False
io.github.jonwillington,1,1,False
io.github.jimprivate,1,1,False
io.github.applehorsefrog,1,1,False
io.github.jimy-r,1,1,False
io.github.applitools,1,1,False
io.github.jinhsueh,1,1,False
io.github.jini-tw,1,1,False
io.github.jonnyblankinship,1,1,False
io.github.arhancanli,1,1,False
io.github.jinsim,1,1,False
io.github.jonfishr,1,1,False
io.github.johnnywuj81,1,1,False
io.github.jonathanpchapman,1,1,False
io.github.jmbremer,1,1,False
io.github.jocarrd,1,1,False
io.github.jmendozapuche,1,1,False
io.github.jmedure,1,1,False
io.github.joe-watkins,1,1,False
io.github.archimedes-market,1,1,False
io.github.aranajhonny,1,1,False
io.github.joegra2003,1,1,False
io.github.jmavid,1,1,False
io.github.jonathanhefner,1,1,False
io.github.jlucasmcrell,1,1,False
io.github.joelbarmettlerUZH,1,1,False
io.github.joelklabo,1,1,False
io.github.aramai-schematica,1,1,False
io.github.joelverhagen,1,1,False
io.github.aradar46,1,1,False
io.github.joesaby,1,1,False
io.github.jobvetta,1,1,False
io.github.jmeyer1980,1,1,False
io.github.jmg698,1,1,False
io.github.jobswithgpt,1,1,False
io.github.jmxisnext,1,1,False
io.github.arc-mcp,1,1,False
io.github.arcadia-finance,1,1,False
io.github.jnMetaCode,1,1,False
io.github.archetypal-ai,1,1,False
io.github.jnilrac,1,1,False
io.github.jmsaavedra,1,1,False
io.github.joachim-aqf,1,1,False
io.github.araujota,1,1,False
io.github.joansongjr,1,1,False
io.github.jorgesandoval,1,1,False
io.github.archievi,1,1,False
io.github.jmpdsevilla,1,1,False
io.github.jobimdev,1,1,False
io.github.jobrayan,1,1,False
io.github.joeyough,1,1,False
io.github.architagrawal,1,1,False
io.github.johanvd75-byte,1,1,False
io.github.aproxpay,1,1,False
io.github.aresyn,1,1,False
io.github.jjohnsen,1,1,False
io.github.aprilelevengo,1,1,False
io.github.joinwell52-AI,1,1,False
io.github.jjlabsio,1,1,False
io.github.jitsmaster,1,1,False
io.github.jolars,1,1,False
io.github.joleschmidt,1,1,False
io.github.argon-lab,1,1,False
io.github.jithinlalk25,1,1,False
io.github.jolovicdev,1,1,False
io.github.jolucashornung,1,1,False
io.github.jonahthan433,1,1,False
io.github.jitbit,1,1,False
io.github.jonatanvazquez,1,1,False
io.github.johnzfitch,1,1,False
io.github.johnnyclem,1,1,False
io.github.jlsookiki,1,1,False
io.github.johnmci,1,1,False
io.github.ar-agents,1,1,False
io.github.apxlabs-ai,1,1,False
io.github.johnanleitner1-Coder,1,1,False
io.github.johnbeans,1,1,False
io.github.architectds,1,1,False
io.github.jlivingston-Cipher,1,1,False
io.github.jlestel,1,1,False
io.github.jktjj,1,1,False
io.github.johnbehar1500-ux,1,1,False
io.github.archonics,1,1,False
io.github.archradhq,1,1,False
io.github.apurv101,1,1,False
io.github.jkresearch8,1,1,False
io.github.arcmira,1,1,False
io.github.arden-instance,1,1,False
io.github.joaoh82,1,1,False
io.github.cybort360,1,1,False
io.github.jors7,1,1,False
io.github.antvis,1,1,False
io.github.anuragind003,1,1,False
io.github.kaneg,1,1,False
io.github.kanishka089,1,1,False
io.github.kansei-link,1,1,False
io.github.anup-shesh,1,1,False
io.github.anup-khanal,1,1,False
io.github.kant19801201behax5,1,1,False
io.github.kanylbullen,1,1,False
io.github.kanywst,1,1,False
io.github.anulum,1,1,False
io.github.kapella-hub,1,1,False
io.github.antuelle78,1,1,False
io.github.kaminariouji,1,1,False
io.github.antonpogrebenko-public,1,1,False
io.github.kapruka,1,1,False
io.github.antonorlov,1,1,False
io.github.kar-thik,1,1,False
io.github.kar69-96,1,1,False
io.github.antonkarliner,1,1,False
io.github.karandaid,1,1,False
io.github.karanivincent,1,1,False
io.github.antonioac1,1,1,False
io.github.karashiiro,1,1,False
io.github.kardashev-lab,1,1,False
io.github.kandahk,1,1,False
io.github.anvanster,1,1,False
io.github.kael-bit,1,1,False
io.github.kajaril,1,1,False
io.github.kagan-sh,1,1,False
io.github.kahlelhawary-art,1,1,False
io.github.kahlilashanti,1,1,False
io.github.kailayerhq,1,1,False
io.github.kairosastro-sketch,1,1,False
io.github.kairosusunsei,1,1,False
io.github.kaiser-data,1,1,False
io.github.kaitoy,1,1,False
io.github.aovestdipaperino,1,1,False
io.github.aokings,1,1,False
io.github.kaizan-ai,1,1,False
io.github.kakarot-dev,1,1,False
io.github.kamil5b,1,1,False
io.github.kakha13,1,1,False
io.github.anzy-renlab-ai,1,1,False
io.github.anyway-possible,1,1,False
io.github.kakunin-ai,1,1,False
io.github.anyproto,1,1,False
io.github.kale-eb,1,1,False
io.github.kaleckh,1,1,False
io.github.kalehdoo,1,1,False
io.github.anymailfinder,1,1,False
io.github.kalki-kgp,1,1,False
io.github.kambleaa007,1,1,False
io.github.karldane,1,1,False
io.github.karljsamuel,1,1,False
io.github.karlmehta,1,1,False
io.github.keploy,1,1,False
io.github.kemalersin,1,1,False
io.github.kemalyy,1,1,False
io.github.antikas,1,1,False
io.github.kenda-co,1,1,False
io.github.kendall8388,1,1,False
io.github.kenneives,1,1,False
io.github.kensaurus,1,1,False
io.github.kentcdodds,1,1,False
io.github.antics-gg,1,1,False
io.github.kenvaapp,1,1,False
io.github.kenzotp,1,1,False
io.github.anthonywlicausi,1,1,False
io.github.kartegagithub,1,1,False
io.github.kerne-protocol,1,1,False
io.github.anthonysuherli,1,1,False
io.github.anthonyjbolo,1,1,False
io.github.anthonybono21-cloud,1,1,False
io.github.kesslerio,1,1,False
io.github.anthony-maio,1,1,False
io.github.kevin-lozada-santos,1,1,False
io.github.kevin2003050666-coder,1,1,False
io.github.anthony-chaudhary,1,1,False
io.github.kevinastuhuaman,1,1,False
io.github.kevinbett,1,1,False
io.github.kelvinbiffi,1,1,False
io.github.keitaemsden-lab,1,1,False
io.github.keibai-hub,1,1,False
io.github.kehsiaocuba-ux,1,1,False
io.github.kasathur,1,1,False
io.github.kascada,1,1,False
io.github.kastelldev,1,1,False
io.github.katalon-studio,1,1,False
io.github.katatan-org,1,1,False
io.github.katekruger,1,1,False
io.github.kawal393,1,1,False
io.github.kayembahamid,1,1,False
io.github.kayhendriksen,1,1,False
io.github.kazuki-sf,1,1,False
io.github.kbanilsson-pixel,1,1,False
io.github.kbrayatl,1,1,False
io.github.kc23go,1,1,False
io.github.kcaldata,1,1,False
io.github.antonio-castellon,1,1,False
io.github.kcw2034,1,1,False
io.github.antonillos,1,1,False
io.github.antonbabenko,1,1,False
io.github.kduailabs,1,1,False
io.github.ke4qqq,1,1,False
io.github.keboola,1,1,False
io.github.kedarvartak,1,1,False
io.github.keel-trade,1,1,False
io.github.ap311036,1,1,False
io.github.apaleo,1,1,False
io.github.josefdc,1,1,False
io.github.jshph,1,1,False
io.github.jrlprost,1,1,False
io.github.jrpool,1,1,False
io.github.jrullan,1,1,False
io.github.apology-is-policy,1,1,False
io.github.jschoemaker,1,1,False
io.github.jschuller,1,1,False
io.github.jscoobyced,1,1,False
io.github.jsgorana,1,1,False
io.github.apollowinner,1,1,False
io.github.jshelley,1,1,False
io.github.jshorwitz,1,1,False
io.github.jsilets,1,1,False
io.github.jrelph,1,1,False
io.github.json-contracts,1,1,False
io.github.apolloprojectsllc-svg,1,1,False
io.github.jsvvsolsllc,1,1,False
io.github.jtl-neo,1,1,False
io.github.juan-cinto-infracommerce,1,1,False
io.github.juan-sibbo,1,1,False
io.github.juan294,1,1,False
io.github.juandavidsernav,1,1,False
io.github.juanisidoro,1,1,False
io.github.juanjaragavi,1,1,False
io.github.juanklagos,1,1,False
io.github.jrlingyin888,1,1,False
io.github.jrcumminsent,1,1,False
io.github.apancyborg,1,1,False
io.github.joshuasundance-swca,1,1,False
io.github.joselillotrax-cell,1,1,False
io.github.appium,1,1,False
io.github.josesepulvedapino,1,1,False
io.github.josetorronteras,1,1,False
io.github.joshidikshant,1,1,False
io.github.joshiii-xyz,1,1,False
io.github.joshluberisse,1,1,False
io.github.joshmsimpson,1,1,False
io.github.joshrotenberg,1,1,False
io.github.joshua-auchincloss,1,1,False
io.github.joshuajansen,1,1,False
io.github.appcreationsca,1,1,False
io.github.jrainsberger,1,1,False
io.github.jospnunes,1,1,False
io.github.jotapeconsultoria,1,1,False
io.github.jozrahq,1,1,False
io.github.jpalepu,1,1,False
io.github.jpazvd,1,1,False
io.github.jpbester,1,1,False
io.github.jperelli,1,1,False
io.github.jpicklyk,1,1,False
io.github.apomt,1,1,False
io.github.jpol34,1,1,False
io.github.jqknono,1,1,False
io.github.juftin,1,1,False
io.github.jugbeep,1,1,False
io.github.apollion69,1,1,False
io.github.apexapi,1,1,False
io.github.apihubio,1,1,False
io.github.juyterman1000,1,1,False
io.github.jweezy119,1,1,False
io.github.jwgale,1,1,False
io.github.jwill824,1,1,False
io.github.apiarya,1,1,False
io.github.api7,1,1,False
io.github.api-jarvisclaw,1,1,False
io.github.jwwd-repos,1,1,False
io.github.jxbaoxiaodong,1,1,False
io.github.api-freaks,1,1,False
io.github.apeirontrade,1,1,False
io.github.apolito53,1,1,False
io.github.k4771kim,1,1,False
io.github.k8ika0s,1,1,False
io.github.kOlapsis,1,1,False
io.github.apayne1987-droid,1,1,False
io.github.kaael1,1,1,False
io.github.kaattaallaa-sketch,1,1,False
io.github.apatzer,1,1,False
io.github.apatilgtn,1,1,False
io.github.kaaustubh,1,1,False
io.github.kadam-official,1,1,False
io.github.apasztetnik,1,1,False
io.github.justjlee,1,1,False
io.github.apiihub33-cyber,1,1,False
io.github.justinthevoid,1,1,False
io.github.justinscott12,1,1,False
io.github.julian-martin89,1,1,False
io.github.juliangeymonat-jpg,1,1,False
io.github.julianmeyerr,1,1,False
io.github.juliu1980,1,1,False
io.github.julysoft,1,1,False
io.github.jumodada,1,1,False
io.github.apitier,1,1,False
io.github.apireno,1,1,False
io.github.junnnnnw00,1,1,False
io.github.apipriceindex,1,1,False
io.github.juodoc,1,1,False
io.github.jupediaz,1,1,False
io.github.jurimaxam-dotcom,1,1,False
io.github.juscribe,1,1,False
io.github.apilocker,1,1,False
io.github.justfsl50,1,1,False
io.github.justhandledlabs,1,1,False
io.github.justice8096,1,1,False
io.github.justinasrolando-cpu,1,1,False
io.github.justingyang218,1,1,False
io.github.justinjilg,1,1,False
io.github.justinmont84,1,1,False
io.github.apiiro,1,1,False
io.github.juliusgerman,1,1,False
io.github.jayzht,1,1,False
io.github.arielbk,1,1,False
io.github.infinitemindos-doai,1,1,False
io.github.inflectiv,1,1,False
io.github.influqa,1,1,False
io.github.info-arnav,1,1,False
io.github.infobloxopen,1,1,False
io.github.augustin-v,1,1,False
io.github.augmnt,1,1,False
io.github.infolegalge,1,1,False
io.github.infotik,1,1,False
io.github.augiemazza,1,1,False
io.github.ingero-io,1,1,False
io.github.augee99,1,1,False
io.github.ingressward,1,1,False
io.github.audescs-spec,1,1,False
io.github.inite-ai,1,1,False
io.github.auburnduke,1,1,False
io.github.atxp-dev,1,1,False
io.github.inkog-io,1,1,False
io.github.inotakeh,1,1,False
io.github.insivotron,1,1,False
io.github.inspicere,1,1,False
io.github.inspirio-co,1,1,False
io.github.inssist,1,1,False
io.github.atul-fusionpact,1,1,False
io.github.attestd-io,1,1,False
io.github.attestari,1,1,False
io.github.auregimon,1,1,False
io.github.aurekai,1,1,False
io.github.attestagents,1,1,False
io.github.infiniteezverse,1,1,False
io.github.imysfylmz,1,1,False
io.github.inSideos-designs,1,1,False
io.github.avansaber,1,1,False
io.github.avala-ai,1,1,False
io.github.avagenesisdev,1,1,False
io.github.avabuildsdata,1,1,False
io.github.inamprotocol,1,1,False
io.github.inavi-systems,1,1,False
io.github.incendies,1,1,False
io.github.avaazquezz,1,1,False
io.github.auxiliar-ai,1,1,False
io.github.incwo,1,1,False
io.github.autoview-com,1,1,False
io.github.index365usa,1,1,False
io.github.autorender,1,1,False
io.github.automaticqa,1,1,False
io.github.autokeren,1,1,False
io.github.index9-org,1,1,False
io.github.indiamcp,1,1,False
io.github.authzx,1,1,False
io.github.indicateio,1,1,False
io.github.austin-starks,1,1,False
io.github.indragiek,1,1,False
io.github.industriesfatty-spec,1,1,False
io.github.infai-tech,1,1,False
io.github.instagitai,1,1,False
io.github.integrallis,1,1,False
io.github.isamu,1,1,False
io.github.ip2whois,1,1,False
io.github.astuto-ai,1,1,False
io.github.asturksever,1,1,False
io.github.ipinfo,1,1,False
io.github.ipiton,1,1,False
io.github.ipvolt,1,1,False
io.github.astro-tools,1,1,False
io.github.iridite,1,1,False
io.github.astarsupply-hub,1,1,False
io.github.astandrik,1,1,False
io.github.assister-xyz,1,1,False
io.github.irinabuht12-oss,1,1,False
io.github.assetgrid-llc,1,1,False
io.github.iris-eval,1,1,False
io.github.irisxc4,1,1,False
io.github.asselwan,1,1,False
io.github.ironclawdevs27,1,1,False
io.github.ironflowsh,1,1,False
io.github.irrenwill,1,1,False
io.github.isaac-levine,1,1,False
io.github.isaacaskew,1,1,False
io.github.assaf,1,1,False
io.github.isaacviannadev,1,1,False
io.github.isagelswann,1,1,False
io.github.assa83,1,1,False
io.github.asr-aditya,1,1,False
io.github.ip930,1,1,False
io.github.ip2location,1,1,False
io.github.integsec,1,1,False
io.github.asyntheticai,1,1,False
io.github.intelli-verse-x,1,1,False
io.github.attenlabs,1,1,False
io.github.intent-driven-software,1,1,False
io.github.attebury,1,1,False
io.github.intentions-me,1,1,False
io.github.intenttext,1,1,False
io.github.internexio,1,1,False
io.github.intervixus-corporation,1,1,False
io.github.atomix-spec,1,1,False
io.github.atomchung,1,1,False
io.github.intlpull,1,1,False
io.github.introfini,1,1,False
io.github.introman2023,1,1,False
io.github.invapi-org,1,1,False
io.github.atlasprzetargow,1,1,False
io.github.investorphem,1,1,False
io.github.invigil,1,1,False
io.github.inviti8,1,1,False
io.github.ionasrobert,1,1,False
io.github.ionos-cloud,1,1,False
io.github.atilaahmettaner,1,1,False
io.github.atheris-ee,1,1,False
io.github.athenalion,1,1,False
io.github.atef-ataya,1,1,False
io.github.ataberk-xyz,1,1,False
io.github.imviky-ctrl,1,1,False
io.github.imsovikde,1,1,False
io.github.imrane2019,1,1,False
io.github.b-shields,1,1,False
io.github.azorkai,1,1,False
io.github.icyberdeveloper,1,1,False
io.github.icyn12-tinker,1,1,False
io.github.azimov777,1,1,False
io.github.idanbier999,1,1,False
io.github.ideoshi,1,1,False
io.github.idjohnson,1,1,False
io.github.idoco2003,1,1,False
io.github.azeth-protocol,1,1,False
io.github.azender1,1,1,False
io.github.azeemkafridi,1,1,False
io.github.ayushcodes10,1,1,False
io.github.ie3jp,1,1,False
io.github.ierehon1905,1,1,False
io.github.ayushagrawal288,1,1,False
io.github.ies86,1,1,False
io.github.ayush-s-tomar,1,1,False
io.github.iflytek,1,1,False
io.github.aytzey,1,1,False
io.github.iggredible,1,1,False
io.github.ayoubsalem-spec,1,1,False
io.github.ayo-nci,1,1,False
io.github.igmarin,1,1,False
io.github.aymandakir-gh,1,1,False
io.github.igmizo,1,1,False
io.github.b-hash88,1,1,False
io.github.iconcheat,1,1,False
io.github.imran-siddique,1,1,False
io.github.icmoore,1,1,False
io.github.ialim0,1,1,False
io.github.iamalanlui,1,1,False
io.github.backspacevenkat,1,1,False
io.github.iamalisson,1,1,False
io.github.iambenslater,1,1,False
io.github.iamjamb,1,1,False
io.github.iamjrmh,1,1,False
io.github.backblaze-labs,1,1,False
io.github.back1ply,1,1,False
io.github.iamredmh,1,1,False
io.github.iamtouchskyer,1,1,False
io.github.babelwrap,1,1,False
io.github.iamtsoftware,1,1,False
io.github.iamvibhorsingh,1,1,False
io.github.baalimago,1,1,False
io.github.iamvirul,1,1,False
io.github.iamzifei,1,1,False
io.github.iancollins27,1,1,False
io.github.b2ige2-a11y,1,1,False
io.github.b0ase,1,1,False
io.github.iarfhlaith,1,1,False
io.github.iasi777,1,1,False
io.github.ibeal,1,1,False
io.github.ibnsaleem29,1,1,False
io.github.icedq-tools,1,1,False
io.github.ayhammouda,1,1,False
io.github.ignaciohermosillacornejo,1,1,False
io.github.ignatenkofi,1,1,False
io.github.igor-holt,1,1,False
io.github.imMamdouhaboammar,1,1,False
io.github.imVSmirnov,1,1,False
io.github.imagiever-ar,1,1,False
io.github.imankha,1,1,False
io.github.awpthorp,1,1,False
io.github.imashishkh21,1,1,False
io.github.awkoy,1,1,False
io.github.imatza-rh,1,1,False
io.github.imbenrabi,1,1,False
io.github.imdinu,1,1,False
io.github.awesomemotive,1,1,False
io.github.img-src-io,1,1,False
io.github.imgproc-git,1,1,False
io.github.avotsai,1,1,False
io.github.imiraoui,1,1,False
io.github.avohq,1,1,False
io.github.immuneeb,1,1,False
io.github.avisre,1,1,False
io.github.imnotamob,1,1,False
io.github.imoldyoung,1,1,False
io.github.imouiche,1,1,False
io.github.avelsys,1,1,False
io.github.imperalcloud,1,1,False
io.github.impossiblecode,1,1,False
io.github.imprezahost,1,1,False
io.github.awslabs,1,1,False
io.github.im-sham,1,1,False
io.github.im-ff,1,1,False
io.github.iinniitt,1,1,False
io.github.igorkazazic1989,1,1,False
io.github.igormilovanovic,1,1,False
io.github.igorpdev,1,1,False
io.github.igorsaevets,1,1,False
io.github.ayda212,1,1,False
io.github.igorzheludkov,1,1,False
io.github.igrlk,1,1,False
io.github.ihint,1,1,False
io.github.ihor-sokoliuk,1,1,False
io.github.ihorponom,1,1,False
io.github.ihuzaifashoukat,1,1,False
io.github.aybelatchane,1,1,False
io.github.ax-platform,1,1,False
io.github.ikop32-code,1,1,False
io.github.aybeeare,1,1,False
io.github.ikshan-ai,1,1,False
io.github.iksnerd,1,1,False
io.github.ilia-sokolov,1,1,False
io.github.iliasabk,1,1,False
io.github.illodev,1,1,False
io.github.ilo415,1,1,False
io.github.ilopezluna,1,1,False
io.github.ilovevideoeditor,1,1,False
io.github.axiom-stack-llc,1,1,False
io.github.asqi-carter,1,1,False
io.github.aspekt19,1,1,False
io.github.jieshu666,1,1,False
io.github.javyxx,1,1,False
io.github.artokun,1,1,False
io.github.jawdat6,1,1,False
io.github.arthurpanhku,1,1,False
io.github.jawwws,1,1,False
io.github.jayden99236,1,1,False
io.github.arthurcarlsonn,1,1,False
io.github.jaygould,1,1,False
io.github.arthiqlabs,1,1,False
io.github.artemdruzhininad-star,1,1,False
io.github.jaylee7777,1,1,False
io.github.jaysinailabs,1,1,False
io.github.jaytahir,1,1,False
io.github.jayvee6,1,1,False
io.github.artchristech,1,1,False
io.github.kevindarstNBB,1,1,False
io.github.jazib,1,1,False
io.github.art-crazy,1,1,False
io.github.jbechtel-97,1,1,False
io.github.jbiggs77,1,1,False
io.github.arsonx-dev,1,1,False
io.github.jblaz6335,1,1,False
io.github.jbobbink,1,1,False
io.github.arslan2012,1,1,False
io.github.jbrand0n,1,1,False
io.github.jcc-ne,1,1,False
io.github.jawauntb,1,1,False
io.github.javierfajardo85-rgb,1,1,False
io.github.jcislo,1,1,False
io.github.arturayupov,1,1,False
io.github.jarekpiot,1,1,False
io.github.arxivsub,1,1,False
io.github.jarod-vyent,1,1,False
io.github.jarvis-intelligence,1,1,False
io.github.arvindand,1,1,False
io.github.jarvismaximum-hue,1,1,False
io.github.jascal,1,1,False
io.github.jason2016,1,1,False
io.github.aruxojuyu665,1,1,False
io.github.jasondostal,1,1,False
io.github.aruuhii2yo,1,1,False
io.github.jasonko,1,1,False
io.github.arunmm8335,1,1,False
io.github.jasonstockman,1,1,False
io.github.arunai30,1,1,False
io.github.jasonwagao-bit,1,1,False
io.github.arun250492,1,1,False
io.github.artwisdom,1,1,False
io.github.artvepa80,1,1,False
io.github.jasonxkensei,1,1,False
io.github.jasp-nerd,1,1,False
io.github.jaspresi,1,1,False
io.github.jatinsm2023,1,1,False
io.github.arturogarrido,1,1,False
io.github.java-jaydev,1,1,False
io.github.jcdreamjc,1,1,False
io.github.jcooley8,1,1,False
io.github.isco-tec,1,1,False
io.github.jessepetersondev,1,1,False
io.github.jessesorsa,1,1,False
io.github.arkheiaai,1,1,False
io.github.jessiemongeon1,1,1,False
io.github.ark-forge,1,1,False
io.github.jessymariau,1,1,False
io.github.aristiun,1,1,False
io.github.jetapi,1,1,False
io.github.jethrokirk-sudo,1,1,False
io.github.ariroffe72,1,1,False
io.github.jevil25,1,1,False
io.github.jflamb,1,1,False
io.github.jfrog,1,1,False
io.github.jgador,1,1,False
io.github.jgaethle10,1,1,False
io.github.arimunandar,1,1,False
io.github.jghiglia2380,1,1,False
io.github.ariklapid,1,1,False
io.github.jgottlieb84,1,1,False
io.github.jgsierra,1,1,False
io.github.jgt87,1,1,False
io.github.jhicks935-lab,1,1,False
io.github.arijit-gogoi,1,1,False
io.github.jhonychain,1,1,False
io.github.jiawei686,1,1,False
io.github.jiayuanliang0716-max,1,1,False
io.github.arm,1,1,False
io.github.jessemarshall,1,1,False
io.github.jcpsimmons,1,1,False
io.github.armanas,1,1,False
io.github.jcucci,1,1,False
io.github.arod90,1,1,False
io.github.jdw2111,1,1,False
io.github.jean-johnson-zwix,1,1,False
io.github.arnopiva,1,1,False
io.github.jedanderson432,1,1,False
io.github.jediapps,1,1,False
io.github.jee1,1,1,False
io.github.jeeftor,1,1,False
io.github.arnavranjan005,1,1,False
io.github.jeet0007,1,1,False
io.github.jefdiesel,1,1,False
io.github.jeff-atriumn,1,1,False
io.github.armin5872,1,1,False
io.github.jeffforderer,1,1,False
io.github.jefflitt1,1,1,False
io.github.jellewas,1,1,False
io.github.jens-saturation,1,1,False
io.github.jentic,1,1,False
io.github.jeongho54,1,1,False
io.github.armandocodecr,1,1,False
io.github.jeremiahclark79-ai,1,1,False
io.github.jeresalmisto,1,1,False
io.github.jermayne36,1,1,False
io.github.jerrysrodz,1,1,False
io.github.jaredhobbs,1,1,False
io.github.jaredco-ai,1,1,False
io.github.jarahkon,1,1,False
io.github.ivanlai,1,1,False
io.github.asish-singh,1,1,False
io.github.ivanstan,1,1,False
io.github.iversonwuwei,1,1,False
io.github.ivo-toby,1,1,False
io.github.iwanek86,1,1,False
io.github.iwe-org,1,1,False
io.github.iwiels,1,1,False
io.github.ashwinvis,1,1,False
io.github.iworkist,1,1,False
io.github.ashokva,1,1,False
io.github.izagood,1,1,False
io.github.izworskic,1,1,False
io.github.ashmitrrr,1,1,False
io.github.ashlesh-t,1,1,False
io.github.ashishsinha1602,1,1,False
io.github.j-doi,1,1,False
io.github.ashishrao-4,1,1,False
io.github.j-east,1,1,False
io.github.j-sulliman,1,1,False
io.github.ashish-nativ,1,1,False
io.github.j4th,1,1,False
io.github.j7an,1,1,False
io.github.jack1590,1,1,False
io.github.jackasser,1,1,False
io.github.jackdark425,1,1,False
io.github.ivanostanin,1,1,False
io.github.ivangr1,1,1,False
io.github.japlete,1,1,False
io.github.askadvaith,1,1,False
io.github.asokore,1,1,False
io.github.iseppo,1,1,False
io.github.isgudtek,1,1,False
io.github.ishan-maheshwari,1,1,False
io.github.isiomaC,1,1,False
io.github.ismailperim,1,1,False
io.github.issuecapture,1,1,False
io.github.istefox,1,1,False
io.github.isucorp-taimiralain,1,1,False
io.github.isuzu-shiranui,1,1,False
io.github.it-atelier-gn,1,1,False
io.github.it-start,1,1,False
io.github.itcons-app,1,1,False
io.github.askmarcel,1,1,False
io.github.itechsoftsolution16,1,1,False
io.github.itmplatform,1,1,False
io.github.its-qusai-nasr,1,1,False
io.github.itsconvo,1,1,False
io.github.itseez3d,1,1,False
io.github.itshivams,1,1,False
io.github.itsikzizov,1,1,False
io.github.askman-dev,1,1,False
io.github.itzikhr18,1,1,False
io.github.iusmuchandra,1,1,False
io.github.ivaavimusic,1,1,False
io.github.jackfieldman,1,1,False
io.github.jackfioru92,1,1,False
io.github.jackfriks,1,1,False
io.github.jackgillen15-dev,1,1,False
io.github.asaraog,1,1,False
io.github.asanabrial,1,1,False
io.github.james-see,1,1,False
io.github.james116blue,1,1,False
io.github.jamesdfinance-dev,1,1,False
io.github.asafichaki,1,1,False
io.github.asadullokhn,1,1,False
io.github.jamhimself,1,1,False
io.github.jamie7893,1,1,False
io.github.arzharch,1,1,False
io.github.jaminben,1,1,False
io.github.jamjet-labs,1,1,False
io.github.jams24,1,1,False
io.github.janF19,1,1,False
io.github.jananadiw,1,1,False
io.github.janeksm,1,1,False
io.github.janhelcl,1,1,False
io.github.aryawidjaja,1,1,False
io.github.aryanspv,1,1,False
io.github.aryankumar06,1,1,False
io.github.janmalmstrom,1,1,False
io.github.jannks,1,1,False
io.github.aryamthecodebreaker,1,1,False
io.github.janpuc,1,1,False
io.github.janus-ubos-republic,1,1,False
io.github.jamboree777,1,1,False
io.github.jamalkamaladdin,1,1,False
io.github.jalexspringer,1,1,False
io.github.jadenryu,1,1,False
io.github.jackkatzman,1,1,False
io.github.ashev87,1,1,False
io.github.asfbay-bit,1,1,False
io.github.asdecided,1,1,False
io.github.jacklenzotti,1,1,False
io.github.jacksenechal,1,1,False
io.github.jacksun911,1,1,False
io.github.jackyzhang69,1,1,False
io.github.jacobfunch,1,1,False
io.github.jacobsd32-cpu,1,1,False
io.github.jacobsilver7-art,1,1,False
io.github.jagilber-org,1,1,False
io.github.jalcodev,1,1,False
io.github.jagoff,1,1,False
io.github.jahanv01,1,1,False
io.github.jaideepdhanoa,1,1,False
io.github.jakefleming,1,1,False
io.github.jakeloo,1,1,False
io.github.jakeyoung1,1,1,False
io.github.ascript-cn,1,1,False
io.github.jakobwennberg,1,1,False
io.github.jakyeamos,1,1,False
io.github.asattelmaier,1,1,False
io.github.jakzaizzat,1,1,False
io.github.kevincogan,1,1,False
io.github.klNuno,1,1,False
io.github.kevint-cerebras,1,1,False
io.github.akshatnerella,1,1,False
io.github.marcelglaeser,1,1,False
io.github.marcelinero,1,1,False
io.github.marcellusgreen,1,1,False
io.github.marckohlbrugge,1,1,False
io.github.marcoguillermaz,1,1,False
io.github.marcomoauro,1,1,False
io.github.akta-pro,1,1,False
io.github.marcomq,1,1,False
io.github.aksp200,1,1,False
io.github.marcosnovo,1,1,False
io.github.marekrost,1,1,False
io.github.marerem,1,1,False
io.github.marian-kamenistak,1,1,False
io.github.akshitkrnagpal,1,1,False
io.github.marin1321,1,1,False
io.github.akshaykylas94,1,1,False
io.github.mariokernich,1,1,False
io.github.mariomorenodev,1,1,False
io.github.mariorojasmz,1,1,False
io.github.marketeyeslive,1,1,False
io.github.marketinglior-pixel,1,1,False
io.github.marketscore,1,1,False
io.github.markhahnel,1,1,False
io.github.marklanetech,1,1,False
io.github.markmircea,1,1,False
io.github.akshayjain3450,1,1,False
io.github.markmnl,1,1,False
io.github.alansafahi,1,1,False
io.github.maraventano,1,1,False
io.github.mar820,1,1,False
io.github.alejooroncoy,1,1,False
io.github.manavmishra,1,1,False
io.github.manchittlab,1,1,False
io.github.manganate006,1,1,False
io.github.alesav,1,1,False
io.github.mangelmartinezfer-hue,1,1,False
io.github.mangoappstudio,1,1,False
io.github.mangrove-one,1,1,False
io.github.mangue-dev,1,1,False
io.github.manifest-network,1,1,False
io.github.manikumarkv,1,1,False
io.github.manishiitg,1,1,False
io.github.manoharanRajesh,1,1,False
io.github.manteclaw,1,1,False
io.github.mapsmith-ai,1,1,False
io.github.alefnt,1,1,False
io.github.manticoresoftware,1,1,False
io.github.manuelinuxkr,1,1,False
io.github.manuelrmz123,1,1,False
io.github.manumarri-sudo,1,1,False
io.github.alcastaro,1,1,False
io.github.albertbolanoss,1,1,False
io.github.manusa,1,1,False
io.github.manuvamp,1,1,False
io.github.alanzha2,1,1,False
io.github.mapdevsaikat,1,1,False
io.github.mapizarro1,1,1,False
io.github.markoblogo,1,1,False
io.github.markopolovic,1,1,False
io.github.mananmodi-product,1,1,False
io.github.aks129,1,1,False
io.github.masondelan,1,1,False
io.github.massanaRoger,1,1,False
io.github.akhilbabumfwa-oss,1,1,False
io.github.masterblaster14,1,1,False
io.github.akeyless-community,1,1,False
io.github.mastyf-ai,1,1,False
io.github.matbanik,1,1,False
io.github.aketchel,1,1,False
io.github.mateohysa,1,1,False
io.github.matetools,1,1,False
io.github.mathursrus,1,1,False
io.github.akbaraziz,1,1,False
io.github.matiasmaquieira96,1,1,False
io.github.matiosera3-ops,1,1,False
io.github.matjmat,1,1,False
io.github.matlab,1,1,False
io.github.matlegault,1,1,False
io.github.matrodrigs,1,1,False
io.github.matteo-sung,1,1,False
io.github.mattgierhart,1,1,False
io.github.matthew-b-simpson,1,1,False
io.github.matthewalexong,1,1,False
io.github.matthewdtowles,1,1,False
io.github.akarazhev,1,1,False
io.github.ajwentcrazy,1,1,False
io.github.mattheworiordan,1,1,False
io.github.matthewrusk,1,1,False
io.github.mason0501,1,1,False
io.github.maskflow,1,1,False
io.github.mashware,1,1,False
io.github.aklodhi98,1,1,False
io.github.markoskarllos-netizen,1,1,False
io.github.akoskomuves,1,1,False
io.github.marksignals,1,1,False
io.github.akomyagin,1,1,False
io.github.markup-carve,1,1,False
io.github.ako2345,1,1,False
io.github.marlenezw,1,1,False
io.github.marlinjai,1,1,False
io.github.marmotdata,1,1,False
io.github.maroondlabs,1,1,False
io.github.akmalovaa,1,1,False
io.github.marshally,1,1,False
io.github.marthvon,1,1,False
io.github.masdevid,1,1,False
io.github.martinX308,1,1,False
io.github.martindfarre,1,1,False
io.github.martinfrasch,1,1,False
io.github.martingeidobler,1,1,False
io.github.martinhavel,1,1,False
io.github.akkylab,1,1,False
io.github.martymarkenson,1,1,False
io.github.marvennai,1,1,False
io.github.akira231097,1,1,False
io.github.akintomiwa-fisayo,1,1,False
io.github.masa-san-jp,1,1,False
io.github.mascari4615,1,1,False
io.github.manavaga,1,1,False
io.github.management-cmyk,1,1,False
io.github.mattlong-plux,1,1,False
io.github.machinegrade,1,1,False
io.github.luuuc,1,1,False
io.github.alexkirienko,1,1,False
io.github.luw2007,1,1,False
io.github.luziadev,1,1,False
io.github.luzomi,1,1,False
io.github.alexgrebeshok-coder,1,1,False
io.github.lvpiggyqq,1,1,False
io.github.lvsmanhole,1,1,False
io.github.lxchst,1,1,False
io.github.lxman,1,1,False
io.github.alexfengrui,1,1,False
io.github.alexeyleshchenko,1,1,False
io.github.lyf-wxy,1,1,False
io.github.lzx3in,1,1,False
io.github.m-dev-tools,1,1,False
io.github.m00nreport,1,1,False
io.github.alexeibespalov,1,1,False
io.github.alexcurpan-cloud,1,1,False
io.github.m0rvayne,1,1,False
io.github.alexcloudstar,1,1,False
io.github.m2ml,1,1,False
io.github.m9labs-railscope,1,1,False
io.github.ma2no4413,1,1,False
io.github.maaakso,1,1,False
io.github.mabari2505,1,1,False
io.github.macacoengenhocas,1,1,False
io.github.alexbypa,1,1,False
io.github.lutfizp,1,1,False
io.github.lusiem,1,1,False
io.github.luotwo,1,1,False
io.github.luisgf,1,1,False
io.github.lucyfox199818-collab,1,1,False
io.github.lucyfuur94,1,1,False
io.github.ludmila-omlopes,1,1,False
io.github.ludo-technologies,1,1,False
io.github.alfongj-com,1,1,False
io.github.alexsu1212,1,1,False
io.github.lugdwei,1,1,False
io.github.luhkas2309,1,1,False
io.github.luiacuaniello,1,1,False
io.github.luis-fuentes,1,1,False
io.github.luisa-sys,1,1,False
io.github.luisbretasjr,1,1,False
io.github.alexpota,1,1,False
io.github.luoshu-echorune,1,1,False
io.github.lukasschwarz,1,1,False
io.github.luke-fairbanks,1,1,False
io.github.lukebmandel-debug,1,1,False
io.github.lukegskw,1,1,False
io.github.alexpfau,1,1,False
io.github.alexmeckes,1,1,False
io.github.lumayapartners,1,1,False
io.github.lumiclip,1,1,False
io.github.lunkerchen,1,1,False
io.github.luno-cms,1,1,False
io.github.alexlarcheveque,1,1,False
io.github.luongnv89,1,1,False
io.github.machinavitalis,1,1,False
io.github.maciekaz,1,1,False
io.github.maminihds,1,1,False
io.github.alexboissAV,1,1,False
io.github.mahope,1,1,False
io.github.mailercloud-com,1,1,False
io.github.maindtim,1,1,False
io.github.maixmeduret,1,1,False
io.github.majiayu000,1,1,False
io.github.alex-jordan547,1,1,False
io.github.major7apps,1,1,False
io.github.majorelalexis-stack,1,1,False
io.github.alex-gon,1,1,False
io.github.makash,1,1,False
io.github.makeev,1,1,False
io.github.makeitrunai,1,1,False
io.github.makimmigration,1,1,False
io.github.alex-feel,1,1,False
io.github.mako-ai,1,1,False
io.github.mako202605,1,1,False
io.github.makosdDavid,1,1,False
io.github.alex-deus,1,1,False
io.github.maksimsarychau,1,1,False
io.github.makz81,1,1,False
io.github.alex-brecher,1,1,False
io.github.alessandropeng,1,1,False
io.github.alesdev88,1,1,False
io.github.mallikcheripally,1,1,False
io.github.malonestar,1,1,False
io.github.mambaventures,1,1,False
io.github.mameshivaa,1,1,False
io.github.mahmoudilyan,1,1,False
io.github.mahabubul470,1,1,False
io.github.alex-odoo,1,1,False
io.github.alexanderclapp,1,1,False
io.github.macklpgr,1,1,False
io.github.maco144,1,1,False
io.github.macphe22,1,1,False
io.github.macuse-app,1,1,False
io.github.alexanderolvera,1,1,False
io.github.madamak,1,1,False
io.github.madeinphantom,1,1,False
io.github.alexanderkrauck,1,1,False
io.github.alexanderdandrea-art,1,1,False
io.github.madezmedia,1,1,False
io.github.madhan-g-p,1,1,False
io.github.madhavi-opsera,1,1,False
io.github.madjik-io,1,1,False
io.github.alex-on-ai,1,1,False
io.github.madrobotnet,1,1,False
io.github.alexander-grun,1,1,False
io.github.alexalexalex222,1,1,False
io.github.alex13slem,1,1,False
io.github.madrzak,1,1,False
io.github.mafaq229,1,1,False
io.github.mafedelahoz,1,1,False
io.github.mafzaal,1,1,False
io.github.alex-zwingli,1,1,False
io.github.magiautonomous,1,1,False
io.github.magichourhq,1,1,False
io.github.maginaryai,1,1,False
io.github.mattijsmoens,1,1,False
io.github.mattlsmith,1,1,False
io.github.algolayertechnologies,1,1,False
io.github.michaelhologram,1,1,False
io.github.mfdaves,1,1,False
io.github.mfukushim,1,1,False
io.github.mgaruccio,1,1,False
io.github.aide-memory,1,1,False
io.github.mgdsn,1,1,False
io.github.mgleonard-ops,1,1,False
io.github.mgriffen,1,1,False
io.github.mgthompo1,1,1,False
io.github.mguay22,1,1,False
io.github.mguozhen,1,1,False
io.github.mgwalkerjr95,1,1,False
io.github.aidc2026ai-melon,1,1,False
io.github.mh-mansouri,1,1,False
io.github.aidatatools-dev,1,1,False
io.github.aidancorrell,1,1,False
io.github.aida-mikechen,1,1,False
io.github.mhcoen,1,1,False
io.github.mhimed-crustdata,1,1,False
io.github.aicrafted,1,1,False
io.github.mhoedt-ai,1,1,False
io.github.mholzen,1,1,False
io.github.mi2arun,1,1,False
io.github.mia-platform,1,1,False
io.github.aiconsulting06000-tech,1,1,False
io.github.aicayzer,1,1,False
io.github.michael-denyer,1,1,False
io.github.aicanvas-me,1,1,False
io.github.mfbahc,1,1,False
io.github.meyusufdemirci,1,1,False
io.github.meysam81,1,1,False
io.github.mercuryx402,1,1,False
io.github.mementoagi,1,1,False
io.github.memi-design,1,1,False
io.github.memoweft,1,1,False
io.github.memside,1,1,False
io.github.memtomem,1,1,False
io.github.memwyreai,1,1,False
io.github.menantonio83-hue,1,1,False
io.github.aidi1723,1,1,False
io.github.menot-you,1,1,False
io.github.mentu-ai,1,1,False
io.github.mepsopti,1,1,False
io.github.mercadosclaro-eng,1,1,False
io.github.mereditharmcgee,1,1,False
io.github.metrxbots,1,1,False
io.github.merg357,1,1,False
io.github.meridian-silkdev,1,1,False
io.github.merlhn,1,1,False
io.github.mertcanvural,1,1,False
io.github.meser10,1,1,False
io.github.aidemd-mcp,1,1,False
io.github.mesutoezdil,1,1,False
io.github.metabase,1,1,False
io.github.metamorphosis-sre,1,1,False
io.github.metatxn,1,1,False
io.github.metis-rwa,1,1,False
io.github.metlem80,1,1,False
io.github.michaelcolenso,1,1,False
io.github.michaelhutchings626-hub,1,1,False
io.github.mem-labs,1,1,False
io.github.michaeljiangmingfeng-debug,1,1,False
io.github.miha1744,1,1,False
io.github.mihai-dinculescu,1,1,False
io.github.miisodev,1,1,False
io.github.mikafouenski,1,1,False
io.github.ai-4-devops,1,1,False
io.github.mike-lblc,1,1,False
io.github.mikeholownych,1,1,False
io.github.mikejj-creation,1,1,False
io.github.mikeli20221102-ux,1,1,False
io.github.ahutto87,1,1,False
io.github.ahoybuoy,1,1,False
io.github.miketwalker,1,1,False
io.github.mikhae1,1,1,False
io.github.mikhailbovt,1,1,False
io.github.mikimatsub,1,1,False
io.github.ahmedxuhri,1,1,False
io.github.mikluko,1,1,False
io.github.ahmedvnabil,1,1,False
io.github.mila-gg,1,1,False
io.github.milcho0604,1,1,False
io.github.mildo-ai,1,1,False
io.github.mile-maker,1,1,False
io.github.ahmedak,1,1,False
io.github.ahmed-suman,1,1,False
io.github.milesdev888,1,1,False
io.github.ahmed-khalil-hafsi,1,1,False
io.github.millennialdreamer,1,1,False
io.github.miguelgandia,1,1,False
io.github.ai-aviate,1,1,False
io.github.migmediamarketing-ai,1,1,False
io.github.ai-human-andalusia,1,1,False
io.github.aibtcdev,1,1,False
io.github.michaeljmoody,1,1,False
io.github.michaelrice,1,1,False
io.github.aibenyclaude-coder,1,1,False
io.github.aiaiohhh,1,1,False
io.github.michaelrobertsutton,1,1,False
io.github.ai-supply-store,1,1,False
io.github.ai-needl,1,1,False
io.github.ai-mentor-bot,1,1,False
io.github.michalbaturko-lang,1,1,False
io.github.ai-mcpower,1,1,False
io.github.mickelsamuel,1,1,False
io.github.mickymultani,1,1,False
io.github.ai-dashboad,1,1,False
io.github.micro-JAY,1,1,False
io.github.microhenrio,1,1,False
io.github.ai-gaoqian,1,1,False
io.github.microqueryhq,1,1,False
io.github.ai-elara,1,1,False
io.github.midagedev,1,1,False
io.github.midasflowai-lab,1,1,False
io.github.middleBrick,1,1,False
io.github.midnight-rgb,1,1,False
io.github.ai-debugger-inc,1,1,False
io.github.mighty840,1,1,False
io.github.mightydatainc,1,1,False
io.github.mem0ai,1,1,False
io.github.aidocx,1,1,False
io.github.ajtgjmdjp,1,1,False
io.github.mcmurrym,1,1,False
io.github.mayankjanmejay,1,1,False
io.github.mayankmahavar1mg,1,1,False
io.github.ajc3xc,1,1,False
io.github.ajaxhe,1,1,False
io.github.mayim-mayim,1,1,False
io.github.ajanani1,1,1,False
io.github.mayor-modder,1,1,False
io.github.mayorandrew,1,1,False
io.github.mayurrawte,1,1,False
io.github.mazemax,1,1,False
io.github.maztec007,1,1,False
io.github.mazzzystar,1,1,False
io.github.mbdev3,1,1,False
io.github.aixbt,1,1,False
io.github.aitrailblazer,1,1,False
io.github.mbentham,1,1,False
io.github.mbilalawan926-sys,1,1,False
io.github.mbk-dev,1,1,False
io.github.mbrionesalvarez,1,1,False
io.github.mbrummerstedt,1,1,False
io.github.mbtest870-ctrl,1,1,False
io.github.mcande21,1,1,False
io.github.mccallar,1,1,False
io.github.mcdca,1,1,False
io.github.aitorgarcia21,1,1,False
io.github.aitor-alt,1,1,False
io.github.mclaut,1,1,False
io.github.maxz712,1,1,False
io.github.maxxthedeveloper,1,1,False
io.github.ajeermahmood,1,1,False
io.github.maxand98,1,1,False
io.github.ajselzilic,1,1,False
io.github.ajrogier,1,1,False
io.github.mattmireles,1,1,False
io.github.mattmohandiss,1,1,False
io.github.ajprolific,1,1,False
io.github.mattpicone,1,1,False
io.github.mattrow,1,1,False
io.github.mattwerner-sudo,1,1,False
io.github.mattyb12345nyc,1,1,False
io.github.max124vip-dev,1,1,False
io.github.maxaeo,1,1,False
io.github.maxanatsko,1,1,False
io.github.maxbaluev,1,1,False
io.github.maxwellsantoro,1,1,False
io.github.ajithisaac,1,1,False
io.github.maxfain,1,1,False
io.github.maxgerhardson,1,1,False
io.github.ajemba,1,1,False
io.github.maxigirl123,1,1,False
io.github.ajekalemile,1,1,False
io.github.maximusrufus,1,1,False
io.github.maxioos,1,1,False
io.github.maxkle1nz,1,1,False
io.github.maxschnee74-source,1,1,False
io.github.maxtechera,1,1,False
io.github.maxweb4u,1,1,False
io.github.mclose,1,1,False
io.github.mcn92,1,1,False
io.github.aidongise-cell,1,1,False
io.github.aitools420,1,1,False
io.github.mdyahhya,1,1,False
io.github.me-qr,1,1,False
io.github.mechreaper007x,1,1,False
io.github.mectrojohnny,1,1,False
io.github.medelin,1,1,False
io.github.medianemi-beep,1,1,False
io.github.medley,1,1,False
io.github.medprice-ai,1,1,False
io.github.meelad-diggit,1,1,False
io.github.meemoprasad,1,1,False
io.github.meetclawdius,1,1,False
io.github.aikts,1,1,False
io.github.aiindigo925,1,1,False
io.github.aihumin,1,1,False
io.github.meetstream-ai,1,1,False
io.github.mefengl,1,1,False
io.github.megabrainee,1,1,False
io.github.megachadxyz,1,1,False
io.github.aiguardrail,1,1,False
io.github.aifity,1,1,False
io.github.mehdynamics-commits,1,1,False
io.github.mehtaphysical13,1,1,False
io.github.meir-may,1,1,False
io.github.melihbirim,1,1,False
io.github.meloliva14,1,1,False
io.github.meloncafe,1,1,False
io.github.melonelish,1,1,False
io.github.mdvohra,1,1,False
io.github.mdotk,1,1,False
io.github.aileron-sh,1,1,False
io.github.aiscimi-code,1,1,False
io.github.mcp-fortress,1,1,False
io.github.mcp-protocol,1,1,False
io.github.mcp-telegram,1,1,False
io.github.aistoragedepot-admin,1,1,False
io.github.aistatusdashboard,1,1,False
io.github.aistastudio,1,1,False
io.github.mcpcentral-io,1,1,False
io.github.mcpcustoms,1,1,False
io.github.mcpexplorer,1,1,False
io.github.mcpmux,1,1,False
io.github.aissablk1,1,1,False
io.github.mcpsbom,1,1,False
io.github.airweave-ai,1,1,False
io.github.ailingqu,1,1,False
io.github.airowe,1,1,False
io.github.airbytehq,1,1,False
io.github.airbuzz,1,1,False
io.github.airblackbox,1,1,False
io.github.airas-org,1,1,False
io.github.mcurmi05,1,1,False
io.github.mdefrance,1,1,False
io.github.aion-autonomous-org,1,1,False
io.github.aimsise,1,1,False
io.github.mdlinde-sketch,1,1,False
io.github.aimoda,1,1,False
io.github.aimnis,1,1,False
io.github.alfredoizdev,1,1,False
io.github.luckyjackluo,1,1,False
io.github.kevintsai1202,1,1,False
io.github.kuyazee,1,1,False
io.github.kskurtveit,1,1,False
io.github.ksmin83-bot,1,1,False
io.github.kten-agent,1,1,False
io.github.ktozvonil,1,1,False
io.github.kts982,1,1,False
io.github.ktwspecial-lab,1,1,False
io.github.kubeleash,1,1,False
io.github.andrew-sondgeroth,1,1,False
io.github.kubently,1,1,False
io.github.kubeshark,1,1,False
io.github.kubeshop,1,1,False
io.github.kuhumcst,1,1,False
io.github.kujenga,1,1,False
io.github.andrew-ji-cupix,1,1,False
io.github.kultur-dev,1,1,False
io.github.andretheronsa,1,1,False
io.github.andretaki,1,1,False
io.github.andresolbach,1,1,False
io.github.andresdefi,1,1,False
io.github.kunal-lead411,1,1,False
io.github.kunwar-shah,1,1,False
io.github.kurious8282,1,1,False
io.github.kurovu146,1,1,False
io.github.kushaim,1,1,False
io.github.kushknows,1,1,False
io.github.kushneryk,1,1,False
io.github.kuwaitdevs,1,1,False
io.github.ksimback,1,1,False
io.github.ksh0rt,1,1,False
io.github.andrewdraper,1,1,False
io.github.andrii-su,1,1,False
io.github.krampslaag,1,1,False
io.github.krayinc,1,1,False
io.github.kreuzberg-dev,1,1,False
io.github.kridaydave,1,1,False
io.github.krimto-labs,1,1,False
io.github.krisdiallo,1,1,False
io.github.krishnabhat,1,1,False
io.github.krishtoautomate,1,1,False
io.github.kriskraw80,1,1,False
io.github.kristof-sudo,1,1,False
io.github.krllagent,1,1,False
io.github.krmisystems,1,1,False
io.github.andreysparish,1,1,False
io.github.ksgisang,1,1,False
io.github.andrey-tut,1,1,False
io.github.andrewszk,1,1,False
io.github.krulewis,1,1,False
io.github.andrewnexa-hub,1,1,False
io.github.krumjahn,1,1,False
io.github.andrewmpierce,1,1,False
io.github.krutftw,1,1,False
io.github.kryp2,1,1,False
io.github.kryptobaseddev,1,1,False
io.github.andrewmccalip,1,1,False
io.github.ksaslam311,1,1,False
io.github.andrewlamamills-tech,1,1,False
io.github.andrequeiroz2,1,1,False
io.github.andrelaptenok,1,1,False
io.github.kphatak001,1,1,False
io.github.kuzivaai,1,1,False
io.github.andrasfe,1,1,False
io.github.andezdev,1,1,False
io.github.lacs-project,1,1,False
io.github.laf-rge,1,1,False
io.github.laffeyp,1,1,False
io.github.laibniz,1,1,False
io.github.lakshgk,1,1,False
io.github.andey0Saikiran,1,1,False
io.github.lanceyuu,1,1,False
io.github.landedjobs,1,1,False
io.github.langcare,1,1,False
io.github.andesstriker,1,1,False
io.github.langhoormarchal-beep,1,1,False
io.github.andersongadelhaadv-cmyk,1,1,False
io.github.anderseen-digital,1,1,False
io.github.lapfelix,1,1,False
io.github.laradji,1,1,False
io.github.lars20070,1,1,False
io.github.anburan-tech,1,1,False
io.github.larsbaunwall,1,1,False
io.github.las-team,1,1,False
io.github.las7,1,1,False
io.github.laser54,1,1,False
io.github.lastmanupinc-hub,1,1,False
io.github.latent-9,1,1,False
io.github.anara123,1,1,False
io.github.laundromatic,1,1,False
io.github.andrea9293,1,1,False
io.github.labtools-studio,1,1,False
io.github.andreabuttarelli,1,1,False
io.github.kyungseopk1m,1,1,False
io.github.kvdm-co-pilot,1,1,False
io.github.kvenanzi,1,1,False
io.github.kwizzlesurp10-ctrl,1,1,False
io.github.kylastech,1,1,False
io.github.andreisirbu91-lab,1,1,False
io.github.kyle641320,1,1,False
io.github.kylehawke-stack,1,1,False
io.github.andreisilva1,1,1,False
io.github.kynosure-ai,1,1,False
io.github.kynto2001-ctrl,1,1,False
io.github.kyrylopr,1,1,False
io.github.kyuheon-kr,1,1,False
io.github.l-agence,1,1,False
io.github.labsfuture,1,1,False
io.github.andreasd083,1,1,False
io.github.l0gfr,1,1,False
io.github.l10n-dev,1,1,False
io.github.l33tdawg,1,1,False
io.github.labacacia,1,1,False
io.github.andreas-roennestad,1,1,False
io.github.labarilem,1,1,False
io.github.labelgrid,1,1,False
io.github.labfolio,1,1,False
io.github.labham-llc,1,1,False
io.github.labrat-0,1,1,False
io.github.andreacappelletti97,1,1,False
io.github.krakonjac300-pixel,1,1,False
io.github.kpanuragh,1,1,False
io.github.analyticsinmotion,1,1,False
io.github.kivanccakmak,1,1,False
io.github.king-of-the-grackles,1,1,False
io.github.kingbbs,1,1,False
io.github.kingleosgold,1,1,False
io.github.kingplaybookHQadmin1,1,1,False
io.github.kingwarthur,1,1,False
io.github.kingymon1,1,1,False
io.github.kinti,1,1,False
io.github.anobell,1,1,False
io.github.kiranreddi,1,1,False
io.github.anmols,1,1,False
io.github.kiransth77,1,1,False
io.github.kiranz38,1,1,False
io.github.kirbah,1,1,False
io.github.kirill-sviridov,1,1,False
io.github.kirkderp,1,1,False
io.github.kiro0x,1,1,False
io.github.ankitsxchdeva,1,1,False
io.github.kirrrr-2423,1,1,False
io.github.kirubel,1,1,False
io.github.kishida-devil,1,1,False
io.github.kitao,1,1,False
io.github.kitepon,1,1,False
io.github.ankitpal181,1,1,False
io.github.kitepon-rgb,1,1,False
io.github.kitewright,1,1,False
io.github.kitsune-de,1,1,False
io.github.kitwright,1,1,False
io.github.kinbinghua-lgtm,1,1,False
io.github.kinance,1,1,False
io.github.kimsb2429,1,1,False
io.github.khs0927,1,1,False
io.github.kevynf,1,1,False
io.github.kewelin,1,1,False
io.github.kfuras,1,1,False
io.github.kgNatx,1,1,False
io.github.antct11,1,1,False
io.github.khaledmoayad,1,1,False
io.github.khalid-hasan,1,1,False
io.github.khalid-tounoussi-1,1,1,False
io.github.khalomsky,1,1,False
io.github.khan-ashifur,1,1,False
io.github.antbotlab,1,1,False
io.github.khglynn,1,1,False
io.github.khuisman,1,1,False
io.github.kimotostudio,1,1,False
io.github.kiddhu,1,1,False
io.github.ant-dev-lab,1,1,False
io.github.anpekesen,1,1,False
io.github.killbridge,1,1,False
io.github.kimbo128,1,1,False
io.github.anp2protocol,1,1,False
io.github.kimbobmarley03,1,1,False
io.github.kimgh06,1,1,False
io.github.kimimgo,1,1,False
io.github.kimjin8,1,1,False
io.github.anp2dev,1,1,False
io.github.kimny1143,1,1,False
io.github.kitxor,1,1,False
io.github.kiwoongeom,1,1,False
io.github.andyscott88,1,1,False
io.github.kiycoh,1,1,False
io.github.koki-develop,1,1,False
io.github.koki-socialgist,1,1,False
io.github.anilloutombam,1,1,False
io.github.kokogo100,1,1,False
io.github.aniekanasuquookono-web,1,1,False
io.github.kolganovr,1,1,False
io.github.aniebyl,1,1,False
io.github.angelus213,1,1,False
io.github.koller-nexus,1,1,False
io.github.koment-dev,1,1,False
io.github.kontent-ai,1,1,False
io.github.kontragentpro,1,1,False
io.github.kopachlager,1,1,False
io.github.koraykoylu,1,1,False
io.github.angelo-leone,1,1,False
io.github.koreal6803,1,1,False
io.github.korobkov-v,1,1,False
io.github.korovin-aa97,1,1,False
io.github.koshak01,1,1,False
io.github.kosiakMD,1,1,False
io.github.angelnicolasc,1,1,False
io.github.kossik,1,1,False
io.github.aneduaim,1,1,False
io.github.koten-ai,1,1,False
io.github.kotinder,1,1,False
io.github.kovoor,1,1,False
io.github.andzar22,1,1,False
io.github.kofujimura,1,1,False
io.github.anima-labs-ai,1,1,False
io.github.kochetkov-ma,1,1,False
io.github.klever-io,1,1,False
io.github.kjgueye,1,1,False
io.github.kkjdaniel,1,1,False
io.github.kkjh0723,1,1,False
io.github.anivdel,1,1,False
io.github.kkohli-nyu,1,1,False
io.github.badDevBuild,1,1,False
io.github.klarluft,1,1,False
io.github.kleaphq,1,1,False
io.github.klei30,1,1,False
io.github.klein-business,1,1,False
io.github.kleinicke,1,1,False
io.github.anish632,1,1,False
io.github.klevercv,1,1,False
io.github.animicaorg,1,1,False
io.github.klewicki7,1,1,False
io.github.klimPaskov,1,1,False
io.github.klmlfl,1,1,False
io.github.anipotts,1,1,False
io.github.kmalakoff,1,1,False
io.github.kmatata,1,1,False
io.github.knewstimek,1,1,False
io.github.aniongithub,1,1,False
io.github.knowall-ai,1,1,False
io.github.knowledgepa3,1,1,False
io.github.kobuta23,1,1,False
io.github.kobzevvv,1,1,False
io.github.launzi,1,1,False
io.github.laureennicholson635,1,1,False
io.github.lucianoon,1,1,False
io.github.lockstep-team-agent,1,1,False
io.github.livetennisapi,1,1,False
io.github.livevariant,1,1,False
io.github.living-hi,1,1,False
io.github.lixiaolin94,1,1,False
io.github.lixiaowww,1,1,False
io.github.alpha-ai-labs,1,1,False
io.github.liza-studio,1,1,False
io.github.lizhuojunx86,1,1,False
io.github.lj22503,1,1,False
io.github.alordincans,1,1,False
io.github.alondmnt,1,1,False
io.github.ljdigital,1,1,False
io.github.alokbarnwal,1,1,False
io.github.llmsresearch,1,1,False
io.github.almega-ai,1,1,False
io.github.almaestilo,1,1,False
io.github.allooloo,1,1,False
io.github.allenlu0409,1,1,False
io.github.lmwharton,1,1,False
io.github.lnanology,1,1,False
io.github.allchemylabs,1,1,False
io.github.lo-nau,1,1,False
io.github.loaditoutadmin,1,1,False
io.github.lobu-ai,1,1,False
io.github.localgov-jp,1,1,False
io.github.localseodata,1,1,False
io.github.localstack,1,1,False
io.github.liveplex-cpu,1,1,False
io.github.live-direct-marketing,1,1,False
io.github.liuh886,1,1,False
io.github.liquibase,1,1,False
io.github.linglistack,1,1,False
io.github.alvinindra,1,1,False
io.github.alunsoldantarctica,1,1,False
io.github.linkedmash,1,1,False
io.github.linnea-bakshi,1,1,False
io.github.alttextai,1,1,False
io.github.linq2db,1,1,False
io.github.altrsoftware,1,1,False
io.github.altmetric,1,1,False
io.github.lio1204,1,1,False
io.github.liquefy-ui,1,1,False
io.github.alptekin,1,1,False
io.github.lisamaraventano-spine,1,1,False
io.github.liudejua27-blip,1,1,False
io.github.alpineflow-io,1,1,False
io.github.liserichards,1,1,False
io.github.listingbureau,1,1,False
io.github.litheonhq,1,1,False
io.github.lithtrix,1,1,False
io.github.lithvall,1,1,False
io.github.alphavantage,1,1,False
io.github.alphasophia,1,1,False
io.github.alphasmo,1,1,False
io.github.alphaonedev,1,1,False
io.github.littleblakew,1,1,False
io.github.alpha-nu,1,1,False
io.github.allamiwayl-27,1,1,False
io.github.lofder,1,1,False
io.github.alvinjchoi,1,1,False
io.github.aliveranme,1,1,False
io.github.louis49,1,1,False
io.github.louislili,1,1,False
io.github.louissarvin,1,1,False
io.github.lovec-tech,1,1,False
io.github.aliboIly,1,1,False
io.github.lovelyquality,1,1,False
io.github.lovepivix,1,1,False
io.github.lowenbjer,1,1,False
io.github.aliasunder,1,1,False
io.github.aliasist,1,1,False
io.github.alias8818,1,1,False
io.github.alialrikabi313,1,1,False
io.github.alialbaker,1,1,False
io.github.lsequeiraa,1,1,False
io.github.lspain1994,1,1,False
io.github.ltspace,1,1,False
io.github.algorerthym,1,1,False
io.github.lu7897859-tech,1,1,False
io.github.algolia,1,1,False
io.github.lubobali,1,1,False
io.github.lucaslubi,1,1,False
io.github.lucasmella-stack,1,1,False
io.github.lucasnoah,1,1,False
io.github.lucaspmgomess,1,1,False
io.github.lucasr1b,1,1,False
io.github.lucatrevisanii,1,1,False
io.github.lucavisconti211-debug,1,1,False
io.github.lostnumber07,1,1,False
io.github.lorismascio17,1,1,False
io.github.alice51849,1,1,False
io.github.longsizhuo,1,1,False
io.github.aliomraniH,1,1,False
io.github.log-10x,1,1,False
io.github.logi-cmd,1,1,False
io.github.logisky,1,1,False
io.github.logly-uk,1,1,False
io.github.logotheusneuro-cpu,1,1,False
io.github.loicfontaine-max,1,1,False
io.github.lolikai,1,1,False
io.github.alimbenhelal-pro,1,1,False
io.github.loncadev,1,1,False
io.github.alik472,1,1,False
io.github.lonexreb,1,1,False
io.github.aligndottech,1,1,False
io.github.lorenzopi,1,1,False
io.github.longwiremedia,1,1,False
io.github.alifanov,1,1,False
io.github.alienbase-xyz,1,1,False
io.github.alichherawalla,1,1,False
io.github.loomle,1,1,False
io.github.loopgridio,1,1,False
io.github.loops-so,1,1,False
io.github.looptech-ai,1,1,False
io.github.aliceappai,1,1,False
io.github.lordolami,1,1,False
io.github.lorenestinfinite-maker,1,1,False
io.github.lorenzo-cambiaghi,1,1,False
io.github.linggen,1,1,False
io.github.lineofflight,1,1,False
io.github.laurells,1,1,False
io.github.leonardomso,1,1,False
io.github.leakdatahq,1,1,False
io.github.leakferrethq,1,1,False
io.github.leancoderkavy,1,1,False
io.github.leanrads,1,1,False
io.github.learningloons-hash,1,1,False
io.github.leejpsd,1,1,False
io.github.amitsha86,1,1,False
io.github.amithkukllod777,1,1,False
io.github.leek-emperor,1,1,False
io.github.leekung125,1,1,False
io.github.left-handed-grannies,1,1,False
io.github.legacyinmotion,1,1,False
io.github.legalithm,1,1,False
io.github.legann,1,1,False
io.github.legolev,1,1,False
io.github.amitesh-m,1,1,False
io.github.amit755,1,1,False
io.github.lemahq,1,1,False
io.github.lemmaoracle,1,1,False
io.github.lemonadolabs,1,1,False
io.github.lemonaide152,1,1,False
io.github.lennix1337,1,1,False
io.github.amirj4m,1,1,False
io.github.leo-runningcoach,1,1,False
io.github.amirdaraee,1,1,False
io.github.leochong,1,1,False
io.github.leojg,1,1,False
io.github.amitsingh-24,1,1,False
io.github.amkentech,1,1,False
io.github.leadpipe-com,1,1,False
io.github.ampres-ai,1,1,False
io.github.laveeshb,1,1,False
io.github.anaconda,1,1,False
io.github.lawp09,1,1,False
io.github.laxis-tech,1,1,False
io.github.layergen,1,1,False
io.github.amzscout-corp,1,1,False
io.github.amyodov,1,1,False
io.github.layers,1,1,False
io.github.layervai,1,1,False
io.github.layerzlabs,1,1,False
io.github.amruthpillai,1,1,False
io.github.amranswill,1,1,False
io.github.lazytitan30,1,1,False
io.github.leaderracom-hue,1,1,False
io.github.lbailey94,1,1,False
io.github.lbesecker195,1,1,False
io.github.lchampz,1,1,False
io.github.lchinglen,1,1,False
io.github.amplichina,1,1,False
io.github.ldclabs,1,1,False
io.github.ldshaf,1,1,False
io.github.leMaur,1,1,False
io.github.leadbay,1,1,False
io.github.amortegui84,1,1,False
io.github.amol21p,1,1,False
io.github.ammawla,1,1,False
io.github.leoleon506,1,1,False
io.github.aminpiano,1,1,False
io.github.lineai-intelligence,1,1,False
io.github.amin-ale,1,1,False
io.github.liboy119,1,1,False
io.github.amansingh63,1,1,False
io.github.lichtsalz,1,1,False
io.github.amanhij,1,1,False
io.github.amakkar-leap,1,1,False
io.github.lifeodyssey,1,1,False
io.github.amadeuserras,1,1,False
io.github.lifestylearb,1,1,False
io.github.liftaven,1,1,False
io.github.liftli-ai,1,1,False
io.github.ama353-arch,1,1,False
io.github.lightbrushproject,1,1,False
io.github.alxpark,1,1,False
io.github.lightnow-ai,1,1,False
io.github.lightshipHQ,1,1,False
io.github.alx1p,1,1,False
io.github.lignertys,1,1,False
io.github.lihtness,1,1,False
io.github.likhithreddy,1,1,False
io.github.liknenS,1,1,False
io.github.lildaddyo,1,1,False
io.github.lilo-property,1,1,False
io.github.limey,1,1,False
io.github.alvseek,1,1,False
io.github.limitcool,1,1,False
io.github.linagora,1,1,False
io.github.lindoai,1,1,False
io.github.liamohtee,1,1,False
io.github.lhf552004,1,1,False
io.github.amarodeabreu,1,1,False
io.github.ameinnaqvi,1,1,False
io.github.leonsm,1,1,False
io.github.amidabuddha,1,1,False
io.github.leosuhail-cmd,1,1,False
io.github.ameyxd,1,1,False
io.github.leshchenko1979,1,1,False
io.github.lesofi,1,1,False
io.github.let-sunny,1,1,False
io.github.letom1176-spec,1,1,False
io.github.amer-prog,1,1,False
io.github.letoribo,1,1,False
io.github.amenophis1er,1,1,False
io.github.letroi77,1,1,False
io.github.lets-order-some-fries,1,1,False
io.github.amarpathak,1,1,False
io.github.amehiny,1,1,False
io.github.ameernoufil,1,1,False
io.github.lewo-media,1,1,False
io.github.lexbritten,1,1,False
io.github.amcharts,1,1,False
io.github.lexerAnn,1,1,False
io.github.amati032-dev,1,1,False
io.github.lexwhiting,1,1,False
io.github.lfhillesheim,1,1,False
io.github.amaterous,1,1,False
io.github.lgpoliveira,1,1,False
io.github.lgyers,1,1,False
io.github.iainkek,1,1,False
io.github.hrvoje0099,1,1,False
io.github.iadnanmukhtar,1,1,False
io.github.cklam12345,1,1,False
io.github.edgecasehuman,1,1,False
io.github.chuofringer,1,1,False
io.github.edholofy,1,1,False
io.github.edinabazi,1,1,False
io.github.chunxiaoxx,1,1,False
io.github.edinetdb,1,1,False
io.github.edisontaimu9-ui,1,1,False
io.github.chunkydonut21,1,1,False
io.github.chughes113,1,1,False
io.github.editmamei,1,1,False
io.github.edjacarmona-cmd,1,1,False
io.github.edobusy,1,1,False
io.github.edrich13,1,1,False
io.github.edsonvmendes,1,1,False
io.github.chudah1,1,1,False
io.github.eduair94,1,1,False
io.github.eduardoabreu81,1,1,False
io.github.chrzanowy,1,1,False
io.github.chrp-bass,1,1,False
io.github.educlopez,1,1,False
io.github.edushinka,1,1,False
io.github.edwardyen724-g,1,1,False
io.github.edwinorange,1,1,False
io.github.edycutjong,1,1,False
io.github.chromium-style-qrcode,1,1,False
io.github.eezz4,1,1,False
io.github.efim23,1,1,False
io.github.edge-claw,1,1,False
io.github.churichard,1,1,False
io.github.edgardomunoznajar,1,1,False
io.github.circassian1977-byte,1,1,False
io.github.civis-labs,1,1,False
io.github.easonwong-de,1,1,False
io.github.easytocloud,1,1,False
io.github.easywebshop,1,1,False
io.github.civdotiq,1,1,False
io.github.eat-pray-ai,1,1,False
io.github.ebadros,1,1,False
io.github.citrix,1,1,False
io.github.ebeirne,1,1,False
io.github.cisco-open,1,1,False
io.github.ebenezer-isaac,1,1,False
io.github.ebmurha,1,1,False
io.github.cinderwright-ai,1,1,False
io.github.edelgad3,1,1,False
io.github.cicicalex,1,1,False
io.github.ecfaria,1,1,False
io.github.echoedinvoker,1,1,False
io.github.ciceroyang,1,1,False
io.github.echojobsio,1,1,False
io.github.echology-io,1,1,False
io.github.echomindr,1,1,False
io.github.ecomkit-com-ua,1,1,False
io.github.economic-agent,1,1,False
io.github.ed-dryha,1,1,False
io.github.edbror,1,1,False
io.github.edelciomolina,1,1,False
io.github.efranceschetti,1,1,False
io.github.eghuzefa,1,1,False
io.github.egocen-vivideo,1,1,False
io.github.elliot-esimdog,1,1,False
io.github.electron-stagewright,1,1,False
io.github.chrbailey,1,1,False
io.github.elephia,1,1,False
io.github.elestirelbilinc-sketch,1,1,False
io.github.chrassy,1,1,False
io.github.elgorro,1,1,False
io.github.eliaskress,1,1,False
io.github.elibarnett,1,1,False
io.github.chorghemaruti64-creator,1,1,False
io.github.elis132,1,1,False
io.github.choreoatlas,1,1,False
io.github.elisymprotocol,1,1,False
io.github.chopmob-cloud,1,1,False
io.github.eldesh,1,1,False
io.github.choiyounggi,1,1,False
io.github.elnicaise,1,1,False
io.github.elninyo-ops,1,1,False
io.github.chiranj,1,1,False
io.github.elpabloultron,1,1,False
io.github.elpadev,1,1,False
io.github.elsahafy,1,1,False
io.github.chirag127,1,1,False
io.github.chipzen-ai,1,1,False
io.github.elwsls,1,1,False
io.github.elyngved,1,1,False
io.github.emailens,1,1,False
io.github.chriphil70,1,1,False
io.github.elchin92,1,1,False
io.github.chriswu727,1,1,False
io.github.einiba,1,1,False
io.github.christophjonetzko-stack,1,1,False
io.github.christianhonap7-sys,1,1,False
io.github.egorthinks,1,1,False
io.github.christian289,1,1,False
io.github.christian-beep383,1,1,False
io.github.egulatee,1,1,False
io.github.christerso,1,1,False
io.github.chrismcdermut,1,1,False
io.github.eibrahim,1,1,False
io.github.chrisgleissner,1,1,False
io.github.eidetic-works,1,1,False
io.github.eigi-ai,1,1,False
io.github.eins78,1,1,False
io.github.elberacasa,1,1,False
io.github.einvoice-dev1,1,1,False
io.github.ej-technologies,1,1,False
io.github.chrisdoc,1,1,False
io.github.ejfkdev,1,1,False
io.github.chris-schra,1,1,False
io.github.ejwhite7,1,1,False
io.github.chris-paton,1,1,False
io.github.ekvanauk,1,1,False
io.github.chris-bsn,1,1,False
io.github.elViRafa,1,1,False
io.github.elagerway,1,1,False
io.github.elankeeran,1,1,False
io.github.ckalima,1,1,False
io.github.eansearch,1,1,False
io.github.emazaheri,1,1,False
io.github.claimidx,1,1,False
io.github.drjoergkrauter,1,1,False
io.github.droideck,1,1,False
io.github.droidrun,1,1,False
io.github.drolosoft,1,1,False
io.github.closelookventure,1,1,False
io.github.dropflyai,1,1,False
io.github.droplinkperformance,1,1,False
io.github.dropthis-dev,1,1,False
io.github.droptrack,1,1,False
io.github.drsound,1,1,False
io.github.cloakmaster,1,1,False
io.github.drumst0ck,1,1,False
io.github.clm-cloud-solutions,1,1,False
io.github.dryow1,1,1,False
io.github.drzamarian,1,1,False
io.github.dsers,1,1,False
io.github.dshakes,1,1,False
io.github.dsouzaAnush,1,1,False
io.github.dsrpt1,1,1,False
io.github.dstrupl,1,1,False
io.github.dtajitdinov-aris,1,1,False
io.github.clk1st,1,1,False
io.github.cliwant,1,1,False
io.github.dtduc-git,1,1,False
io.github.dth0108,1,1,False
io.github.clipugc,1,1,False
io.github.clipia-ai,1,1,False
io.github.drjerryrelth,1,1,False
io.github.drivenrajat,1,1,False
io.github.drivenbymyai-max,1,1,False
io.github.dravensoft-dev,1,1,False
io.github.dqj1998,1,1,False
io.github.dr12hes,1,1,False
io.github.cmd8,1,1,False
io.github.drQedwards,1,1,False
io.github.cmcgrabby-hue,1,1,False
io.github.dragnoir,1,1,False
io.github.dragonejt,1,1,False
io.github.dragoscv,1,1,False
io.github.clssck,1,1,False
io.github.drain54,1,1,False
io.github.drannakurasova,1,1,False
io.github.cloudsprite-io,1,1,False
io.github.drawcall-ai,1,1,False
io.github.cloud1map,1,1,False
io.github.dreamingms,1,1,False
io.github.dreamor,1,1,False
io.github.cloudquery,1,1,False
io.github.dreamrec,1,1,False
io.github.cloudinary,1,1,False
io.github.cloudforgetech6-ctrl,1,1,False
io.github.drewburchfield,1,1,False
io.github.drexthealpha,1,1,False
io.github.drfccv,1,1,False
io.github.drhalto,1,1,False
io.github.cloudbees,1,1,False
io.github.driveate,1,1,False
io.github.dtkmn,1,1,False
io.github.dubaikseniia-wq,1,1,False
io.github.climik,1,1,False
io.github.clarencyu-boop,1,1,False
io.github.dwarmerdam,1,1,False
io.github.clawd800,1,1,False
io.github.dweekly,1,1,False
io.github.clauderecallhq,1,1,False
io.github.dwgx,1,1,False
io.github.dylanc1317-create,1,1,False
io.github.claude-book,1,1,False
io.github.dylantirandaz,1,1,False
io.github.dynamical-org,1,1,False
io.github.dynamitecircle,1,1,False
io.github.clarkthomas,1,1,False
io.github.clarilayer,1,1,False
io.github.clarenceh,1,1,False
io.github.dwarehouse1,1,1,False
io.github.claracarspt,1,1,False
io.github.dziuba0x,1,1,False
io.github.e2xlabs,1,1,False
io.github.clara-finance,1,1,False
io.github.eCardWidget,1,1,False
io.github.clappia-dev,1,1,False
io.github.eSimfly-Official,1,1,False
io.github.eZhing,1,1,False
io.github.eabz,1,1,False
io.github.clanker-records,1,1,False
io.github.clairwave,1,1,False
io.github.eamondidier-ux,1,1,False
io.github.clawdbotworker,1,1,False
io.github.dversum,1,1,False
io.github.clicksprotocol,1,1,False
io.github.dundas,1,1,False
io.github.clezcoding,1,1,False
io.github.cletcher,1,1,False
io.github.dubdubdubco,1,1,False
io.github.clervo,1,1,False
io.github.clerk,1,1,False
io.github.dubuqingfeng,1,1,False
io.github.ducnhd,1,1,False
io.github.dugiwarc,1,1,False
io.github.clemensv,1,1,False
io.github.duiduixu,1,1,False
io.github.dulzuradev,1,1,False
io.github.cleburn,1,1,False
io.github.dungeonroll0,1,1,False
io.github.clay-swartz,1,1,False
io.github.clearcheck-uk,1,1,False
io.github.duriantaco,1,1,False
io.github.dushyant30suthar,1,1,False
io.github.claytono,1,1,False
io.github.dusk-network,1,1,False
io.github.clayton,1,1,False
io.github.duvoai,1,1,False
io.github.clayseal,1,1,False
io.github.dvcoolarun,1,1,False
io.github.dvd90,1,1,False
io.github.dvdksn,1,1,False
io.github.dvdsosa,1,1,False
io.github.chinedum-okoli,1,1,False
io.github.chicogong,1,1,False
io.github.dpesch,1,1,False
io.github.cello305,1,1,False
io.github.eyloni,1,1,False
io.github.ezemiz,1,1,False
io.github.ezequiellich44-cmd,1,1,False
io.github.cdkbotmcp,1,1,False
io.github.ezpzfile,1,1,False
io.github.ezrabrilliant,1,1,False
io.github.ccxt,1,1,False
io.github.f,1,1,False
io.github.f-o-x11,1,1,False
io.github.ccustomai,1,1,False
io.github.cct15,1,1,False
io.github.cchurctrip,1,1,False
io.github.ccedacero,1,1,False
io.github.ccamborde,1,1,False
io.github.cc1a2b,1,1,False
io.github.cc1988cc,1,1,False
io.github.cbolgiano,1,1,False
io.github.fDiosc,1,1,False
io.github.fabionfsc,1,1,False
io.github.fabkho,1,1,False
io.github.cavan1977,1,1,False
io.github.fablenator,1,1,False
io.github.facehunch,1,1,False
io.github.factgridai,1,1,False
io.github.factreason,1,1,False
io.github.causehacker,1,1,False
io.github.factum-project,1,1,False
io.github.extralabs,1,1,False
io.github.external-submissions-workable,1,1,False
io.github.extensiondev,1,1,False
io.github.evgeniy-yudin,1,1,False
io.github.cell-labs-inc,1,1,False
io.github.etymolt,1,1,False
io.github.eudoroolivares2016,1,1,False
io.github.eugenelabonarsky,1,1,False
io.github.cejor6,1,1,False
io.github.eutech-directory,1,1,False
io.github.evalor,1,1,False
io.github.cedrus-mcp,1,1,False
io.github.evanfollis,1,1,False
io.github.evefromwayback,1,1,False
io.github.eventtrader,1,1,False
io.github.everyai-com,1,1,False
io.github.evolutionlabs-dev,1,1,False
io.github.expremiental,1,1,False
io.github.evvfebruary,1,1,False
io.github.ewalid,1,1,False
io.github.cedarai,1,1,False
io.github.cdutr,1,1,False
io.github.cdump,1,1,False
io.github.excaliwow,1,1,False
io.github.execuro,1,1,False
io.github.cdrn,1,1,False
io.github.cdonoyan,1,1,False
io.github.exoticknight,1,1,False
io.github.exp78,1,1,False
io.github.explorium-ai,1,1,False
io.github.facultidev42FacultiDevelopment,1,1,False
io.github.fadeynotchenko,1,1,False
io.github.fadnavismehul,1,1,False
io.github.fegalvezg,1,1,False
io.github.carrotly-ai,1,1,False
io.github.carlosofscience,1,1,False
io.github.carloshpdoc,1,1,False
io.github.federicocelico,1,1,False
io.github.federicodeponte,1,1,False
io.github.carlosge492,1,1,False
io.github.feedbk-ai,1,1,False
io.github.carlosdania,1,1,False
io.github.feedthrough,1,1,False
io.github.carlosalvite,1,1,False
io.github.feelgreatfoodie,1,1,False
io.github.feelyday,1,1,False
io.github.fel123,1,1,False
io.github.fdcommercial,1,1,False
io.github.felipebasurto,1,1,False
io.github.carlosahumada89,1,1,False
io.github.carlisia,1,1,False
io.github.felipegambettadesouza6-jpg,1,1,False
io.github.carldaws,1,1,False
io.github.felixbaumannkontakt-tech,1,1,False
io.github.cariohca-ux,1,1,False
io.github.felixpg13-glitch,1,1,False
io.github.fengcl,1,1,False
io.github.carhaix,1,1,False
io.github.fentz26,1,1,False
io.github.cardmagic,1,1,False
io.github.fedepellegrini,1,1,False
io.github.fcon-tech,1,1,False
io.github.causa-prima-ai,1,1,False
io.github.caseSHY,1,1,False
io.github.fahassan00,1,1,False
io.github.failed33,1,1,False
io.github.falsalama,1,1,False
io.github.farestrabs,1,1,False
io.github.faridmth,1,1,False
io.github.farshadmomo,1,1,False
io.github.catalo-ai,1,1,False
io.github.cassilup,1,1,False
io.github.cassarebaser,1,1,False
io.github.cashfree,1,1,False
io.github.fasteningcode,1,1,False
io.github.fastslack,1,1,False
io.github.fatenava,1,1,False
io.github.fboldo,1,1,False
io.github.fathyshalaby,1,1,False
io.github.carvectorio,1,1,False
io.github.cartoonitunes,1,1,False
io.github.fatihbaltaci,1,1,False
io.github.fauguste,1,1,False
io.github.carterchencc,1,1,False
io.github.carsxe,1,1,False
io.github.faulknerwayne73-droid,1,1,False
io.github.carstrikeAU,1,1,False
io.github.carson-see,1,1,False
io.github.faze79,1,1,False
io.github.fbmdata,1,1,False
io.github.ethbak,1,1,False
io.github.ethanolivertroy,1,1,False
io.github.embedded-society,1,1,False
io.github.ethanjyx,1,1,False
io.github.engrossa,1,1,False
io.github.chemic,1,1,False
io.github.chefcohen,1,1,False
io.github.enigm-io-sys,1,1,False
io.github.cheevahagadog,1,1,False
io.github.enrichgateagent-png,1,1,False
io.github.enrichment-kids,1,1,False
io.github.checkra1neth,1,1,False
io.github.enthrium,1,1,False
io.github.checkout,1,1,False
io.github.entia-systems-core,1,1,False
io.github.cheadlee10,1,1,False
io.github.entreprisedaney33-rgb,1,1,False
io.github.chaytanc,1,1,False
io.github.entropy0dev,1,1,False
io.github.enuno,1,1,False
io.github.charo360,1,1,False
io.github.enzoduit,1,1,False
io.github.charmshots,1,1,False
io.github.charliemtnez,1,1,False
io.github.eobi,1,1,False
io.github.eodozzy,1,1,False
io.github.eoinjordan,1,1,False
io.github.charlie-morrison,1,1,False
io.github.epam,1,1,False
io.github.epheterson,1,1,False
io.github.charlesrapp,1,1,False
io.github.engrmaziz,1,1,False
io.github.eng-mohaemad,1,1,False
io.github.enessubass,1,1,False
io.github.chernistry,1,1,False
io.github.embeddedci-com,1,1,False
io.github.chico10117,1,1,False
io.github.emcd,1,1,False
io.github.chibataku0815,1,1,False
io.github.emercoin,1,1,False
io.github.emergencescience,1,1,False
io.github.chhavimishra,1,1,False
io.github.emidlabs,1,1,False
io.github.chevy155,1,1,False
io.github.emiliaprotocol,1,1,False
io.github.emils-design,1,1,False
io.github.chetparker,1,1,False
io.github.cherninlab,1,1,False
io.github.enessari,1,1,False
io.github.emircbngl,1,1,False
io.github.emmanuel39hanks,1,1,False
io.github.chenyujing1234-netizen,1,1,False
io.github.emnbc,1,1,False
io.github.chenyuan35,1,1,False
io.github.emog33k,1,1,False
io.github.chenxiaofie,1,1,False
io.github.emresemercioglu,1,1,False
io.github.chenlidongorg,1,1,False
io.github.emretheus,1,1,False
io.github.endoflife-ai,1,1,False
io.github.energio-es,1,1,False
io.github.epinethrone,1,1,False
io.github.epinnock,1,1,False
io.github.epolat,1,1,False
io.github.esperanza-volkov,1,1,False
io.github.errick0x,1,1,False
io.github.ertad-family,1,1,False
io.github.cgseyhan,1,1,False
io.github.ertugrulakben,1,1,False
io.github.cgrtml,1,1,False
io.github.cgdev2019,1,1,False
io.github.cgallic,1,1,False
io.github.cflorczyk9,1,1,False
io.github.esherialabs,1,1,False
io.github.cesco345,1,1,False
io.github.certindex,1,1,False
io.github.cerebrixos-org,1,1,False
io.github.cerebrixos,1,1,False
io.github.erova,1,1,False
io.github.esrisaudiarabia,1,1,False
io.github.esstipi-debug,1,1,False
io.github.estevecastells,1,1,False
io.github.estroni,1,1,False
io.github.centricai,1,1,False
io.github.estruyf,1,1,False
io.github.etairl,1,1,False
io.github.cengit1,1,1,False
io.github.eterdis,1,1,False
io.github.eternal-roman,1,1,False
io.github.ethan-hub26,1,1,False
io.github.ethanasm,1,1,False
io.github.erpipe-org,1,1,False
io.github.erorund,1,1,False
io.github.epsteinj,1,1,False
io.github.erayendes,1,1,False
io.github.equalang-ai,1,1,False
io.github.charles-verdict,1,1,False
io.github.equicirco,1,1,False
io.github.equilibrium-team,1,1,False
io.github.charity-verify-admin,1,1,False
io.github.erajasekar,1,1,False
io.github.charistas,1,1,False
io.github.eralpozcan,1,1,False
io.github.eranfinish,1,1,False
io.github.chanyou0311,1,1,False
io.github.eranimore,1,1,False
io.github.erashev-fedor,1,1,False
io.github.chaelynet,1,1,False
io.github.cgvhbjk,1,1,False
io.github.chaehomie,1,1,False
io.github.ergoracloud,1,1,False
io.github.ericblair1903,1,1,False
io.github.erichare,1,1,False
io.github.chadnewbry,1,1,False
io.github.erickkkyt,1,1,False
io.github.erickmckee,1,1,False
io.github.ericlovold,1,1,False
io.github.chadbot0x,1,1,False
io.github.chaband-ops,1,1,False
io.github.erliona,1,1,False
io.github.chaandannn,1,1,False
io.github.dpetrou-continua,1,1,False
io.github.dpc00,1,1,False
io.github.caraulani,1,1,False
io.github.crp4222,1,1,False
io.github.davisvillelabs,1,1,False
io.github.dawitlabs,1,1,False
io.github.daxm,1,1,False
io.github.dazzle-labs,1,1,False
io.github.dbhq-uk,1,1,False
io.github.dbnexsus,1,1,False
io.github.dburks-svg,1,1,False
io.github.crewhaus,1,1,False
io.github.dbwls99706,1,1,False
io.github.creis-ai,1,1,False
io.github.dchhill,1,1,False
io.github.dcondrey,1,1,False
io.github.creator35lwb-web,1,1,False
io.github.dcrypt-007,1,1,False
io.github.dcvalentino69-ux,1,1,False
io.github.dd77ss,1,1,False
io.github.ddevetak,1,1,False
io.github.crawlbrulee,1,1,False
io.github.ddmanyes,1,1,False
io.github.crane-valley,1,1,False
io.github.craigmbrown,1,1,False
io.github.crabeye-ai,1,1,False
io.github.debridge-finance,1,1,False
io.github.debu-sinha,1,1,False
io.github.decantr-ai,1,1,False
io.github.cr7258,1,1,False
io.github.decibri,1,1,False
io.github.crisjonblvx,1,1,False
io.github.crisnahine,1,1,False
io.github.davidsiegel59,1,1,False
io.github.david-steel,1,1,False
io.github.dataplat,1,1,False
io.github.croviatrust,1,1,False
io.github.dataraum,1,1,False
io.github.datenoio,1,1,False
io.github.datmay-dot,1,1,False
io.github.datoushiwo,1,1,False
io.github.datris,1,1,False
io.github.daubesonntag-dotcom,1,1,False
io.github.crosstech-solutions-bv,1,1,False
io.github.davegomez,1,1,False
io.github.davesheffer,1,1,False
io.github.david-eve-za,1,1,False
io.github.crossi-dev,1,1,False
io.github.davidscoreal,1,1,False
io.github.davidalbertonogueira,1,1,False
io.github.davidandradebar,1,1,False
io.github.crony-io,1,1,False
io.github.croit,1,1,False
io.github.davidangularme,1,1,False
io.github.davidemanuelDEV,1,1,False
io.github.davidgringras,1,1,False
io.github.davidlandais,1,1,False
io.github.croc100,1,1,False
io.github.cristianmoroaica,1,1,False
io.github.davidpreid,1,1,False
io.github.crissyfield,1,1,False
io.github.decidefyi,1,1,False
io.github.cq27-dev,1,1,False
io.github.deciduus,1,1,False
io.github.denyn1,1,1,False
io.github.cottom,1,1,False
io.github.demovela,1,1,False
io.github.demwick,1,1,False
io.github.coti-io,1,1,False
io.github.costkits,1,1,False
io.github.dengxuhui,1,1,False
io.github.dengyier,1,1,False
io.github.dengyu123456,1,1,False
io.github.denial-web,1,1,False
io.github.denis-platonov,1,1,False
io.github.costajohnt,1,1,False
io.github.dentro-fyi,1,1,False
io.github.corsur,1,1,False
io.github.demorphed6-lgtm,1,1,False
io.github.depixapp,1,1,False
io.github.deployhq,1,1,False
io.github.deployment-io,1,1,False
io.github.depurecoindustrialvacuums-boop,1,1,False
io.github.dequelabs,1,1,False
io.github.derNif,1,1,False
io.github.derekchoyai,1,1,False
io.github.derekslinz,1,1,False
io.github.deriveit33z-ship-it,1,1,False
io.github.derkcc,1,1,False
io.github.desci-labs,1,1,False
io.github.design-smith,1,1,False
io.github.demos-ra,1,1,False
io.github.couchbase,1,1,False
io.github.deckbase,1,1,False
io.github.deepwired,1,1,False
io.github.cprice70,1,1,False
io.github.deckflow,1,1,False
io.github.declaw-ai,1,1,False
io.github.deed-lang,1,1,False
io.github.cphoskins,1,1,False
io.github.deenaik,1,1,False
io.github.deeparteffects,1,1,False
io.github.cpfhub,1,1,False
io.github.cpenniman12,1,1,False
io.github.coyaSONG,1,1,False
io.github.cowboyhq,1,1,False
io.github.deepmemteam,1,1,False
io.github.defdone,1,1,False
io.github.demi-hl,1,1,False
io.github.deficlow,1,1,False
io.github.defimind-ai,1,1,False
io.github.degenlegion-com,1,1,False
io.github.degibug-del,1,1,False
io.github.delega-dev,1,1,False
io.github.delentia-labs,1,1,False
io.github.deleteweb,1,1,False
io.github.delian,1,1,False
io.github.courtio,1,1,False
io.github.countersign-network,1,1,False
io.github.counterpoint-studio,1,1,False
io.github.delorenj,1,1,False
io.github.crowdvector,1,1,False
io.github.datalattice,1,1,False
io.github.desper,1,1,False
io.github.datahogo,1,1,False
io.github.dalenz50010,1,1,False
io.github.dalisecurity,1,1,False
io.github.dalvaren,1,1,False
io.github.dalyaka,1,1,False
io.github.dambuchs,1,1,False
io.github.cuotos,1,1,False
io.github.dame-senders,1,1,False
io.github.damiancolo,1,1,False
io.github.damianruse,1,1,False
io.github.damonwill78-a11y,1,1,False
io.github.cunjun,1,1,False
io.github.dan-fetch-studio,1,1,False
io.github.cuilinhao,1,1,False
io.github.dan1d,1,1,False
io.github.cuilabs,1,1,False
io.github.dan24ou-cpu,1,1,False
io.github.dan94k,1,1,False
io.github.cueqzapper,1,1,False
io.github.danafitkowski,1,1,False
io.github.cuemap-dev,1,1,False
io.github.danboabes,1,1,False
io.github.cubinet-code,1,1,False
io.github.danbones33,1,1,False
io.github.cturkieh,1,1,False
io.github.cthulhutoo,1,1,False
io.github.ct-jaryn,1,1,False
io.github.dancourse,1,1,False
io.github.curlymolelabs,1,1,False
io.github.cuthongthai-vn,1,1,False
io.github.dahshanlabs,1,1,False
io.github.da-troll,1,1,False
io.github.cyclimse,1,1,False
io.github.cygnussystems,1,1,False
io.github.cynarax,1,1,False
io.github.cyberlife-coder,1,1,False
io.github.cyntrisec,1,1,False
io.github.cytoscape,1,1,False
io.github.cyberia-to,1,1,False
io.github.czcz0009,1,1,False
io.github.d-khomenko,1,1,False
io.github.d08m,1,1,False
io.github.cybairfly,1,1,False
io.github.dKosarevsky,1,1,False
io.github.daanielcruz,1,1,False
io.github.cvelasquez,1,1,False
io.github.cxk280,1,1,False
io.github.dabito,1,1,False
io.github.dachhack,1,1,False
io.github.dacode-dev,1,1,False
io.github.cx-anand-nandeshwar,1,1,False
io.github.dadang11,1,1,False
io.github.cwooddgr,1,1,False
io.github.daddariotech,1,1,False
io.github.cwjgege,1,1,False
io.github.cwhited26,1,1,False
io.github.daedalusdevelopmentgroup,1,1,False
io.github.daffa2555,1,1,False
io.github.dancumberland,1,1,False
io.github.csvbox-io,1,1,False
io.github.danecodes,1,1,False
io.github.darksider4all,1,1,False
io.github.danpillay87,1,1,False
io.github.dante-is-shipping,1,1,False
io.github.dantwoashim,1,1,False
io.github.daochild,1,1,False
io.github.cryptosun,1,1,False
io.github.cryptoplayer,1,1,False
io.github.daqifi,1,1,False
io.github.cryptomotifs,1,1,False
io.github.dario933,1,1,False
io.github.dariuscorvus,1,1,False
io.github.cryptomfer,1,1,False
io.github.darknodebros,1,1,False
io.github.cryptoeights,1,1,False
io.github.dannyshmueli,1,1,False
io.github.cryptobriefing-labs,1,1,False
io.github.crypto-yannso,1,1,False
io.github.darshan0548,1,1,False
io.github.darwinphi,1,1,False
io.github.darylerivers,1,1,False
io.github.darylmcd,1,1,False
io.github.crypto-ninja,1,1,False
io.github.dasein108,1,1,False
io.github.cruxible-ai,1,1,False
io.github.dashi96,1,1,False
io.github.dat999zx,1,1,False
io.github.datacharter,1,1,False
io.github.danpeig,1,1,False
io.github.dannykeane,1,1,False
io.github.danelas,1,1,False
io.github.danielrz,1,1,False
io.github.dangamsoft,1,1,False
io.github.daniel3303,1,1,False
io.github.danielasalgadov,1,1,False
io.github.danielcregg,1,1,False
io.github.danielctc,1,1,False
io.github.csolomon0704-prog,1,1,False
io.github.daniele-chiappa,1,1,False
io.github.danielecr,1,1,False
io.github.danielenricocahall,1,1,False
io.github.danielinniss,1,1,False
io.github.danielle790,1,1,False
io.github.csmediapro,1,1,False
io.github.danielsalles,1,1,False
io.github.cryptyx-ai,1,1,False
io.github.danielsousaoliveira,1,1,False
io.github.csjoblom,1,1,False
io.github.danielwuhk77,1,1,False
io.github.danielxri,1,1,False
io.github.csitte,1,1,False
io.github.csanadymiklos,1,1,False
io.github.danioni,1,1,False
io.github.csa7mdm,1,1,False
io.github.danmarkprintes,1,1,False
io.github.danmartuszewski,1,1,False
io.github.crytobot459,1,1,False
io.github.crystalsignal,1,1,False
io.github.deslay1,1,1,False
io.github.despiteryan,1,1,False
io.github.cmoonagent,1,1,False
io.github.disclose,1,1,False
io.github.dlrjsdl200-byte,1,1,False
io.github.dlsforge,1,1,False
io.github.colophon-group,1,1,False
io.github.colm18-gif,1,1,False
io.github.collapseindex,1,1,False
io.github.dma9527,1,1,False
io.github.colapsis,1,1,False
io.github.dmarc-examiner,1,1,False
io.github.colabfit,1,1,False
io.github.coinrule-com,1,1,False
io.github.cogswellspacely8-star,1,1,False
io.github.cognivis,1,1,False
io.github.dmkorj,1,1,False
io.github.dmsnavin,1,1,False
io.github.dmytrome,1,1,False
io.github.dnotitia,1,1,False
io.github.dns-aid,1,1,False
io.github.cognitivemyriad,1,1,False
io.github.cogdepot,1,1,False
io.github.coe0718,1,1,False
io.github.codyz123,1,1,False
io.github.doazvjettu,1,1,False
io.github.codymcc4,1,1,False
io.github.docdiagram,1,1,False
io.github.docdyhr,1,1,False
io.github.codyard,1,1,False
io.github.docfork,1,1,False
io.github.colorfulbox-inc,1,1,False
io.github.dlbolshov,1,1,False
io.github.dl-eigenart,1,1,False
io.github.dizzydes,1,1,False
io.github.dishui,1,1,False
io.github.disin7c9,1,1,False
io.github.divenire990,1,1,False
io.github.commiegod,1,1,False
io.github.commet,1,1,False
io.github.divitkashyap,1,1,False
io.github.divu2025,1,1,False
io.github.commandoperator,1,1,False
io.github.divyanshu-iitian,1,1,False
io.github.diyaluo,1,1,False
io.github.dizpers,1,1,False
io.github.dizzlkheinz,1,1,False
io.github.cometchat,1,1,False
io.github.dkanster,1,1,False
io.github.djanacek,1,1,False
io.github.djangelo88,1,1,False
io.github.comet-ml,1,1,False
io.github.djautomd-lab,1,1,False
io.github.combor,1,1,False
io.github.com55,1,1,False
io.github.djerok,1,1,False
io.github.djoudad292,1,1,False
io.github.coltongriffith,1,1,False
io.github.djrobson5,1,1,False
io.github.colossal1598,1,1,False
io.github.dkaleganov,1,1,False
io.github.docjet-dev,1,1,False
io.github.dockersamples,1,1,False
io.github.codework-lgtm,1,1,False
io.github.dot-billy,1,1,False
io.github.donjguido,1,1,False
io.github.codebahn,1,1,False
io.github.donovan-jasper,1,1,False
io.github.donovanh,1,1,False
io.github.dontuh3,1,1,False
io.github.dopionut-jpg,1,1,False
io.github.doricstack,1,1,False
io.github.doritoman90000,1,1,False
io.github.dornansgar390-hue,1,1,False
io.github.codeFi,1,1,False
io.github.code-with-brian,1,1,False
io.github.cobusvdwest,1,1,False
io.github.doteyeso-ops,1,1,False
io.github.donghyeon01,1,1,False
io.github.doublegate,1,1,False
io.github.coastmancoastman,1,1,False
io.github.doubleuson,1,1,False
io.github.cnohall,1,1,False
io.github.cnnrobrn,1,1,False
io.github.douglasborthwick-crypto,1,1,False
io.github.douglasgan,1,1,False
io.github.cnghockey,1,1,False
io.github.douglaslinsmeyer,1,1,False
io.github.dougsureel-tech,1,1,False
io.github.cmssy-io,1,1,False
io.github.cmpxchg16,1,1,False
io.github.codebiwan,1,1,False
io.github.codefuturist,1,1,False
io.github.dockster,1,1,False
io.github.dominic-righthere,1,1,False
io.github.docling-project,1,1,False
io.github.docsagent,1,1,False
io.github.documentero,1,1,False
io.github.dodenbach,1,1,False
io.github.dodopok,1,1,False
io.github.codeurali,1,1,False
io.github.dohertykariann-code,1,1,False
io.github.dohyeopsong,1,1,False
io.github.dokmatiq,1,1,False
io.github.coderifts,1,1,False
io.github.coder-ka,1,1,False
io.github.coder,1,1,False
io.github.codeofaxel,1,1,False
io.github.codegraph-ai,1,1,False
io.github.dominiclachance,1,1,False
io.github.dominik1001,1,1,False
io.github.dominion525,1,1,False
io.github.codelives,1,1,False
io.github.codelipenghui,1,1,False
io.github.domondi1,1,1,False
io.github.dong7812,1,1,False
io.github.codeledgerECF,1,1,False
io.github.dongdongbh,1,1,False
io.github.codelad1304,1,1,False
io.github.codeislaw101,1,1,False
io.github.codehabits-dev,1,1,False
io.github.discourse,1,1,False
io.github.commit-check,1,1,False
io.github.desplega-ai,1,1,False
io.github.dirtcubeinteractive,1,1,False
io.github.devlollc,1,1,False
io.github.devmster,1,1,False
io.github.devon-clarkk,1,1,False
io.github.devopam,1,1,False
io.github.devp1,1,1,False
io.github.devsrodrigo,1,1,False
io.github.copus-io,1,1,False
io.github.copperline-labs,1,1,False
io.github.devzspy,1,1,False
io.github.coopergwrenn,1,1,False
io.github.dexcom-inc,1,1,False
io.github.cookiechain,1,1,False
io.github.coo1white,1,1,False
io.github.dexl-io,1,1,False
io.github.coo-quack,1,1,False
io.github.conversoriaecnae,1,1,False
io.github.conversiondigital-cmyk,1,1,False
io.github.deyikong,1,1,False
io.github.continuewith-ai,1,1,False
io.github.dfrancislyondflabc-tech,1,1,False
io.github.dfridkin,1,1,False
io.github.contextstreamio,1,1,False
io.github.contextstream,1,1,False
io.github.dgonzap30,1,1,False
io.github.dgunning,1,1,False
io.github.dhamma-seeker,1,1,False
io.github.contextium-io,1,1,False
io.github.devlint,1,1,False
io.github.devlensio,1,1,False
io.github.devkindhq,1,1,False
io.github.devantler-tech,1,1,False
io.github.desty2k,1,1,False
io.github.corporatelad,1,1,False
io.github.corply-dev,1,1,False
io.github.detection-forge,1,1,False
io.github.deugene,1,1,False
io.github.dev-allflyghts,1,1,False
io.github.dev-flexorch,1,1,False
io.github.dev-jackson,1,1,False
io.github.coret,1,1,False
io.github.dev-proxy-tools,1,1,False
io.github.coregentdevspace,1,1,False
io.github.devag7,1,1,False
io.github.devchad-cmd,1,1,False
io.github.devjoaocastro,1,1,False
io.github.developer-ishan,1,1,False
io.github.developeron29,1,1,False
io.github.corbinvachal48,1,1,False
io.github.developerz-ai,1,1,False
io.github.devemberx,1,1,False
io.github.deverman,1,1,False
io.github.devhelmhq,1,1,False
io.github.devids77,1,1,False
io.github.deviljin17,1,1,False
io.github.devilsfave,1,1,False
io.github.devinmlowe,1,1,False
io.github.corbat-tech,1,1,False
io.github.dhanaway,1,1,False
io.github.dhanushs1912-svg,1,1,False
io.github.dharan1007,1,1,False
io.github.dinequickly,1,1,False
io.github.diko316,1,1,False
io.github.dillan,1,1,False
io.github.dilshaus,1,1,False
io.github.conaman,1,1,False
io.github.dimabalony,1,1,False
io.github.dimawin22,1,1,False
io.github.dimitar-grigorov,1,1,False
io.github.computron,1,1,False
io.github.compute-finance,1,1,False
io.github.dimitrilaouanis-tech,1,1,False
io.github.dimitrovakulenko,1,1,False
io.github.composable-delivery,1,1,False
io.github.compl-i-agent,1,1,False
io.github.configcat,1,1,False
io.github.compiler-explorer,1,1,False
io.github.dinggi5,1,1,False
io.github.compassalessandrolorenz,1,1,False
io.github.dingw1982,1,1,False
io.github.dinof777,1,1,False
io.github.comparedge,1,1,False
io.github.dinwind,1,1,False
io.github.dio6742,1,1,False
io.github.dioniipereyraa,1,1,False
io.github.companybetatel,1,1,False
io.github.commodus67,1,1,False
io.github.direct-web,1,1,False
io.github.digitamaz,1,1,False
io.github.connerkward,1,1,False
io.github.dharani0804,1,1,False
io.github.diagrammo,1,1,False
io.github.context-foundry,1,1,False
io.github.contentfactory,1,1,False
io.github.contentauth,1,1,False
io.github.dharun-rd,1,1,False
io.github.containers,1,1,False
io.github.contactxyz-admin,1,1,False
io.github.contacto291,1,1,False
io.github.dhishwasher,1,1,False
io.github.dhnpmp-tech,1,1,False
io.github.dhsiao510,1,1,False
io.github.consultkit,1,1,False
io.github.dhughes6071,1,1,False
io.github.constellation-works,1,1,False
io.github.digitalmentes7-maker,1,1,False
io.github.dialgoodian,1,1,False
io.github.dialnexa,1,1,False
io.github.constants-ai,1,1,False
io.github.didrod205,1,1,False
io.github.diecoscai,1,1,False
io.github.diemoeve,1,1,False
io.github.digidenone,1,1,False
io.github.digital-wisdom-ai,1,1,False
io.github.digitaldatadriven,1,1,False
io.github.constantinemakoid,1,1,False
io.github.conquext,1,1,False
io.github.digitalimpresys,1,1,False
io.github.ferm-ai,1,1,False
io.github.capyBearista,1,1,False
io.github.badigit,1,1,False
io.github.gunning4it,1,1,False
io.github.habenani,1,1,False
io.github.habibafaisal,1,1,False
io.github.bitatlas-group,1,1,False
io.github.bitMacrocode,1,1,False
io.github.hackle-io,1,1,False
io.github.bit-robotics,1,1,False
io.github.hackmods,1,1,False
io.github.hacksurvivor,1,1,False
io.github.hadirizvi093,1,1,False
io.github.biswajitpanday,1,1,False
io.github.hadriangateway,1,1,False
io.github.haidrau,1,1,False
io.github.birthday-tools,1,1,False
io.github.biocross,1,1,False
io.github.hail-hq,1,1,False
io.github.haim-barad,1,1,False
io.github.haiyunsky,1,1,False
io.github.hakimelek,1,1,False
io.github.bintocher,1,1,False
io.github.bimwright,1,1,False
io.github.hakimjonas,1,1,False
io.github.billylui,1,1,False
io.github.billychl1,1,1,False
io.github.billybotticelli4u-collab,1,1,False
io.github.billy12151,1,1,False
io.github.bilal07karadeniz,1,1,False
io.github.halfkey,1,1,False
io.github.habedi,1,1,False
io.github.h4ck4life,1,1,False
io.github.h2bis-dev,1,1,False
io.github.guzz-labs,1,1,False
io.github.gurkang,1,1,False
io.github.bitsandtea,1,1,False
io.github.gurvinder-dhillon,1,1,False
io.github.gusgordon,1,1,False
io.github.gusmaogabriels,1,1,False
io.github.bitrise-io,1,1,False
io.github.guth01,1,1,False
io.github.bitofacoder,1,1,False
io.github.guxiaodan333-source,1,1,False
io.github.guycole,1,1,False
io.github.guykJfrog,1,1,False
io.github.bitfenceai,1,1,False
io.github.gvasile29,1,1,False
io.github.h2-papers,1,1,False
io.github.gweber,1,1,False
io.github.bitcompare,1,1,False
io.github.gwhthompson,1,1,False
io.github.gx-55,1,1,False
io.github.gxc,1,1,False
io.github.gybob,1,1,False
io.github.gzchenhao,1,1,False
io.github.bitcoinresearchkit,1,1,False
io.github.bitbond,1,1,False
io.github.gzlo,1,1,False
io.github.gzucob,1,1,False
io.github.h1-hunt,1,1,False
io.github.bierlingm,1,1,False
io.github.halowerk,1,1,False
io.github.halversondm,1,1,False
io.github.bezata,1,1,False
io.github.bgauryy,1,1,False
io.github.harshitAgr,1,1,False
io.github.harshithsunku,1,1,False
io.github.bgalmes,1,1,False
io.github.hartemyaakoub,1,1,False
io.github.bgage72590,1,1,False
io.github.hasanaydin7,1,1,False
io.github.haserisa0810-gif,1,1,False
io.github.bg7iuy,1,1,False
io.github.hashchecked,1,1,False
io.github.hashfunction,1,1,False
io.github.beznazwiska,1,1,False
io.github.beyondwin,1,1,False
io.github.bgaze,1,1,False
io.github.hashicorp,1,1,False
io.github.beyondnetcode,1,1,False
io.github.hasimkilic,1,1,False
io.github.beydemirfurkan,1,1,False
io.github.hassaanali723,1,1,False
io.github.hassanahashish-design,1,1,False
io.github.hatgit,1,1,False
io.github.beycom,1,1,False
io.github.bevanding,1,1,False
io.github.havilandsoftware,1,1,False
io.github.hawthornhollows,1,1,False
io.github.hbhqq9,1,1,False
io.github.harshil-projects,1,1,False
io.github.harrybin,1,1,False
io.github.hamadalmajdouie-rgb,1,1,False
io.github.bhuman-ai,1,1,False
io.github.bidglow-ai,1,1,False
io.github.hananzlot,1,1,False
io.github.bickov,1,1,False
io.github.bibinprathap,1,1,False
io.github.handongzhen101-jpg,1,1,False
io.github.handset-hq,1,1,False
io.github.bhuvnsh,1,1,False
io.github.hanicker,1,1,False
io.github.hanjialeGit,1,1,False
io.github.bhuvanabala,1,1,False
io.github.hanmahong5-arch,1,1,False
io.github.hannasdev,1,1,False
io.github.hans6883,1,1,False
io.github.harrisonford,1,1,False
io.github.hanshs474,1,1,False
io.github.bharath-krishna,1,1,False
io.github.haocn-ops,1,1,False
io.github.haoming-luo,1,1,False
io.github.haomingkoo,1,1,False
io.github.haoyun18881-beep,1,1,False
io.github.happy520ai,1,1,False
io.github.happyc0der,1,1,False
io.github.bh-rat,1,1,False
io.github.bgorzelic,1,1,False
io.github.hardware-mcp,1,1,False
io.github.harrisboatworks,1,1,False
io.github.bituq,1,1,False
io.github.biznetai,1,1,False
io.github.hcarrillo001,1,1,False
io.github.gunnargrosch,1,1,False
io.github.blueprint-chart,1,1,False
io.github.gpartin,1,1,False
io.github.gpavan1992,1,1,False
io.github.gptaria-mcp,1,1,False
io.github.bluemagma-compliance,1,1,False
io.github.gra-kir,1,1,False
io.github.gradion-ai,1,1,False
io.github.bluecolumnconsulting-lgtm,1,1,False
io.github.grafana,1,1,False
io.github.blockpal1,1,1,False
io.github.grahammccain,1,1,False
io.github.grahamnotgrant,1,1,False
io.github.granetb-acdoyle,1,1,False
io.github.granitebps,1,1,False
io.github.graphpilot-oss,1,1,False
io.github.blocklens,1,1,False
io.github.blockchainacademics,1,1,False
io.github.grarcht,1,1,False
io.github.grayclayton,1,1,False
io.github.grayson-sys,1,1,False
io.github.block,1,1,False
io.github.grblasquiz,1,1,False
io.github.blitzdotdev,1,1,False
io.github.blipemail,1,1,False
io.github.blinkboxhq,1,1,False
io.github.greetwell,1,1,False
io.github.blightbow,1,1,False
io.github.gparientee,1,1,False
io.github.gpambrozio,1,1,False
io.github.goww7,1,1,False
io.github.bmachado86,1,1,False
io.github.gong8,1,1,False
io.github.bnovik0v,1,1,False
io.github.gonnagetapower,1,1,False
io.github.good-sender,1,1,False
io.github.bmoldo,1,1,False
io.github.bmlt-enabled,1,1,False
io.github.goodfel10w,1,1,False
io.github.goodmeta,1,1,False
io.github.bmdhodl,1,1,False
io.github.gooodbilling,1,1,False
io.github.goosemafia22-rgb,1,1,False
io.github.gopalrajsuresh,1,1,False
io.github.goreleaser,1,1,False
io.github.blueprint-infrastructure,1,1,False
io.github.gosadu,1,1,False
io.github.gosodax,1,1,False
io.github.bm1016bm-svg,1,1,False
io.github.blwfish,1,1,False
io.github.blutrich,1,1,False
io.github.gospodindark-stack,1,1,False
io.github.bluestratus,1,1,False
io.github.gosswerner1-max,1,1,False
io.github.gotchseo,1,1,False
io.github.govconapi,1,1,False
io.github.govcontractscout,1,1,False
io.github.governmyai,1,1,False
io.github.blf2097,1,1,False
io.github.bleedmode,1,1,False
io.github.gregkozakiewicz,1,1,False
io.github.bkauto3,1,1,False
io.github.growthbook,1,1,False
io.github.blackcow4234-lab,1,1,False
io.github.blackboxfoundry,1,1,False
io.github.grupo-avispa,1,1,False
io.github.grupoanesthy-spec,1,1,False
io.github.blackaxgit,1,1,False
io.github.grzesir,1,1,False
io.github.grzgrzgrz3,1,1,False
io.github.black-forest-labs,1,1,False
io.github.gsc-em,1,1,False
io.github.gsepcore,1,1,False
io.github.gsmmediaro,1,1,False
io.github.gstack-ds,1,1,False
io.github.groupdocs-watermark,1,1,False
io.github.gswardman,1,1,False
io.github.gtkcyber,1,1,False
io.github.gtorreal,1,1,False
io.github.guanqun-yang,1,1,False
io.github.gucceed,1,1,False
io.github.gucci10248,1,1,False
io.github.bkalafat,1,1,False
io.github.guidance-ai,1,1,False
io.github.guildbook-ai,1,1,False
io.github.guillem,1,1,False
io.github.bjenkinsgit,1,1,False
io.github.guniweb,1,1,False
io.github.growgeltsolutions,1,1,False
io.github.groupdocs-viewer,1,1,False
io.github.gregordadera,1,1,False
io.github.groundlens-dev,1,1,False
io.github.blazickjp,1,1,False
io.github.grichardomi,1,1,False
io.github.gridhra,1,1,False
io.github.blathrop07,1,1,False
io.github.blantian,1,1,False
io.github.gridinsoft,1,1,False
io.github.gridproof,1,1,False
io.github.grigabyte,1,1,False
io.github.grinnellian,1,1,False
io.github.gripforgeai,1,1,False
io.github.gronare,1,1,False
io.github.grossiweb,1,1,False
io.github.groundlogic-ai-source,1,1,False
io.github.groupdocs-total,1,1,False
io.github.groundroof,1,1,False
io.github.blackswanalpha,1,1,False
io.github.groundtruthtools,1,1,False
io.github.groupdocs-annotation,1,1,False
io.github.groupdocs-comparison,1,1,False
io.github.groupdocs-conversion,1,1,False
io.github.groupdocs-markdown,1,1,False
io.github.groupdocs-merger,1,1,False
io.github.groupdocs-metadata,1,1,False
io.github.groupdocs-parser,1,1,False
io.github.groupdocs-redaction,1,1,False
io.github.groupdocs-signature,1,1,False
io.github.bethmaloney,1,1,False
io.github.betadrop-app,1,1,False
io.github.gomission,1,1,False
io.github.bea-technology,1,1,False
io.github.batchwatch,1,1,False
io.github.hrandhawa02,1,1,False
io.github.basilalshukaili,1,1,False
io.github.hrishikesh-thakre,1,1,False
io.github.hristovdimitri2-hub,1,1,False
io.github.hronaut,1,1,False
io.github.hrtips,1,1,False
io.github.basicmachines-co,1,1,False
io.github.cyberpapiii,1,1,False
io.github.hs3434,1,1,False
io.github.hs737,1,1,False
io.github.basicScandal,1,1,False
io.github.hslee16,1,1,False
io.github.hsm-kit,1,1,False
io.github.basehub-ai,1,1,False
io.github.html2pdfconverter,1,1,False
io.github.htmlcsstoimage,1,1,False
io.github.basalt-run,1,1,False
io.github.bartokulus,1,1,False
io.github.huaaudio,1,1,False
io.github.huandu,1,1,False
io.github.bartekrutkowski,1,1,False
io.github.bartek-filipiuk,1,1,False
io.github.baronsigma,1,1,False
io.github.huanglizhuo,1,1,False
io.github.huangyunbin,1,1,False
io.github.hubeiqiao,1,1,False
io.github.hqkh4nh,1,1,False
io.github.batook22,1,1,False
io.github.bats64mgutsi,1,1,False
io.github.bbajt,1,1,False
io.github.bdog720,1,1,False
io.github.bdentech,1,1,False
io.github.holmesclaw-hash,1,1,False
io.github.holomodular,1,1,False
io.github.holsson95,1,1,False
io.github.homeassistant-ai,1,1,False
io.github.bcllcc,1,1,False
io.github.homesteadliving,1,1,False
io.github.bchoi-qwe,1,1,False
io.github.bbrysonelite-max,1,1,False
io.github.honeytones,1,1,False
io.github.bbriggs1990,1,1,False
io.github.hoodsy,1,1,False
io.github.hpp-io,1,1,False
io.github.bayramcsb,1,1,False
io.github.hoornet,1,1,False
io.github.bayrakdaralper,1,1,False
io.github.hopx-ai,1,1,False
io.github.bayesian-energy,1,1,False
io.github.horustechltd,1,1,False
io.github.hostimdev,1,1,False
io.github.hostinger,1,1,False
io.github.hostkey-cloud,1,1,False
io.github.hostkey-cloud-ru,1,1,False
io.github.hostsmith,1,1,False
io.github.howardpen9,1,1,False
io.github.hubertgajewski,1,1,False
io.github.hufirst,1,1,False
io.github.hugolsramos01-bit,1,1,False
io.github.hypothesi,1,1,False
io.github.hydradns,1,1,False
io.github.hydrojwh,1,1,False
io.github.bamchi,1,1,False
io.github.hydrolix,1,1,False
io.github.hynix666,1,1,False
io.github.balthasarspeyr,1,1,False
io.github.hypawave,1,1,False
io.github.hyperd-ai,1,1,False
io.github.baldiga,1,1,False
io.github.bakyang2,1,1,False
io.github.bakhtiersizhaev,1,1,False
io.github.bakaburg24,1,1,False
io.github.hzy9981,1,1,False
io.github.hxckya,1,1,False
io.github.i-m-arul,1,1,False
io.github.i-ninte,1,1,False
io.github.i-ops-hq,1,1,False
io.github.i02202,1,1,False
io.github.bajoski34,1,1,False
io.github.iPAYX-Technologies,1,1,False
io.github.iQuesta,1,1,False
io.github.iTophua,1,1,False
io.github.bailinghub,1,1,False
io.github.bahfahh,1,1,False
io.github.baggybin,1,1,False
io.github.iabdullahm,1,1,False
io.github.hycore220,1,1,False
io.github.hwang-yh-cto,1,1,False
io.github.barnaby-coder,1,1,False
io.github.hungnguyenhtbvn-max,1,1,False
io.github.hulin42,1,1,False
io.github.human-pages-ai,1,1,False
io.github.humanity4ai,1,1,False
io.github.bargo-ai,1,1,False
io.github.bardesss,1,1,False
io.github.humanjesse,1,1,False
io.github.humanpen,1,1,False
io.github.barateza,1,1,False
io.github.baphometnxg,1,1,False
io.github.humantextpro,1,1,False
io.github.hummingbot,1,1,False
io.github.hungledatatyk,1,1,False
io.github.hunterpercival,1,1,False
io.github.bamwor-dev,1,1,False
io.github.baopeak,1,1,False
io.github.hunterzai16z,1,1,False
io.github.baodq06,1,1,False
io.github.hurcanNansen,1,1,False
io.github.baobabcat,1,1,False
io.github.huruki-geo,1,1,False
io.github.husain-zaidi,1,1,False
io.github.huseyinstif,1,1,False
io.github.husk-security,1,1,False
io.github.huwhitememes,1,1,False
io.github.bankstatemently,1,1,False
io.github.huxleypeckham,1,1,False
io.github.hollyhr,1,1,False
io.github.beardfaceguy,1,1,False
io.github.hcompai,1,1,False
io.github.beautyfree,1,1,False
io.github.helpmyagent,1,1,False
io.github.henfrydls,1,1,False
io.github.hengkp,1,1,False
io.github.bepunk,1,1,False
io.github.benzatkulak-collab,1,1,False
io.github.benteigland11,1,1,False
io.github.henrikthome-arch,1,1,False
io.github.henriquepe,1,1,False
io.github.henryjrobinson,1,1,False
io.github.benswel,1,1,False
io.github.benoitdavid1988-cell,1,1,False
io.github.benno303,1,1,False
io.github.henrysouchien,1,1,False
io.github.henryyeh182,1,1,False
io.github.benmonopoli,1,1,False
io.github.henu-wang,1,1,False
io.github.heocoi,1,1,False
io.github.benmilne-com,1,1,False
io.github.heossihq,1,1,False
io.github.benliberte,1,1,False
io.github.hepter,1,1,False
io.github.benjixone,1,1,False
io.github.benji7891,1,1,False
io.github.benjee-inc,1,1,False
io.github.benjammartin,1,1,False
io.github.benjaminmower,1,1,False
io.github.benjaminb10,1,1,False
io.github.helphub369,1,1,False
io.github.berba-q,1,1,False
io.github.hellovelop,1,1,False
io.github.berntpopp,1,1,False
io.github.hcpapi,1,1,False
io.github.headlessherm-creator,1,1,False
io.github.healersfind-alt,1,1,False
io.github.heavyblotto,1,1,False
io.github.hebcal,1,1,False
io.github.hec-ovi,1,1,False
io.github.hedging8563,1,1,False
io.github.heidiEC,1,1,False
io.github.beshogun,1,1,False
io.github.heintonny,1,1,False
io.github.heisee,1,1,False
io.github.heisencodex-jpg,1,1,False
io.github.bernie-b1stAI,1,1,False
io.github.beremaran,1,1,False
io.github.helderpgoncalves,1,1,False
io.github.berkingurcan,1,1,False
io.github.helinakdogan,1,1,False
io.github.heliograph-io,1,1,False
io.github.heliosarchitect,1,1,False
io.github.helixdata,1,1,False
io.github.hello532,1,1,False
io.github.berkayderin,1,1,False
io.github.hellocoop,1,1,False
io.github.helloo1568,1,1,False
io.github.hellosg,1,1,False
io.github.bergside,1,1,False
io.github.hermessilva,1,1,False
io.github.benian-technologies,1,1,False
io.github.hermitsh-ai,1,1,False
io.github.hmdmph,1,1,False
io.github.himanshusaleria,1,1,False
io.github.himorishige,1,1,False
io.github.hiphopanda,1,1,False
io.github.bellvijay,1,1,False
io.github.hiveforge-sh,1,1,False
io.github.belegante-byte,1,1,False
io.github.hj1003862396,1,1,False
io.github.hjain-perforce,1,1,False
io.github.hjqcan,1,1,False
io.github.hkchao,1,1,False
io.github.behrensd,1,1,False
io.github.hlix-ai,1,1,False
io.github.beejmaxx,1,1,False
io.github.hillsidecoastal-glitch,1,1,False
io.github.hmoses,1,1,False
io.github.ho11-bit,1,1,False
io.github.hoainho,1,1,False
io.github.hoanglt1223,1,1,False
io.github.hodlxxi,1,1,False
io.github.hodoolabs,1,1,False
io.github.beee003,1,1,False
io.github.beco360,1,1,False
io.github.hoklims,1,1,False
io.github.beckettlab,1,1,False
io.github.bebopp187-stack,1,1,False
io.github.holetron,1,1,False
io.github.himanshufound,1,1,False
io.github.hightemp,1,1,False
io.github.hermoso-ai,1,1,False
io.github.heyrafi,1,1,False
io.github.benhuang21828,1,1,False
io.github.benfinklea,1,1,False
io.github.herohunt-ai,1,1,False
io.github.benediktgirz,1,1,False
io.github.herve-coulon,1,1,False
io.github.heterogentdev,1,1,False
io.github.heubme2020,1,1,False
io.github.heungmangoo-art,1,1,False
io.github.hevangel,1,1,False
io.github.hexamatic,1,1,False
io.github.hexiaochun,1,1,False
io.github.heyiamluke,1,1,False
io.github.heysale,1,1,False
io.github.higherbeing,1,1,False
io.github.hezeclark,1,1,False
io.github.beneb89,1,1,False
io.github.bendtherules,1,1,False
io.github.hgus107,1,1,False
io.github.hh36000,1,1,False
io.github.hholen,1,1,False
io.github.hhopke,1,1,False
io.github.hidai25,1,1,False
io.github.hiddenjobs,1,1,False
io.github.benchoi93,1,1,False
io.github.benbergner,1,1,False
io.github.high5-ventures,1,1,False
io.github.gondalaimafia,1,1,False
io.github.gomessoaresemmanuel-cpu,1,1,False
io.github.fernandoludvig,1,1,False
io.github.fmadore,1,1,False
io.github.butkeraites,1,1,False
io.github.founder-OmniPA,1,1,False
io.github.foundrole,1,1,False
io.github.fouomene,1,1,False
io.github.busybusybussiness,1,1,False
io.github.burnssa,1,1,False
io.github.fourleafai,1,1,False
io.github.foxdavidson,1,1,False
io.github.burningion,1,1,False
io.github.foxintheloop,1,1,False
io.github.foxitsoftware,1,1,False
io.github.foxxx009,1,1,False
io.github.fpetitit,1,1,False
io.github.fpointerdev,1,1,False
io.github.fr0ster,1,1,False
io.github.fr1sk,1,1,False
io.github.fr33dr4g0n,1,1,False
io.github.fr3on,1,1,False
io.github.burakaydinofficial,1,1,False
io.github.francemazzi,1,1,False
io.github.francesco0242,1,1,False
io.github.francisco-perez-sorrosal,1,1,False
io.github.burademirung,1,1,False
io.github.frangelbarrera,1,1,False
io.github.frank-bot07,1,1,False
io.github.bunnyf,1,1,False
io.github.bumbaRasch,1,1,False
io.github.forum-labs,1,1,False
io.github.fortunesayspump,1,1,False
io.github.buttacavoligiuse,1,1,False
io.github.fomosdeimos-gif,1,1,False
io.github.fmind,1,1,False
io.github.fmp-projects,1,1,False
io.github.fnobbe,1,1,False
io.github.foam-ai,1,1,False
io.github.byenzyme,1,1,False
io.github.byPawel,1,1,False
io.github.focusgts,1,1,False
io.github.foggykitchen,1,1,False
io.github.bxetech,1,1,False
io.github.bx33661,1,1,False
io.github.bvolpato,1,1,False
io.github.bvisible,1,1,False
io.github.fonkychen,1,1,False
io.github.butterbase-ai,1,1,False
io.github.foodyogi,1,1,False
io.github.buttonmonkey,1,1,False
io.github.forcedreamai,1,1,False
io.github.foreksgithub,1,1,False
io.github.foretak,1,1,False
io.github.forever-healthy,1,1,False
io.github.forgeagents-jp,1,1,False
io.github.butterlatte-zhang,1,1,False
io.github.forgeopslabs,1,1,False
io.github.forgeprint,1,1,False
io.github.forkflux,1,1,False
io.github.formfeed-dev,1,1,False
io.github.frankchu91,1,1,False
io.github.franklinnolasco7,1,1,False
io.github.franktherecensor-hash,1,1,False
io.github.fursatdev-tech,1,1,False
io.github.fullbleed-engine,1,1,False
io.github.fullread,1,1,False
io.github.btouchard,1,1,False
io.github.fullstackdegen,1,1,False
io.github.fullstck,1,1,False
io.github.fulminate-io,1,1,False
io.github.btmcp,1,1,False
io.github.fundchainteam,1,1,False
io.github.bsrishi,1,1,False
io.github.furkanYanteri1,1,1,False
io.github.furkanisikay,1,1,False
io.github.furo-solutions,1,1,False
io.github.brunosrz,1,1,False
io.github.bubilife1202,1,1,False
io.github.fusionx212,1,1,False
io.github.bruchris,1,1,False
io.github.futurebets,1,1,False
io.github.brssignals,1,1,False
io.github.futuremultihousing-dev,1,1,False
io.github.browserstack,1,1,False
io.github.fvegiard,1,1,False
io.github.fxckcode,1,1,False
io.github.browserbase,1,1,False
io.github.fxjim,1,1,False
io.github.fxmacrodata,1,1,False
io.github.fyllepo,1,1,False
io.github.bubbl-ai,1,1,False
io.github.fulcrai,1,1,False
io.github.fraudlabspro,1,1,False
io.github.freminder,1,1,False
io.github.fredericmagnathy-ops,1,1,False
io.github.fredpsantos33,1,1,False
io.github.fredxhansson-cmyk,1,1,False
io.github.fredyee,1,1,False
io.github.freeappstore-online,1,1,False
io.github.freebeatfit,1,1,False
io.github.freecvorg,1,1,False
io.github.bultcloud,1,1,False
io.github.bulatko,1,1,False
io.github.builtbyabs,1,1,False
io.github.freepik-company,1,1,False
io.github.freeq-irc,1,1,False
io.github.buildkite,1,1,False
io.github.bugbug-io,1,1,False
io.github.builditwithgk,1,1,False
io.github.buildingapplications,1,1,False
io.github.frmoded,1,1,False
io.github.buikevin,1,1,False
io.github.frogeye-ai,1,1,False
io.github.frontsail-ai,1,1,False
io.github.bugfender,1,1,False
io.github.frozo-ai,1,1,False
io.github.frsorrentino,1,1,False
io.github.fruggr,1,1,False
io.github.fstubner,1,1,False
io.github.fuckbigtech-ai,1,1,False
io.github.fmd-labs,1,1,False
io.github.byimprint,1,1,False
io.github.brownglasses,1,1,False
io.github.bylogistry,1,1,False
io.github.financeratecalc,1,1,False
io.github.finchagentic,1,1,False
io.github.cantbeblank96,1,1,False
io.github.findable-no,1,1,False
io.github.canopy-labs,1,1,False
io.github.canonicalmg,1,1,False
io.github.findimitrov,1,1,False
io.github.findmephoto,1,1,False
io.github.finfin,1,1,False
io.github.fingerprintjs,1,1,False
io.github.finhay,1,1,False
io.github.finmanagerai,1,1,False
io.github.fino-oss,1,1,False
io.github.camlowe,1,1,False
io.github.camgitt,1,1,False
io.github.finstacklabs,1,1,False
io.github.firas-mcp-servers,1,1,False
io.github.firasmosbehi,1,1,False
io.github.firatmio,1,1,False
io.github.firebase,1,1,False
io.github.firecrawl,1,1,False
io.github.firish,1,1,False
io.github.firstlineaiis-wq,1,1,False
io.github.fishcoco-code,1,1,False
io.github.fisher-byte,1,1,False
io.github.cameroncooke,1,1,False
io.github.cameron-creations,1,1,False
io.github.finalburner,1,1,False
io.github.canuckeats,1,1,False
io.github.filippogroppi,1,1,False
io.github.cappyeo,1,1,False
io.github.capsulatedev,1,1,False
io.github.fernforge,1,1,False
io.github.fernikolic,1,1,False
io.github.fernsugi,1,1,False
io.github.feronovak,1,1,False
io.github.fetchai,1,1,False
io.github.capsolver-ai,1,1,False
io.github.fetchsandbox,1,1,False
io.github.fetchworks-dev,1,1,False
io.github.fetter-io,1,1,False
io.github.ffboers,1,1,False
io.github.capratesignals-cpu,1,1,False
io.github.ffroliva,1,1,False
io.github.filingtape,1,1,False
io.github.capneura,1,1,False
io.github.ffteema,1,1,False
io.github.capitalthought,1,1,False
io.github.capan,1,1,False
io.github.fiberfinder,1,1,False
io.github.capad-xyz,1,1,False
io.github.figgy-ops,1,1,False
io.github.figranium,1,1,False
io.github.figuard,1,1,False
io.github.file-kiwi,1,1,False
io.github.cap-js,1,1,False
io.github.filearchitect,1,1,False
io.github.cambriannetwork,1,1,False
io.github.fisnik,1,1,False
io.github.calypso-so,1,1,False
io.github.cabbageandtea,1,1,False
io.github.flop-labs,1,1,False
io.github.cafferychen777,1,1,False
io.github.florentine-ai,1,1,False
io.github.cafeTechne,1,1,False
io.github.caelum29,1,1,False
io.github.cadlens-co,1,1,False
io.github.flowiesner,1,1,False
io.github.cachly-dev,1,1,False
io.github.flowing-abyss,1,1,False
io.github.flowpackplugin,1,1,False
io.github.flowzap-xyz,1,1,False
io.github.cablate,1,1,False
io.github.flsteven87,1,1,False
io.github.milos106,1,1,False
io.github.flt1milize,1,1,False
io.github.c64dos-png,1,1,False
io.github.fluidumber,1,1,False
io.github.bzsanti,1,1,False
io.github.bzdOS,1,1,False
io.github.bytewizard42i,1,1,False
io.github.bytevirts,1,1,False
io.github.byteplant-dev,1,1,False
io.github.bytebase,1,1,False
io.github.flxbl-io,1,1,False
io.github.bystray,1,1,False
io.github.byrness,1,1,False
io.github.floomhq,1,1,False
io.github.flomio,1,1,False
io.github.calvinling2021-star,1,1,False
io.github.calademos,1,1,False
io.github.callstackincubator,1,1,False
io.github.callstack,1,1,False
io.github.fixed-width,1,1,False
io.github.callosium,1,1,False
io.github.calllint,1,1,False
io.github.callirra-ai,1,1,False
io.github.fjnunezp75,1,1,False
io.github.fkiene,1,1,False
io.github.calintzy,1,1,False
io.github.flagramtech,1,1,False
io.github.caleb-love,1,1,False
io.github.flagrix-io,1,1,False
io.github.caio-sartoratto,1,1,False
io.github.flo7up,1,1,False
io.github.cailab-hk,1,1,False
io.github.flarco,1,1,False
io.github.flarelink-dev,1,1,False
io.github.flat-cash,1,1,False
io.github.flath12,1,1,False
io.github.flexiblepackage,1,1,False
io.github.flight-master-dast,1,1,False
io.github.flightdb,1,1,False
io.github.flinker-app,1,1,False
io.github.flipradar,1,1,False
io.github.caglarbozkurt,1,1,False
io.github.flisko,1,1,False
io.github.browser-gateway,1,1,False
io.github.gCuadros,1,1,False
io.github.bnymnDev,1,1,False
io.github.bpolania,1,1,False
io.github.gigsoul,1,1,False
io.github.gil-dobby,1,1,False
io.github.bountyyfi,1,1,False
io.github.gilesdawe,1,1,False
io.github.ginokino,1,1,False
io.github.giorgio44,1,1,False
io.github.giovanemartins,1,1,False
io.github.girapphe,1,1,False
io.github.girik-chadha,1,1,False
io.github.girmmy,1,1,False
io.github.botzrDev,1,1,False
io.github.gishh,1,1,False
io.github.botmonster,1,1,False
io.github.bosmdavid-gif,1,1,False
io.github.boska,1,1,False
io.github.git-acet,1,1,False
io.github.git-akki,1,1,False
io.github.gitHubDujianfeng,1,1,False
io.github.gitajhd,1,1,False
io.github.gitayg,1,1,False
io.github.gitcookman,1,1,False
io.github.github,1,1,False
io.github.boringSQL,1,1,False
io.github.borgi-s,1,1,False
io.github.githubscum,1,1,False
io.github.githunt-agent,1,1,False
io.github.gitlares,1,1,False
io.github.gigshow,1,1,False
io.github.boutquin,1,1,False
io.github.gigabrain-observer,1,1,False
io.github.getvari,1,1,False
io.github.getmcpm,1,1,False
io.github.getnable,1,1,False
io.github.getpapi,1,1,False
io.github.getqlows,1,1,False
io.github.bperezpereira,1,1,False
io.github.getrelove,1,1,False
io.github.getremcp,1,1,False
io.github.getseline,1,1,False
io.github.getsentry,1,1,False
io.github.getsquish,1,1,False
io.github.bpays,1,1,False
io.github.getstack-run,1,1,False
io.github.getverdict-ai,1,1,False
io.github.bowenerchen,1,1,False
io.github.gfacchi-dev,1,1,False
io.github.gg13121,1,1,False
io.github.ggozad,1,1,False
io.github.ghost-in-the-droid,1,1,False
io.github.bpamiri,1,1,False
io.github.ghostsecurity,1,1,False
io.github.ghostswap1,1,1,False
io.github.ghstaking,1,1,False
io.github.boyce-io,1,1,False
io.github.giacomomaria81,1,1,False
io.github.boyakh-jpg,1,1,False
io.github.boy-373,1,1,False
io.github.borealstack,1,1,False
io.github.gitlumen-team,1,1,False
io.github.boostuagency,1,1,False
io.github.gokeshenzhen,1,1,False
io.github.gmlewis,1,1,False
io.github.gnt-ai,1,1,False
io.github.bodyegypt,1,1,False
io.github.go-ports,1,1,False
io.github.goatgaucho,1,1,False
io.github.bockenstette1,1,1,False
io.github.godavid,1,1,False
io.github.godesigntech,1,1,False
io.github.godwin105,1,1,False
io.github.goesByhc,1,1,False
io.github.gofrantic,1,1,False
io.github.bobymicjohn,1,1,False
io.github.gokhanibrikci,1,1,False
io.github.glslang,1,1,False
io.github.bobybarack,1,1,False
io.github.bobross2020,1,1,False
io.github.goklab,1,1,False
io.github.gokmengokhan,1,1,False
io.github.goldbergyoni,1,1,False
io.github.bobpanil,1,1,False
io.github.bobnetsec,1,1,False
io.github.bobbyrgoldsmith,1,1,False
io.github.goldmembrane,1,1,False
io.github.golf-data,1,1,False
io.github.bobaba99,1,1,False
io.github.gollumw,1,1,False
io.github.gluip,1,1,False
io.github.glqff,1,1,False
io.github.gitmem-dev,1,1,False
io.github.glauberfrancodesign,1,1,False
io.github.bookyo,1,1,False
io.github.gitscrum-core,1,1,False
io.github.gitwhy-cli,1,1,False
io.github.gitwormq,1,1,False
io.github.giuliobmb,1,1,False
io.github.giupy997,1,1,False
io.github.books-service,1,1,False
io.github.giuseppesocci-bot,1,1,False
io.github.gjeltep,1,1,False
io.github.bonesdefi,1,1,False
io.github.gkcogz,1,1,False
io.github.bomly-dev,1,1,False
io.github.glc-rag,1,1,False
io.github.gloryarenadnd,1,1,False
io.github.glennl201,1,1,False
io.github.glidermcp,1,1,False
io.github.bolivian-peru,1,1,False
io.github.bolidee,1,1,False
io.github.bol-tools,1,1,False
io.github.glira,1,1,False
io.github.glivera,1,1,False
io.github.globalion,1,1,False
io.github.globalize-now,1,1,False
io.github.globallayer,1,1,False
io.github.globalsearchdata,1,1,False
io.github.glongusmain,1,1,False
io.github.getmasv,1,1,False
io.github.getmarrow,1,1,False
io.github.gHost163-wq,1,1,False
io.github.getjoystick,1,1,False
io.github.garrrikkotua,1,1,False
io.github.gary2376,1,1,False
io.github.gastonrey,1,1,False
io.github.bridgenode-ai,1,1,False
io.github.gatefareio,1,1,False
io.github.briantoogee,1,1,False
io.github.gatewerk,1,1,False
io.github.gattjoe,1,1,False
io.github.gaufire,1,1,False
io.github.gaurav-kumar-sinha-060705,1,1,False
io.github.brianirish,1,1,False
io.github.gauravapiscean,1,1,False
io.github.brianfofficial,1,1,False
io.github.gauravfs-14,1,1,False
io.github.gautamgb,1,1,False
io.github.gautamvarmadatla,1,1,False
io.github.gauthierpiarrette,1,1,False
io.github.gaviwhatsapp,1,1,False
io.github.brian-mitchell-sec,1,1,False
io.github.brentspore,1,1,False
io.github.gavxm,1,1,False
io.github.gba3124,1,1,False
io.github.gbgplc,1,1,False
io.github.gblinproject,1,1,False
io.github.brendanlefebvre,1,1,False
io.github.gbrussich52,1,1,False
io.github.gbude-sudo,1,1,False
io.github.garrietv,1,1,False
io.github.briefroom,1,1,False
io.github.garlicKim21,1,1,False
io.github.brntech,1,1,False
io.github.gabrielcerutti,1,1,False
io.github.bromoket,1,1,False
io.github.gaforov,1,1,False
io.github.gagandeeppra,1,1,False
io.github.gaiabio12-design,1,1,False
io.github.gal-a,1,1,False
io.github.galavoxx,1,1,False
io.github.galaxy-nebula,1,1,False
io.github.broisnischal,1,1,False
io.github.galaxyproject,1,1,False
io.github.gamaze-labs,1,1,False
io.github.brocamp,1,1,False
io.github.brnbtech770,1,1,False
io.github.garasegae,1,1,False
io.github.gambletan,1,1,False
io.github.brivvyHQ,1,1,False
io.github.gambot-ai,1,1,False
io.github.gamercc-apps,1,1,False
io.github.ganakailabs,1,1,False
io.github.ganapativs,1,1,False
io.github.gander-tools,1,1,False
io.github.gaokai258,1,1,False
io.github.brilliantdirectories,1,1,False
io.github.gapra,1,1,False
io.github.brightseth,1,1,False
io.github.brightdata,1,1,False
io.github.gchen19,1,1,False
io.github.gebalamariusz,1,1,False
io.github.geek-fun,1,1,False
io.github.getaegis,1,1,False
io.github.branch-docs,1,1,False
io.github.bramontiventures,1,1,False
io.github.geowire,1,1,False
io.github.geoxing,1,1,False
io.github.geraldho81,1,1,False
io.github.brajendrak00068,1,1,False
io.github.braintrustdata,1,1,False
io.github.brainsparker,1,1,False
io.github.gersonfreire,1,1,False
io.github.get-cotrader,1,1,False
io.github.get-tmonier,1,1,False
io.github.getDynamoi,1,1,False
io.github.getambr,1,1,False
io.github.brandempire,1,1,False
io.github.getanirao,1,1,False
io.github.getanyapi-com,1,1,False
io.github.getbirthchart-com,1,1,False
io.github.getcroissant,1,1,False
io.github.getcutpro,1,1,False
io.github.brainsforai,1,1,False
io.github.brainfuel,1,1,False
io.github.getcyphrex,1,1,False
io.github.geter-andru,1,1,False
io.github.gethamster,1,1,False
io.github.br9704,1,1,False
io.github.getjobzi,1,1,False
io.github.geovicco-dev,1,1,False
io.github.brandonbgreen,1,1,False
io.github.breezefeng,1,1,False
io.github.branpastran,1,1,False
io.github.brbousnguar,1,1,False
io.github.gege-mn,1,1,False
io.github.gejyn14,1,1,False
io.github.gelse,1,1,False
io.github.brazilayer,1,1,False
io.github.geml-spec,1,1,False
io.github.gene12williams-design,1,1,False
io.github.brawsr,1,1,False
io.github.brawlaphant,1,1,False
io.github.gener8v-thomas,1,1,False
io.github.brave,1,1,False
io.github.brashler,1,1,False
io.github.generaldataworks,1,1,False
io.github.georgetranoz,1,1,False
io.github.genesiscode2026,1,1,False
io.github.geniuskey,1,1,False
io.github.gentaArnezzi,1,1,False
io.github.gentry-ai-bot,1,1,False
io.github.genudo-ai,1,1,False
io.github.brandu-mos,1,1,False
io.github.geoacpfilho,1,1,False
io.github.brandonclark1996-design,1,1,False
io.github.geolens-io,1,1,False
io.github.geored,1,1,False
io.github.george-bobby,1,1,False
io.github.georgeracu,1,1,False
ac.inference.sh,1,1,False
io.github.njlnaet,1,1,False
io.github.mimersql,1,1,False
io.synci,1,1,False
io.telemost,1,1,False
io.tapeline,1,1,False
io.talebuddy,1,1,False
io.tacyon,1,1,False
io.szum,1,1,False
io.systemprompt,1,1,False
io.synthnet,1,1,False
io.svatlas,1,1,False
io.simplyscan,1,1,False
io.supernova,1,1,False
io.superbooks,1,1,False
io.sunaivacore,1,1,False
io.summit53,1,1,False
io.summer,1,1,False
io.styleforge,1,1,False
io.stuntdouble,1,1,False
io.temp-mail,1,1,False
io.tendeta,1,1,False
io.tenova,1,1,False
io.teres,1,1,False
io.trafficbud,1,1,False
io.tradeonyx,1,1,False
io.toui,1,1,False
io.toreador,1,1,False
io.toolzy,1,1,False
io.tooltrace,1,1,False
io.toolforest,1,1,False
io.tokenbooks,1,1,False
io.tmtb,1,1,False
io.tinyfn,1,1,False
io.theqrcode,1,1,False
io.thegavel,1,1,False
io.testiny,1,1,False
io.tessryx,1,1,False
io.tesseraai,1,1,False
io.strunk,1,1,False
io.strategyarena,1,1,False
io.storywright,1,1,False
io.soundchecklive,1,1,False
io.socialrobot,1,1,False
io.sociality,1,1,False
io.snyk,1,1,False
io.snowsignals,1,1,False
io.snov,1,1,False
io.snapvisor,1,1,False
io.snapcall,1,1,False
io.smartroutes,1,1,False
io.slingdata,1,1,False
io.slidefast,1,1,False
io.slide-deck,1,1,False
io.skycloak,1,1,False
io.skimguard,1,1,False
io.skala,1,1,False
io.siteglass,1,1,False
io.sota,1,1,False
io.soundiq,1,1,False
io.storeradar,1,1,False
io.sparkletree,1,1,False
io.stocksonchain,1,1,False
io.stobox,1,1,False
io.statiko,1,1,False
io.standoutmcp,1,1,False
io.stackshield,1,1,False
io.stackdata,1,1,False
io.stablebaseline,1,1,False
io.sslip.249.111.77.187,1,1,False
io.sslip.195.82.231.168,1,1,False
io.sslip.128.221.67.45.agent-exec,1,1,False
io.sqlguard,1,1,False
io.sponsorfinder,1,1,False
io.spinhire,1,1,False
io.speedvault,1,1,False
io.sparxx,1,1,False
io.tranx,1,1,False
io.traql,1,1,False
io.trovest,1,1,False
it.logr,1,1,False
it.inviaggioallecanarie,1,1,False
it.heera,1,1,False
it.giornatamondiale,1,1,False
it.flusia,1,1,False
it.elsas,1,1,False
it.datituristici,1,1,False
it.cup24,1,1,False
ist.lobster,1,1,False
is.mink,1,1,False
is.k01,1,1,False
is.gently,1,1,False
ir.cbest,1,1,False
ir.bijack,1,1,False
io.zvid,1,1,False
io.zsign,1,1,False
it.letmediff,1,1,False
it.marketpilot,1,1,False
io.zerosettle,1,1,False
it.natlex,1,1,False
jp.datasetsearch,1,1,False
jp.co.issoh,1,1,False
jp.co.contencial,1,1,False
jp.co.adarch,1,1,False
jp.avacast,1,1,False
jp.anisongs,1,1,False
jp.agentfeeds.api,1,1,False
jp.afdb,1,1,False
jp.addresstozip,1,1,False
jobs.physicalai,1,1,False
it.teetrack,1,1,False
it.taxcompass,1,1,False
it.remly,1,1,False
it.piqod,1,1,False
it.piazzainfesta,1,1,False
io.zircular,1,1,False
io.zerogex,1,1,False
io.trunk,1,1,False
io.verifymcp,1,1,False
io.vectree,1,1,False
io.vascue,1,1,False
io.valmera,1,1,False
io.uxjobs,1,1,False
io.usero,1,1,False
io.url2md,1,1,False
io.uptimeify,1,1,False
io.unstructured,1,1,False
io.unplain,1,1,False
io.unpaged,1,1,False
io.umtri,1,1,False
io.twelvelabs,1,1,False
io.tweekit,1,1,False
io.tseha,1,1,False
io.trust-agent,1,1,False
io.veed,1,1,False
io.verityscore,1,1,False
io.zerocms,1,1,False
io.vibevo,1,1,False
io.zelume,1,1,False
io.zeblink,1,1,False
io.xdataapi,1,1,False
io.wsender,1,1,False
io.workcontextprotocol,1,1,False
io.wordlift,1,1,False
io.wisesheets,1,1,False
io.wiremock,1,1,False
io.whatic,1,1,False
io.webz,1,1,False
io.weavz,1,1,False
io.weathersight,1,1,False
io.wealthnow,1,1,False
io.vivioo,1,1,False
io.vitafin,1,1,False
io.simulis,1,1,False
io.simplyprint,1,1,False
jp.kitemir,1,1,False
io.neleto,1,1,False
io.nibb,1,1,False
io.nevlo,1,1,False
io.neuronik,1,1,False
io.neurall,1,1,False
io.nestr,1,1,False
io.neonjelly,1,1,False
io.neonia,1,1,False
io.nameintel,1,1,False
io.signatrust,1,1,False
io.namefi,1,1,False
io.n3xt,1,1,False
io.mytesla,1,1,False
io.mysocial,1,1,False
io.myco2suite,1,1,False
io.motomarks,1,1,False
io.motcheck,1,1,False
io.nip.5-9-107-124,1,1,False
io.nocrash,1,1,False
io.nolt,1,1,False
io.notifly,1,1,False
io.oxylabs,1,1,False
io.ownware,1,1,False
io.orbitwan,1,1,False
io.orbitapps,1,1,False
io.orbator,1,1,False
io.opsera,1,1,False
io.openwaters,1,1,False
io.opentweet,1,1,False
io.openstela,1,1,False
io.onesource,1,1,False
io.oneprism,1,1,False
io.onchainagentintel,1,1,False
io.omfang,1,1,False
io.obsideo,1,1,False
io.nowline,1,1,False
io.moltjobs,1,1,False
io.mockd,1,1,False
io.minter,1,1,False
io.magdox,1,1,False
io.lumind,1,1,False
io.lucidnest,1,1,False
io.lookip,1,1,False
io.localize,1,1,False
io.lmxcloud,1,1,False
io.liqaa,1,1,False
io.linkmcp,1,1,False
io.linklore,1,1,False
io.linklist,1,1,False
io.linkflare,1,1,False
io.liminary.api,1,1,False
io.lighthorse,1,1,False
io.lifestep,1,1,False
io.lexu,1,1,False
io.lexq,1,1,False
io.m-flow,1,1,False
io.magellandata,1,1,False
io.minoa,1,1,False
io.mailmcp,1,1,False
io.minnas,1,1,False
io.metavert,1,1,False
io.merona,1,1,False
io.meridianapi,1,1,False
io.memoric,1,1,False
io.mediawork,1,1,False
io.mcpskills,1,1,False
io.mcprating,1,1,False
io.mcpcentral,1,1,False
io.mcp-marketplace,1,1,False
io.mcp-hangar,1,1,False
io.mascotlab,1,1,False
io.marketheist,1,1,False
io.maproll,1,1,False
io.mailtrap,1,1,False
io.pagelive,1,1,False
io.paretostudio,1,1,False
io.pasteapp,1,1,False
io.scopeweb,1,1,False
io.satoshiapi,1,1,False
io.sanity.www,1,1,False
io.samrum,1,1,False
io.salestouch,1,1,False
io.saascity,1,1,False
io.rtkmotion,1,1,False
io.routescore,1,1,False
io.rootstuff,1,1,False
io.roleset,1,1,False
io.robells,1,1,False
io.roadflow,1,1,False
io.revise,1,1,False
io.rendry,1,1,False
io.reizer,1,1,False
io.reelmint,1,1,False
io.scispot,1,1,False
io.scorecard,1,1,False
io.recordx,1,1,False
io.scoutrail,1,1,False
io.signado,1,1,False
io.sifting,1,1,False
io.shotstack,1,1,False
io.shipbook,1,1,False
io.shingou,1,1,False
io.settlemesh,1,1,False
io.setip,1,1,False
io.serpjet,1,1,False
io.seoforgpt,1,1,False
io.sentralis,1,1,False
io.seaworthy,1,1,False
io.searchapi,1,1,False
io.sealsecurity,1,1,False
io.scrapiq,1,1,False
io.scrapfly.mcp,1,1,False
io.reeldrop,1,1,False
io.reachium,1,1,False
io.pathrule,1,1,False
io.ppc,1,1,False
io.postnext,1,1,False
io.port,1,1,False
io.poolparty,1,1,False
io.polyblog,1,1,False
io.pm-33,1,1,False
io.plantrip,1,1,False
io.planable,1,1,False
io.pingroom,1,1,False
io.pingram,1,1,False
io.pinbridge,1,1,False
io.picsee,1,1,False
io.pickrate,1,1,False
io.philidor,1,1,False
io.phas,1,1,False
io.pdfbroker,1,1,False
io.powerpointengine,1,1,False
io.prefabapp,1,1,False
io.rdapapi,1,1,False
io.presify,1,1,False
io.rateranger,1,1,False
io.quicklotto,1,1,False
io.quanti,1,1,False
io.quackr,1,1,False
io.qt.qt-docs-mcp,1,1,False
io.qase,1,1,False
io.pxl8,1,1,False
io.purchaseiq,1,1,False
io.pubble,1,1,False
io.protonote,1,1,False
io.prospeo,1,1,False
io.proside,1,1,False
io.productsource,1,1,False
io.prisma,1,1,False
io.previbe,1,1,False
jp.ekiten.eapi,1,1,False
jp.livetribe,1,1,False
net.oncroft,1,1,False
me.whenmeet,1,1,False
media.southpow,1,1,False
media.secondbrain,1,1,False
media.probable,1,1,False
media.distro,1,1,False
media.antismi,1,1,False
me.yoping,1,1,False
me.x02,1,1,False
me.wacli,1,1,False
markets.dino,1,1,False
me.untype,1,1,False
me.sudhanva,1,1,False
me.structa,1,1,False
me.stashr,1,1,False
me.stabledrop,1,1,False
me.speedof,1,1,False
me.shre,1,1,False
mn.dta,1,1,False
moda.ai,1,1,False
money.bankbridge,1,1,False
money.barker,1,1,False
my.sitey.test,1,1,False
my.haas,1,1,False
my.com.condo,1,1,False
my.aztra,1,1,False
mx.timbrix,1,1,False
mx.spotme,1,1,False
mx.scan,1,1,False
mx.fullthrottle,1,1,False
mx.corpusiuris,1,1,False
mx.com.enviadores,1,1,False
mx.com.elcheff.portal,1,1,False
music.audora,1,1,False
mu.micro,1,1,False
money.tideline,1,1,False
money.candor,1,1,False
me.sendable,1,1,False
me.seekon.fast,1,1,False
me.ryanlindsey,1,1,False
me.euphronios,1,1,False
me.drwho,1,1,False
me.divest,1,1,False
me.didit,1,1,False
me.denik,1,1,False
me.ceki,1,1,False
me.cancun4,1,1,False
me.brandize,1,1,False
me.ai-know,1,1,False
md.traveler,1,1,False
md.mostlyright,1,1,False
md.install,1,1,False
md.eureka,1,1,False
md.authority,1,1,False
markets.tally,1,1,False
markets.rivo,1,1,False
me.eenable,1,1,False
me.faxer,1,1,False
me.route6,1,1,False
me.finlight,1,1,False
me.remem,1,1,False
me.reefwith,1,1,False
me.pulsai,1,1,False
me.proship.mcp,1,1,False
me.pi22by7,1,1,False
me.phonecallfor,1,1,False
me.pathin.signal,1,1,False
me.optiai,1,1,False
me.openbrowser,1,1,False
me.notslop,1,1,False
me.in-context,1,1,False
me.hummatch,1,1,False
me.getservd,1,1,False
me.freehire,1,1,False
me.foodnear,1,1,False
my.taokeh,1,1,False
my.wimm,1,1,False
name.findadomain,1,1,False
net.honeylabs,1,1,False
net.heropen,1,1,False
net.hepcloud,1,1,False
net.hefes,1,1,False
net.gwindex,1,1,False
net.gradetv,1,1,False
net.glyt,1,1,False
net.globimmo,1,1,False
net.gepuro.mcp-company-lens-v1,1,1,False
net.gentechlabs,1,1,False
net.gamedev,1,1,False
net.fundz,1,1,False
net.fsaircraft,1,1,False
net.foxnose,1,1,False
net.fidren,1,1,False
net.fatstack,1,1,False
net.homeschooltools,1,1,False
net.hookpulse,1,1,False
net.explorersmap,1,1,False
net.hotelrefund,1,1,False
net.nanosheep,1,1,False
net.mostexpensivewatches,1,1,False
net.mirondo,1,1,False
net.metatake,1,1,False
net.memberpass,1,1,False
net.mail7,1,1,False
net.lawyerd,1,1,False
net.kokofinance,1,1,False
net.k4tech,1,1,False
net.isitdns,1,1,False
net.inkvoice,1,1,False
net.inkseal,1,1,False
net.inboxy,1,1,False
net.identifai,1,1,False
net.hunter-seeker,1,1,False
net.fastcrawl,1,1,False
net.exercisebank,1,1,False
net.01mind,1,1,False
net.audiodelivery,1,1,False
net.arclera,1,1,False
net.apisecurityscan,1,1,False
net.anyhook,1,1,False
net.andrii,1,1,False
net.alpha-systems,1,1,False
net.agri-ja,1,1,False
net.aginx,1,1,False
net.agentsbase,1,1,False
net.agentglass,1,1,False
net.agentfund,1,1,False
net.agentchef,1,1,False
net.agent-control,1,1,False
net.a9n9,1,1,False
net.4bots,1,1,False
net.0bull,1,1,False
net.ascendgtm,1,1,False
net.befall,1,1,False
net.dynv6.1rbt1,1,1,False
net.bottletech.kashif,1,1,False
net.digitalpipe.verify-test,1,1,False
net.digitalpipe.app,1,1,False
net.dexi,1,1,False
net.designvault,1,1,False
net.deepgent,1,1,False
net.csclear,1,1,False
net.cryptosocials,1,1,False
net.crawlora,1,1,False
net.convertica,1,1,False
net.composedchaos,1,1,False
net.complianceregistry,1,1,False
net.clearbounce,1,1,False
net.checkmyvin,1,1,False
net.casthost,1,1,False
net.brazilian-bikinis,1,1,False
markets.oblique.api,1,1,False
markets.bellwether,1,1,False
jp.menufresh,1,1,False
live.alpic.email-mcp-400f7a0b,1,1,False
live.alpic.lineup-bf157e35,1,1,False
live.alpic.iaapp-a912a14e,1,1,False
live.alpic.gueguesser-chatgptap-68537aa2,1,1,False
live.alpic.fast-mcp-f337845e,1,1,False
live.alpic.email-mcp-ded4e7db,1,1,False
live.alpic.email-mcp-dbb94dbf,1,1,False
live.alpic.email-mcp-8d084a7a,1,1,False
live.alpic.doing-v2-d5286fe8,1,1,False
market.waxed,1,1,False
live.alpic.daily-horoscope-mcp-66c71311,1,1,False
live.alpic.commandhub-lua-58b727e2,1,1,False
live.alpic.clouddj-ce0f8cfd,1,1,False
live.alpic.apps-sdk-template-14df1dd6,1,1,False
live.alpic.alpichack-3c740d01,1,1,False
link.snapto,1,1,False
link.smirnov,1,1,False
live.alpic.linkup-company-resea-2df3e8e8,1,1,False
live.alpic.mcp-server-template-7860f7d3,1,1,False
live.alpic.mcp-server-template-d2d1b3b5,1,1,False
live.alpic.mcpimmo-10e693d9,1,1,False
live.alpic.staging.mcp-server-6283dc54,1,1,False
live.alpic.staging.everything-app-ce82911c,1,1,False
live.alpic.staging.everything-app-7f22928f,1,1,False
live.alpic.staging.email-mcp-c880a7f7,1,1,False
live.alpic.staging.email-mcp-3b5a375e,1,1,False
live.alpic.staging.email-mcp-17ee097a,1,1,False
live.alpic.staging.demo-81c8a122,1,1,False
live.alpic.staging.alpic-poc-frontend-c68d130f,1,1,False
live.alpic.send-email-49a8d7ee,1,1,False
live.alpic.qa-test-cli-b955e6a8,1,1,False
live.alpic.openjobs-3168f222,1,1,False
live.alpic.node-mcp-3a40efc5,1,1,False
live.alpic.node-email-mcp-b25f10ec,1,1,False
live.alpic.new-test-cli-239fbe01,1,1,False
live.alpic.memoire-partagee-ffe6c8c2,1,1,False
link.sinkto,1,1,False
link.onchainalphamcp.mcp,1,1,False
link.obfus,1,1,False
kr.p-e.tollary,1,1,False
kr.maedong,1,1,False
kr.ibtcc,1,1,False
kr.gronox,1,1,False
kr.drafters,1,1,False
kr.co.reevl,1,1,False
kr.co.paperee,1,1,False
kr.co.imagefactory,1,1,False
kr.ai.vdb,1,1,False
ke.co.mkliniki,1,1,False
jp.tsuyoshikashiwazaki,1,1,False
jp.softglow,1,1,False
jp.sealgate,1,1,False
jp.ruletrade,1,1,False
jp.renkeimap,1,1,False
jp.prenica,1,1,False
kr.ntable,1,1,False
kr.pe.trading,1,1,False
link.hultra,1,1,False
kr.wandsol,1,1,False
link.fixed,1,1,False
link.cyberelf.whetstone,1,1,False
life.pjq,1,1,False
legal.kvasir,1,1,False
legal.custodio,1,1,False
legal.captain,1,1,False
law.ukimmigration,1,1,False
lat.oktopus,1,1,False
land.transcript,1,1,False
land.moss,1,1,False
land.makeup,1,1,False
la.roki,1,1,False
kz.tehprof.booking,1,1,False
kz.alexcredit,1,1,False
kr.xdata,1,1,False
live.alpic.staging.mcp-server-a2d17427,1,1,False
live.alpic.staging.mcp-server-template--1488dac2,1,1,False
live.alpic.staging.mcp-server-template-5eacc5c3,1,1,False
lu.chathome,1,1,False
lt.trustpack,1,1,False
lt.perkusai,1,1,False
lt.nodo,1,1,False
lt.namiko,1,1,False
lt.konfiguratorius,1,1,False
ls.ip,1,1,False
love.letsvibe,1,1,False
love.chain.app,1,1,False
london.taskman,1,1,False
lol.typosafe,1,1,False
lol.myplan,1,1,False
lol.metamuse,1,1,False
lol.fantasypundit,1,1,False
lol.bodylab,1,1,False
lol.bestbid,1,1,False
ltd.branddesign,1,1,False
lv.bezbaseina,1,1,False
llc.facet,1,1,False
lv.cenufiltrs,1,1,False
market.plati.mcp,1,1,False
market.payapi,1,1,False
market.nostos,1,1,False
market.mundane,1,1,False
market.mtok,1,1,False
market.mcp,1,1,False
market.execution,1,1,False
management.independent,1,1,False
makeup.pro,1,1,False
ma.envoisms,1,1,False
ma.datao,1,1,False
ly.img,1,1,False
ly.deal,1,1,False
lv.vairogs,1,1,False
lv.city24,1,1,False
lol.agentarena,1,1,False
lk.ghosts,1,1,False
live.alpic.staging.mcp-server-template-7b99436a,1,1,False
live.alpic.tasks-example-ca49f0f6,1,1,False
live.alpic.staging.template-0f352e26,1,1,False
live.alpic.staging.system-prompts-of-ai-987eba72,1,1,False
live.alpic.staging.skybridge-712c1350,1,1,False
live.alpic.staging.server-template-3b6131fe,1,1,False
live.alpic.staging.send-email-mcp-04d3fdca,1,1,False
live.alpic.staging.python-email-mcp-f5c8e0a7,1,1,False
live.alpic.staging.property-search-mcp-ce598409,1,1,False
live.alpic.staging.personal-chef-chatgp-c951fcb6,1,1,False
live.alpic.staging.node-email-mcp-a629b9bc,1,1,False
live.alpic.staging.node-email-mcp-731b03b7,1,1,False
live.alpic.staging.node-email-mcp-25ea0992,1,1,False
live.alpic.staging.mcp-template-e37c5898,1,1,False
live.alpic.staging.mcp-server-template-99cbcf02,1,1,False
live.alpic.staging.mcp-server-template-90a89880,1,1,False
live.alpic.staging.mcp-server-template-8068f74b,1,1,False
live.alpic.staging.template-nodejs-d3cd3099,1,1,False
live.alpic.template-server-8e74ee32,1,1,False
live.sidai,1,1,False
live.alpic.template-server-ed7df515,1,1,False
live.quicly,1,1,False
live.pulsarsignal,1,1,False
live.nodrix,1,1,False
live.max4,1,1,False
live.marketmaster,1,1,False
live.lathe,1,1,False
live.innernet,1,1,False
live.hypertext,1,1,False
live.grabbit,1,1,False
live.cityalert,1,1,False
live.catchaset,1,1,False
live.calensync,1,1,False
live.bitcoinintel,1,1,False
live.alpic.test5-ca2cc17f,1,1,False
live.alpic.test-distribution-pr-a7d5a2d3,1,1,False
io.lenz,1,1,False
io.ledgerproofhq,1,1,False
io.leantrading,1,1,False
io.github.wi9ine,1,1,False
io.github.williamechevarria,1,1,False
io.github.williamcodes,1,1,False
io.github.williamblakecunningham-max,1,1,False
io.github.williamblaismedia-create,1,1,False
io.github.willa-code,1,1,False
io.github.wikatar,1,1,False
io.github.wickproject,1,1,False
io.github.whyy9527,1,1,False
io.github.wcharysz,1,1,False
io.github.whw23,1,1,False
io.github.whois-api-llc,1,1,False
io.github.whitmorelabs,1,1,False
io.github.whitestone1121-web,1,1,False
io.github.whitepepper355,1,1,False
io.github.whiteknightonhorse,1,1,False
io.github.whistlegraph,1,1,False
io.github.willianpinho,1,1,False
io.github.willians2018,1,1,False
io.github.williansaez,1,1,False
io.github.willyfh,1,1,False
io.github.wizkid17,1,1,False
io.github.wizard-exe,1,1,False
io.github.withqwerty,1,1,False
io.github.with-geun,1,1,False
io.github.wistia,1,1,False
io.github.wishfinity,1,1,False
io.github.wiserautomation,1,1,False
io.github.wisemankonstantin-droid,1,1,False
io.github.wiseappsai,1,1,False
io.github.wise-vision,1,1,False
io.github.wireboard,1,1,False
io.github.winedarksea,1,1,False
io.github.winds3753,1,1,False
io.github.wilzer,1,1,False
io.github.wilmendezofficial,1,1,False
io.github.whetstone-tools,1,1,False
io.github.wheelfor,1,1,False
io.github.wheelbarrel00,1,1,False
io.github.webweaver-nexus,1,1,False
io.github.webtoolbox,1,1,False
io.github.webscraping-ai,1,1,False
io.github.webmyc,1,1,False
io.github.webloomhq,1,1,False
io.github.webios2026-byte,1,1,False
io.github.webdriverio,1,1,False
io.github.webdevelopers-eu,1,1,False
io.github.webcredo,1,1,False
io.github.webaesbyamin,1,1,False
io.github.web-resurrect,1,1,False
io.github.weatherai-io,1,1,False
io.github.wearehoust,1,1,False
io.github.weareconnectry,1,1,False
io.github.wd666430-rgb,1,1,False
io.github.wcnm8888,1,1,False
io.github.webull-inc,1,1,False
io.github.wedsamuel1230,1,1,False
io.github.whazeted,1,1,False
io.github.weekdmond,1,1,False
io.github.whats2000,1,1,False
io.github.whatevercat-creator,1,1,False
io.github.whalefuntech,1,1,False
io.github.whale-professor,1,1,False
io.github.wgt19861219,1,1,False
io.github.wgd5678,1,1,False
io.github.wfmjvpvst5-sketch,1,1,False
io.github.westonhancock,1,1,False
io.github.weskerllc,1,1,False
io.github.weromon,1,1,False
io.github.wenRou21,1,1,False
io.github.weiyongxu,1,1,False
io.github.wei-ai-lab,1,1,False
io.github.wefi-ai,1,1,False
io.github.weekendinvestor,1,1,False
io.github.wjabanjj,1,1,False
io.github.wjabrac,1,1,False
io.github.wjgoarxiv,1,1,False
io.github.x7even,1,1,False
io.github.x402-index,1,1,False
io.github.wzltmp,1,1,False
io.github.wywy-llc,1,1,False
io.github.wynnpay102-sys,1,1,False
io.github.wygogogo19,1,1,False
io.github.wyattbenno777,1,1,False
io.github.wwwwujl,1,1,False
io.github.www-in-bio,1,1,False
io.github.wvdsh,1,1,False
io.github.wuzenghai616-lang,1,1,False
io.github.wundervault,1,1,False
io.github.wundam,1,1,False
io.github.wulfkaal,1,1,False
io.github.wujinkim,1,1,False
io.github.wudongjie,1,1,False
io.github.x402node,1,1,False
io.github.xChuCx,1,1,False
io.github.wtznicy,1,1,False
io.github.xOrbuc,1,1,False
io.github.xhdyycx,1,1,False
io.github.xhad,1,1,False
io.github.xgr-network,1,1,False
io.github.xgone,1,1,False
io.github.xetenet,1,1,False
io.github.xerno42,1,1,False
io.github.xenarch-ai,1,1,False
io.github.xelektron,1,1,False
io.github.xcollantes,1,1,False
io.github.xcodethink,1,1,False
io.github.xbt786,1,1,False
io.github.xberg-io,1,1,False
io.github.xbbg-org,1,1,False
io.github.xaviviro,1,1,False
io.github.xataio,1,1,False
io.github.wubin1836,1,1,False
io.github.wtronk,1,1,False
io.github.wkalidev,1,1,False
io.github.worklittle,1,1,False
io.github.work517,1,1,False
io.github.work0r-ai,1,1,False
io.github.wordofclout,1,1,False
io.github.worakorn-prince,1,1,False
io.github.woowoeth,1,1,False
io.github.woonyong-choi,1,1,False
io.github.woonstadrotterdam,1,1,False
io.github.woodcoal,1,1,False
io.github.wonderwhy-er,1,1,False
io.github.wolfschram,1,1,False
io.github.wnsod,1,1,False
io.github.wmeireles,1,1,False
io.github.wlsdks,1,1,False
io.github.wllrdev,1,1,False
io.github.wklm,1,1,False
io.github.workhard1011,1,1,False
io.github.worklore,1,1,False
io.github.wtfregia,1,1,False
io.github.workmagicio,1,1,False
io.github.wtaylorwilson,1,1,False
io.github.wstierhout,1,1,False
io.github.wspringer,1,1,False
io.github.wso2,1,1,False
io.github.wrnreed-analytics,1,1,False
io.github.writesdavid,1,1,False
io.github.write-space,1,1,False
io.github.wretcher207,1,1,False
io.github.wrenchpilot,1,1,False
io.github.wrbtc,1,1,False
io.github.wraelen,1,1,False
io.github.wppoland,1,1,False
io.github.wowcool,1,1,False
io.github.woshilaohei,1,1,False
io.github.workopia,1,1,False
io.github.wchiway,1,1,False
io.github.waxsway,1,1,False
io.layven,1,1,False
io.github.vincentn-waivern,1,1,False
io.github.vinur1992,1,1,False
io.github.vinsenzo83,1,1,False
io.github.viniciuslazzari,1,1,False
io.github.vineethwilson15,1,1,False
io.github.vincentwongso,1,1,False
io.github.vincentvella,1,1,False
io.github.vincentping,1,1,False
io.github.vin-spiegel,1,1,False
io.github.wavyrai,1,1,False
io.github.vilogy,1,1,False
io.github.vilaabo,1,1,False
io.github.viktorlarsson,1,1,False
io.github.vikramgorla,1,1,False
io.github.vike-io,1,1,False
io.github.vikasny30,1,1,False
io.github.vijayst,1,1,False
io.github.vinvuk,1,1,False
io.github.violetclaire,1,1,False
io.github.vip0123,1,1,False
io.github.vipulsutar11,1,1,False
io.github.vistoya,1,1,False
io.github.visily-app,1,1,False
io.github.vishvick,1,1,False
io.github.vishnu-77,1,1,False
io.github.vishaltorc,1,1,False
io.github.vishalsg42,1,1,False
io.github.vishalsachdev,1,1,False
io.github.vishalmeena2211,1,1,False
io.github.vishalguptax,1,1,False
io.github.virwave,1,1,False
io.github.virtualsms-io,1,1,False
io.github.viridis-security,1,1,False
io.github.virgen101,1,1,False
io.github.viren040,1,1,False
io.github.viralnote,1,1,False
io.github.vigneshv1cky,1,1,False
io.github.vigneshRN52,1,1,False
io.github.vighriday,1,1,False
io.github.veyndrasystems,1,1,False
io.github.vessel-api,1,1,False
io.github.versionpill,1,1,False
io.github.verrysimatupang99,1,1,False
io.github.veronchenko,1,1,False
io.github.vernonstinebaker,1,1,False
io.github.verivusOSS-releases,1,1,False
io.github.veriswarm,1,1,False
io.github.veriko-mx-labs,1,1,False
io.github.verifyax,1,1,False
io.github.verifiedstate,1,1,False
io.github.veriasia,1,1,False
io.github.verdochello,1,1,False
io.github.vercel,1,1,False
io.github.verbative,1,1,False
io.github.verax-ai,1,1,False
io.github.vetnet183,1,1,False
io.github.veynor-xyz,1,1,False
io.github.vidvinianinov,1,1,False
io.github.veyvey45-eng,1,1,False
io.github.vidguy-ai,1,1,False
io.github.videreo,1,1,False
io.github.victorgulchenko,1,1,False
io.github.vicseeai,1,1,False
io.github.vicc,1,1,False
io.github.vibeview,1,1,False
io.github.vibegpt,1,1,False
io.github.vibefix-tech,1,1,False
io.github.vibeads,1,1,False
io.github.vibe-hacker,1,1,False
io.github.viaonboard,1,1,False
io.github.vhspace,1,1,False
io.github.vgnshiyer,1,1,False
io.github.vfxprojoe,1,1,False
io.github.vfarcic,1,1,False
io.github.visus-mcp,1,1,False
io.github.vitaliemiron,1,1,False
io.github.vitaliiserbynassisterr,1,1,False
io.github.waiky-github,1,1,False
io.github.w8s,1,1,False
io.github.w31r4,1,1,False
io.github.w1ckedxt,1,1,False
io.github.w0h1v,1,1,False
io.github.vystartasv,1,1,False
io.github.vulnersCom,1,1,False
io.github.vulncheck-oss,1,1,False
io.github.vulkanr,1,1,False
io.github.vukvukovich,1,1,False
io.github.vshulcz,1,1,False
io.github.vsh5dvsch7-png,1,1,False
io.github.vrllrv,1,1,False
io.github.vria-consulting,1,1,False
io.github.vreddie2go,1,1,False
io.github.vpnfail,1,1,False
io.github.waanvar,1,1,False
io.github.waka4674,1,1,False
io.github.vouch-protocol,1,1,False
io.github.walensis-labs,1,1,False
io.github.waterfallbridge,1,1,False
io.github.wasauce,1,1,False
io.github.warwickwood-cell,1,1,False
io.github.wartzar-bee,1,1,False
io.github.warpmetrics,1,1,False
io.github.warpfreight,1,1,False
io.github.warmachine2121,1,1,False
io.github.warfare-hub,1,1,False
io.github.waqarulwahab,1,1,False
io.github.wangkuangkuang,1,1,False
io.github.wang1051992187,1,1,False
io.github.wandercom,1,1,False
io.github.wally827,1,1,False
io.github.wallettriage,1,1,False
io.github.walidb212,1,1,False
io.github.vouchdev,1,1,False
io.github.vosesoftware,1,1,False
io.github.vitalinguist,1,1,False
io.github.vladimirbakalov,1,1,False
io.github.vlad-public-code,1,1,False
io.github.vkuprin,1,1,False
io.github.vktr93,1,1,False
io.github.vkhanhqui,1,1,False
io.github.vj88-coder,1,1,False
io.github.vizkr,1,1,False
io.github.vivuai,1,1,False
io.github.viviooio,1,1,False
io.github.vivid-money,1,1,False
io.github.vivek081166,1,1,False
io.github.vitorrocha-panda,1,1,False
io.github.vitorantoniazzi,1,1,False
io.github.vitas,1,1,False
io.github.vitalsvault,1,1,False
io.github.vitalio-sh,1,1,False
io.github.vladic-corp,1,1,False
io.github.vmalyshev1,1,1,False
io.github.voronkovm,1,1,False
io.github.vmoranv,1,1,False
io.github.vorobjewsen30-max,1,1,False
io.github.vornicx,1,1,False
io.github.voltronunited,1,1,False
io.github.volsier,1,1,False
io.github.volatility,1,1,False
io.github.vojtisprime11,1,1,False
io.github.voidmobcom,1,1,False
io.github.voidfeedai-ops,1,1,False
io.github.voicelogica,1,1,False
io.github.voicearc,1,1,False
io.github.vndpal,1,1,False
io.github.vndee,1,1,False
io.github.vncsleal,1,1,False
io.github.vncntknl,1,1,False
io.github.vncent786,1,1,False
io.github.xhighhongo41,1,1,False
io.github.xiangzi1126,1,1,False
io.github.xiaoba-dev,1,1,False
io.github.zion-zzy,1,1,False
io.github.zlatkoc,1,1,False
io.github.zkwasm,1,1,False
io.github.zkousama,1,1,False
io.github.zkeviny,1,1,False
io.github.zkarchitect,1,1,False
io.github.ziyuant222,1,1,False
io.github.ziyacivan,1,1,False
io.github.ziggythebot,1,1,False
io.github.xiaopeng215-sys,1,1,False
io.github.zhuzhen-team,1,1,False
io.github.zhurong2020,1,1,False
io.github.zhugejun,1,1,False
io.github.zhound420,1,1,False
io.github.zhouhua188199-arch,1,1,False
io.github.zhouchungong,1,1,False
io.github.zhongweili,1,1,False
io.github.zloeber,1,1,False
io.github.zmarten,1,1,False
io.github.zombico,1,1,False
io.github.zomma-dev,1,1,False
io.github.zyfy-uk,1,1,False
io.github.zyf8827,1,1,False
io.github.zxyasfas,1,1,False
io.github.zxhwolfe-dev,1,1,False
io.github.zxf-work,1,1,False
io.github.zwldarren,1,1,False
io.github.zwitbaum,1,1,False
io.github.zurferr,1,1,False
io.github.zuneracodes,1,1,False
io.github.zumerlab,1,1,False
io.github.zsoltcsaszti,1,1,False
io.github.zseta,1,1,False
io.github.zscaler,1,1,False
io.github.zrk222,1,1,False
io.github.zoubirabde9a,1,1,False
io.github.zhiyu-dev,1,1,False
io.github.zhiqi-li,1,1,False
io.github.zhinikefu,1,1,False
io.github.zemloai-ctrl,1,1,False
io.github.zeiq-co,1,1,False
io.github.zebbern,1,1,False
io.github.zdravo-ai,1,1,False
io.github.zcsabbagh,1,1,False
io.github.zcor,1,1,False
io.github.zc4578980-tech,1,1,False
io.github.zazencodes,1,1,False
io.github.zaxarovcom,1,1,False
io.github.zation,1,1,False
io.github.zarcherlot,1,1,False
io.github.zaq2989,1,1,False
io.github.zapxlabs,1,1,False
io.github.zapsoblige-hash,1,1,False
io.github.zaplitny,1,1,False
io.github.zambodotdev,1,1,False
io.github.zelentsov-dev,1,1,False
io.github.zengineco,1,1,False
io.github.zhengyanglsun,1,1,False
io.github.zenitheditor,1,1,False
io.github.zhaoyue722,1,1,False
io.github.zezeron,1,1,False
io.github.zexiro,1,1,False
io.github.zev-lll,1,1,False
io.github.zerozaky,1,1,False
io.github.zeroth-settlement,1,1,False
io.github.zerolve-io,1,1,False
io.github.zerodustxyz,1,1,False
io.github.zeroatflops,1,1,False
io.github.zero520-dot,1,1,False
io.github.zero-intel,1,1,False
io.github.zereight,1,1,False
io.github.zerabic,1,1,False
io.github.zepgram,1,1,False
io.github.zenml-io,1,1,False
io.github.zyli5313,1,1,False
io.github.zymsj8j9z9-ship-it,1,1,False
io.github.zyno-io,1,1,False
io.iskat,1,1,False
io.ironwallet,1,1,False
io.ironshell,1,1,False
io.ioswarm,1,1,False
io.investjournal,1,1,False
io.intencion,1,1,False
io.instalent,1,1,False
io.instadash,1,1,False
io.insourcia,1,1,False
io.indraft,1,1,False
io.indices,1,1,False
io.indexone,1,1,False
io.inboxguard,1,1,False
io.inboxacademy,1,1,False
io.importly,1,1,False
io.imejis,1,1,False
io.ishlabs,1,1,False
io.jikida,1,1,False
io.illumora,1,1,False
io.jobsbase,1,1,False
io.launchchair,1,1,False
io.laraplugins,1,1,False
io.kortexio,1,1,False
io.kondux,1,1,False
io.kolvera,1,1,False
io.kolmo.www,1,1,False
io.klokin,1,1,False
io.kiloiot,1,1,False
io.kifly,1,1,False
io.keypup,1,1,False
io.keyban.prod.mcp,1,1,False
io.keryo,1,1,False
io.kernelscan,1,1,False
io.kaitoi,1,1,False
io.kaidn,1,1,False
io.imaginevid,1,1,False
io.ihateinvoicing,1,1,False
io.github.zyntarasystems,1,1,False
io.hamla,1,1,False
io.gunspec,1,1,False
io.guardr,1,1,False
io.guapu,1,1,False
io.grovs,1,1,False
io.grabmail,1,1,False
io.govparse,1,1,False
io.goodsign,1,1,False
io.gmapsscraper,1,1,False
io.globalping,1,1,False
io.globalgov,1,1,False
io.global-chat,1,1,False
io.github.zzzz0902zzzz-rgb,1,1,False
io.github.zzstoatzz,1,1,False
io.github.zyx77550,1,1,False
io.github.zyntx-lab,1,1,False
io.gvnr,1,1,False
io.healthparse,1,1,False
io.ignission,1,1,False
io.heartly,1,1,False
io.identityforge,1,1,False
io.identark,1,1,False
io.hypeline,1,1,False
io.huntertech,1,1,False
io.hunter-seeker,1,1,False
io.hunchful,1,1,False
io.huint,1,1,False
io.hovhannes,1,1,False
io.honeycomb,1,1,False
io.hokai,1,1,False
io.heronapp,1,1,False
io.hempdata,1,1,False
io.helloledger,1,1,False
io.helious,1,1,False
io.heldly,1,1,False
io.github.zalez,1,1,False
io.github.zakariagharzouli,1,1,False
io.github.zaialamm,1,1,False
io.github.yasib48,1,1,False
io.github.yash1ts,1,1,False
io.github.yasaminfayyaz,1,1,False
io.github.yarrasys,1,1,False
io.github.yarnabrina,1,1,False
io.github.yaos,1,1,False
io.github.yantrikos,1,1,False
io.github.yannmenec,1,1,False
io.github.yaniv-golan,1,1,False
io.github.yaniswav,1,1,False
io.github.yanislav-igonin,1,1,False
io.github.yangzichao,1,1,False
io.github.yaminbkk,1,1,False
io.github.yamaru-eu,1,1,False
io.github.yamantaka520,1,1,False
io.github.yamadashy,1,1,False
io.github.yashdoke7,1,1,False
io.github.yasmanycastillo,1,1,False
io.github.yakub268,1,1,False
io.github.yatuk,1,1,False
io.github.yevhen-kalyna,1,1,False
io.github.yessGlory17,1,1,False
io.github.yesmars,1,1,False
io.github.yesc97,1,1,False
io.github.yeominux,1,1,False
io.github.yellow-hammer,1,1,False
io.github.yehudalevy-collab,1,1,False
io.github.yedanyagamiai-cmd,1,1,False
io.github.yeagoo,1,1,False
io.github.ydnikolaev,1,1,False
io.github.ycjcl868,1,1,False
io.github.ybin4548,1,1,False
io.github.ybentov1,1,1,False
io.github.yb48666-ctrl,1,1,False
io.github.yaver-io,1,1,False
io.github.yakuphanycl,1,1,False
io.github.yagyaanshK,1,1,False
io.github.yeyuancc0-glitch,1,1,False
io.github.xllinbupt,1,1,False
io.github.xkqg,1,1,False
io.github.xkelxmc,1,1,False
io.github.xka0085-byte,1,1,False
io.github.xjpru,1,1,False
io.github.xjodoin,1,1,False
io.github.xitoring,1,1,False
io.github.xinxinhenaixin,1,1,False
io.github.xinvxueyuan,1,1,False
io.github.xingbofeng,1,1,False
io.github.xieyuschen,1,1,False
io.github.xie38388,1,1,False
io.github.xidik12,1,1,False
io.github.xiaweiyi713,1,1,False
io.github.xiaoxuzhu303-prog,1,1,False
io.github.xiaoxihexiaoyu,1,1,False
io.github.xlight,1,1,False
io.github.xngg1021,1,1,False
io.github.yadu-tv,1,1,False
io.github.xodn348,1,1,False
io.github.yadasa,1,1,False
io.github.yBookoff,1,1,False
io.github.xyzxinlu-max,1,1,False
io.github.xyun1996,1,1,False
io.github.xxxoooxoxo,1,1,False
io.github.xultrax-web,1,1,False
io.github.xu-c0,1,1,False
io.github.xtrustinfo,1,1,False
io.github.xsronhou,1,1,False
io.github.xsf0221,1,1,False
io.github.xpluspro,1,1,False
io.github.xplusplusai,1,1,False
io.github.xplainable,1,1,False
io.github.xorrkaz,1,1,False
io.github.xona-labs,1,1,False
io.github.yeyuan98,1,1,False
io.github.ygdotcom,1,1,False
io.github.zaharajabeen13-create,1,1,False
io.github.yusufcemres,1,1,False
io.github.yuque,1,1,False
io.github.yunaremaia,1,1,False
io.github.yuluo688,1,1,False
io.github.yul761,1,1,False
io.github.yukihamada,1,1,False
io.github.yujiseok,1,1,False
io.github.yugui923,1,1,False
io.github.yuens1002,1,1,False
io.github.yuanzizhiyi,1,1,False
io.github.yuanjian068yuan,1,1,False
io.github.ytkoka,1,1,False
io.github.ysydhc,1,1,False
io.github.ysk-abe,1,1,False
io.github.ysalitrynskyi,1,1,False
io.github.ypratap11,1,1,False
io.github.yusiwen,1,1,False
io.github.yusufkadry,1,1,False
io.github.yourtechtribe-labs,1,1,False
io.github.yvonne-chow,1,1,False
io.github.zaeyasa,1,1,False
io.github.zackpeters93,1,1,False
io.github.zachlikefolio,1,1,False
io.github.zachhannum,1,1,False
io.github.zNetinho,1,1,False
io.github.z416479660,1,1,False
io.github.yzonur,1,1,False
io.github.yzlee,1,1,False
io.github.yyxqqq777,1,1,False
io.github.yyphilo,1,1,False
io.github.yyordanov-tradu,1,1,False
io.github.yyeongjin,1,1,False
io.github.yyahiaoui1406-max,1,1,False
io.github.yxy050208,1,1,False
io.github.yxs1640-png,1,1,False
io.github.yousunjung84-edu,1,1,False
io.github.yourtablecloth,1,1,False
io.github.ygtalp,1,1,False
io.github.ynnickw,1,1,False
io.github.ymuichiro,1,1,False
io.github.ym2629,1,1,False
io.github.ylytdeng,1,1,False
io.github.yl124915300-dot,1,1,False
io.github.yksanjo,1,1,False
io.github.ykorets,1,1,False
io.github.ykastelnik,1,1,False
io.github.ykarapazar,1,1,False
io.github.yk647,1,1,False
io.github.yjhann33-design,1,1,False
io.github.yixuanzhong,1,1,False
io.github.yifancong,1,1,False
io.github.yhay81,1,1,False
io.github.yhagiwara-meliorra,1,1,False
io.github.yh919,1,1,False
io.github.ymxc152,1,1,False
io.github.yoavhizkiH,1,1,False
io.github.yourmatematt,1,1,False
io.github.yohasacura,1,1,False
io.github.your-ko,1,1,False
io.github.youdotcom-oss,1,1,False
io.github.youbotapi,1,1,False
io.github.yotsuda,1,1,False
io.github.yotamfreund-eng,1,1,False
io.github.yoryocoruxo-ai,1,1,False
io.github.yonro,1,1,False
io.github.yonlandwu,1,1,False
io.github.yongjip,1,1,False
io.github.yonghwan1106,1,1,False
io.github.yondry-ltd,1,1,False
io.github.yonatangross,1,1,False
io.github.yolstudio26-oss,1,1,False
io.github.yolo-labz,1,1,False
io.github.yolfinance,1,1,False
net.nymbo,1,1,False
net.origingrid,1,1,False
io.github.ver-1000000,1,1,False
tv.sleipnir,1,1,False
tw.tobid,1,1,False
tw.surl.humanread,1,1,False
tw.recur,1,1,False
tw.org.legaltech,1,1,False
tw.0523,1,1,False
tv.zinema,1,1,False
tv.web3,1,1,False
tv.popoff,1,1,False
today.utsuroi,1,1,False
tv.makata,1,1,False
tv.guidedoc,1,1,False
tv.digitalexperts,1,1,False
tv.ai,1,1,False
travel.rialto,1,1,False
travel.ourway,1,1,False
travel.kismet,1,1,False
ua.com.mfoxa,1,1,False
ua.com.quintadb,1,1,False
ua.org.chertov,1,1,False
uk.bankconvert,1,1,False
uk.co.boreholedrillingcost,1,1,False
uk.co.bngquotes,1,1,False
uk.co.binruleschecker,1,1,False
uk.co.batterystoragecost,1,1,False
uk.co.batsurveycost,1,1,False
uk.co.basementexcavationcost,1,1,False
uk.co.asbestossurveyquotes,1,1,False
uk.co.asbestossurveycost,1,1,False
uk.co.asbestosremovalcosts,1,1,False
uk.co.asbestosdisposalcost,1,1,False
uk.co.allpaintcolours,1,1,False
uk.co.agriculturalbuildingcost,1,1,False
uk.co.adrcourses,1,1,False
uk.co.accesscontrolcost,1,1,False
uk.co.abnormalloadquotes,1,1,False
training.stats,1,1,False
trade.snacs,1,1,False
trade.rubin,1,1,False
tools.systra,1,1,False
tools.socialdata,1,1,False
tools.ref,1,1,False
tools.planwright,1,1,False
tools.ouro,1,1,False
tools.knurl,1,1,False
tools.i-gaming,1,1,False
tools.growthkit,1,1,False
tools.extrabold,1,1,False
tools.engram,1,1,False
tools.edgar,1,1,False
tools.datadive,1,1,False
tools.clean,1,1,False
tools.calculator,1,1,False
tools.audiolab,1,1,False
tools.apricot,1,1,False
tools.structura,1,1,False
tools.wha,1,1,False
trade.quote,1,1,False
tools.xearno,1,1,False
trade.neglect,1,1,False
trade.mcpify,1,1,False
trade.loomdesk,1,1,False
trade.felix,1,1,False
trade.coil,1,1,False
town.val,1,1,False
town.liars,1,1,False
top.zheng-he,1,1,False
top.verseworks,1,1,False
top.stillglowing,1,1,False
top.pulsewatch,1,1,False
top.placepack,1,1,False
top.novelmcp,1,1,False
top.comunicate,1,1,False
top.agentarcade,1,1,False
uk.co.buildmydigital,1,1,False
uk.co.businessgrantsfinder,1,1,False
uk.co.businessvaluationcost,1,1,False
uk.co.farmgrantdeadlines,1,1,False
uk.co.executivesearchfees,1,1,False
uk.co.eventhirecosts,1,1,False
uk.co.epcupgradecost,1,1,False
uk.co.enginerebuildcost,1,1,False
uk.co.energyauditcost,1,1,False
uk.co.employmentrightschecker,1,1,False
uk.co.employmentcontractgenerator,1,1,False
uk.co.employercostcalculator,1,1,False
uk.co.ductcleaningquotes,1,1,False
uk.co.dsearassessmentcost,1,1,False
uk.co.dronelicencechecker,1,1,False
uk.co.drivershourscalculator,1,1,False
uk.co.dresserhouse,1,1,False
uk.co.drainprices,1,1,False
uk.co.dinilu,1,1,False
uk.co.exhibitionstandcost,1,1,False
uk.co.filtersolutions,1,1,False
uk.co.dilapidationscost,1,1,False
uk.co.findacopacker,1,1,False
uk.co.garchi,1,1,False
uk.co.gallbladdersurgerycost,1,1,False
uk.co.fsmacrypto,1,1,False
uk.co.frankspace,1,1,False
uk.co.forsaccreditationcost,1,1,False
uk.co.forklifttrainingquotes,1,1,False
uk.co.forkliftservicingcost,1,1,False
uk.co.forkliftcoursefinder,1,1,False
uk.co.forensicaccountantcost,1,1,False
uk.co.footballtrialsdatabase,1,1,False
uk.co.foodhygienealerts,1,1,False
uk.co.flatscope,1,1,False
uk.co.fireriskquotes,1,1,False
uk.co.firecompliancecost,1,1,False
uk.co.firealarmservicingcost,1,1,False
uk.co.dilapidationsquotes,1,1,False
uk.co.devexitfinance,1,1,False
uk.co.camchinabridge,1,1,False
uk.co.commercialdrainagequotes,1,1,False
uk.co.codecrafted,1,1,False
uk.co.clubgrants,1,1,False
uk.co.clinicalwastequotes,1,1,False
uk.co.cleantechcontent,1,1,False
uk.co.classqchecker,1,1,False
uk.co.classiccarrestorationcost,1,1,False
uk.co.ciwregistration,1,1,False
uk.co.cctvinstallationcost,1,1,False
uk.co.cctvdrainsurveycost,1,1,False
uk.co.catchmentchecker,1,1,False
uk.co.cataractsurgerycost,1,1,False
uk.co.carimportcalculator,1,1,False
uk.co.careinspectorateregistration,1,1,False
uk.co.caravanstorageprices,1,1,False
uk.co.campervanconversioncost,1,1,False
uk.co.coldroominstallationcost,1,1,False
uk.co.commercialepccost,1,1,False
uk.co.demolitionquotes,1,1,False
uk.co.commercialheatpumpcost,1,1,False
uk.co.decordepot,1,1,False
uk.co.dampsurveyprices,1,1,False
uk.co.cyberinsurancecost,1,1,False
uk.co.cyberessentialscost,1,1,False
uk.co.currentannuityrates,1,1,False
uk.co.cryptoaccountantsdirectory,1,1,False
uk.co.cqcregistrationchecker,1,1,False
uk.co.corptaxcalculator,1,1,False
uk.co.contractorpaycalculator,1,1,False
uk.co.confinedspacetrainingcost,1,1,False
uk.co.concretepumpinghire,1,1,False
uk.co.compressedairservicing,1,1,False
uk.co.comparemyconveyancing,1,1,False
uk.co.commerciallaundrycost,1,1,False
uk.co.commercialkitchencost,1,1,False
tools.adminhub,1,1,False
today.solarstorm,1,1,False
uk.co.gearboxrepairquotes,1,1,False
studio.attache,1,1,False
studio.pulsecircle,1,1,False
studio.patronus,1,1,False
studio.mailmask,1,1,False
studio.lowlevel,1,1,False
studio.inite,1,1,False
studio.gradients,1,1,False
studio.dodraft,1,1,False
studio.approval,1,1,False
today.regalert,1,1,False
studio.agoria,1,1,False
stream.govideo,1,1,False
store.ivoryriver,1,1,False
store.getsoma,1,1,False
store.etherealgoodsco,1,1,False
store.dacix,1,1,False
store.buynearby,1,1,False
studio.pzero,1,1,False
studio.screenify,1,1,False
studio.skillfolio,1,1,False
studio.sprid,1,1,False
team.jogo,1,1,False
team.gaijin,1,1,False
team.apolloai,1,1,False
taxi.ried,1,1,False
tax.zip,1,1,False
systems.phion,1,1,False
swiss.openhelvetia,1,1,False
sv.prometheus,1,1,False
sv.mcp,1,1,False
surf.insight,1,1,False
support.supp,1,1,False
su.mpshop,1,1,False
su.hpt,1,1,False
study.vela,1,1,False
study.aicertificates,1,1,False
store.bopmarket,1,1,False
st.seedfa,1,1,False
st.ravenpo,1,1,False
space.btw,1,1,False
space.arakelproof.proof,1,1,False
space.arakelproof.edge,1,1,False
space.agentmemory,1,1,False
space.aanet,1,1,False
solutions.inite,1,1,False
solutions.dap,1,1,False
software.reckon,1,1,False
software.gigliotti,1,1,False
software.altweb,1,1,False
social.weir,1,1,False
social.walletlink,1,1,False
social.superpowers,1,1,False
so.transcribe,1,1,False
so.sombra,1,1,False
so.sightkick,1,1,False
space.bidsurvivor,1,1,False
space.customjs,1,1,False
st.passfa,1,1,False
space.freedomlab.loki,1,1,False
st.demo,1,1,False
space.syntheticuserlab,1,1,False
space.studiosphere,1,1,False
space.steady,1,1,False
space.servercardtrust,1,1,False
space.rally,1,1,False
space.r3plica,1,1,False
space.promptguardscan,1,1,False
space.mysoma,1,1,False
space.muse,1,1,False
space.mcploadbudgeter,1,1,False
space.manus.signalsprint-mqysbksh,1,1,False
space.innernote,1,1,False
space.hf.hoyant-su-agentic-rl,1,1,False
space.galaxymind,1,1,False
team.leanscale,1,1,False
team.yardstick,1,1,False
tech.ace-bl,1,1,False
th.in.legaltech,1,1,False
tennis.courts,1,1,False
tel.tomi,1,1,False
technology.sarmad,1,1,False
technology.raintree,1,1,False
technology.draup,1,1,False
tech.zenfin,1,1,False
tech.ydb-qdrant.pets,1,1,False
tech.ydb-qdrant,1,1,False
tech.xns,1,1,False
tech.xfa,1,1,False
tech.vrsai,1,1,False
tech.viewprinter,1,1,False
tech.vauban,1,1,False
tech.tresbien,1,1,False
tech.tessa,1,1,False
tennis.grand,1,1,False
to.agentcentral,1,1,False
tech.skybridge.times-up,1,1,False
to.agentmail,1,1,False
today.naia,1,1,False
today.lmk,1,1,False
today.blame,1,1,False
to.xpost,1,1,False
to.viibe,1,1,False
to.unified,1,1,False
to.sprawl,1,1,False
to.plate,1,1,False
to.orangepeel,1,1,False
to.nexly,1,1,False
to.hooka,1,1,False
to.funn,1,1,False
to.flyn,1,1,False
to.derive,1,1,False
to.agentservices,1,1,False
tech.somewhere,1,1,False
tech.skybridge.productivity,1,1,False
tech.agentbazaar,1,1,False
tech.kasabeh,1,1,False
tech.interpretai,1,1,False
tech.human,1,1,False
tech.htsapp,1,1,False
tech.geckovision,1,1,False
tech.flocore,1,1,False
tech.ensotrade,1,1,False
tech.engageable,1,1,False
tech.davidmcgill,1,1,False
tech.cotrugli,1,1,False
tech.bugbrain,1,1,False
tech.broen,1,1,False
tech.axl,1,1,False
tech.autonomylabsweb.www,1,1,False
tech.apibara,1,1,False
tech.amass,1,1,False
tech.kaiku,1,1,False
tech.leeway,1,1,False
tech.skybridge.investigation-game,1,1,False
tech.melodium,1,1,False
tech.skybridge.everything,1,1,False
tech.skybridge.ecommerce,1,1,False
tech.skybridge.capitals,1,1,False
tech.skeletonarmy,1,1,False
tech.sirune,1,1,False
tech.seaweb,1,1,False
tech.searchpipe,1,1,False
tech.prismnetwork,1,1,False
tech.polydoc,1,1,False
tech.p7n,1,1,False
tech.novtriq,1,1,False
tech.neurodynamic,1,1,False
tech.monarkgate,1,1,False
tech.michaelbarber,1,1,False
tech.memoai,1,1,False
uk.co.gearboxreconditioningcost,1,1,False
uk.co.generatorservicingcost,1,1,False
net.particular,1,1,False
work.person,1,1,False
world.3keys,1,1,False
works.relux,1,1,False
works.mima,1,1,False
works.jinn,1,1,False
works.ergonia,1,1,False
work.sonas,1,1,False
work.resumebooster,1,1,False
work.noice,1,1,False
us.lotlytics,1,1,False
work.mcps,1,1,False
work.markboard,1,1,False
work.latlng.mcp,1,1,False
work.comuna,1,1,False
work.autonet,1,1,False
work.agentexchange.tooldrift,1,1,False
work.agentexchange.planets,1,1,False
world.agentindex,1,1,False
world.byway,1,1,False
world.jobo,1,1,False
world.mellow.www,1,1,False
xyz.actiongate.api,1,1,False
xyz.558686.gpt55,1,1,False
xyz.404humans,1,1,False
xyz.0to100.mcp,1,1,False
xn--3ds443g.xn--s7y,1,1,False
ws.aige,1,1,False
world.wheelofheaven.mcp,1,1,False
world.unclick,1,1,False
world.tokenbank,1,1,False
world.tidelight,1,1,False
world.swampai,1,1,False
world.sniff,1,1,False
world.scalix,1,1,False
world.pionra,1,1,False
world.pdata,1,1,False
work.agentexchange.aivisibility,1,1,False
work.agentexchange,1,1,False
wine.spillthe.www,1,1,False
vip.esim-global,1,1,False
video.open,1,1,False
video.motiontext,1,1,False
video.future,1,1,False
vet.bio,1,1,False
vc.unicornscreener,1,1,False
vc.doomscore,1,1,False
us.uphealth,1,1,False
us.thistripbtw,1,1,False
us.secscan,1,1,False
us.recalert,1,1,False
us.propertyscoop,1,1,False
us.opcreative,1,1,False
us.namasteamerica,1,1,False
us.moneychoice,1,1,False
us.mindflows,1,1,False
video.quiz,1,1,False
vip.witnessd,1,1,False
wine.beyond,1,1,False
vision.pragma,1,1,False
win.postapp,1,1,False
win.automate-it-all,1,1,False
wiki.wallstreet,1,1,False
wiki.radix,1,1,False
wedding.latido,1,1,False
website.l1nk,1,1,False
website.agratys.seller,1,1,False
watch.sbox,1,1,False
vote.andre,1,1,False
vn.monapay,1,1,False
vn.monadomain,1,1,False
vn.monacloud,1,1,False
vn.lawgical,1,1,False
vn.datacore,1,1,False
vn.com.finhay,1,1,False
xyz.agentzon,1,1,False
xyz.anansidata,1,1,False
xyz.apexfaucet,1,1,False
xyz.spocal,1,1,False
xyz.solknife,1,1,False
xyz.signomy,1,1,False
xyz.scanhood,1,1,False
xyz.sbor,1,1,False
xyz.rubenayla.partle,1,1,False
xyz.routheus,1,1,False
xyz.regimeshift,1,1,False
xyz.redstringapp,1,1,False
xyz.quillen,1,1,False
xyz.presio,1,1,False
xyz.preflyte,1,1,False
xyz.pokeka,1,1,False
xyz.pinseeker,1,1,False
xyz.picoads,1,1,False
xyz.pflow.sim,1,1,False
xyz.spiralstake,1,1,False
xyz.sputnikx,1,1,False
xyz.peerlytics,1,1,False
xyz.teppi,1,1,False
za.co.zaroniacalculator.api,1,1,False
za.co.webuycars,1,1,False
za.co.simcloud,1,1,False
za.co.pccswart.radar,1,1,False
za.co.netbrainis,1,1,False
xyz.yault,1,1,False
xyz.web3icon,1,1,False
xyz.virifi.numetric-mcp,1,1,False
xyz.verifiedky,1,1,False
xyz.utilityhouse.updates,1,1,False
xyz.urbanplayground,1,1,False
xyz.twzrd.intel,1,1,False
xyz.trusteed,1,1,False
xyz.tollboothswap.api,1,1,False
xyz.tereno,1,1,False
xyz.perpvue,1,1,False
xyz.outsend,1,1,False
xyz.arithym,1,1,False
xyz.entityresolver,1,1,False
xyz.dreamtap,1,1,False
xyz.draket,1,1,False
xyz.deepbluebase,1,1,False
xyz.cubesphere,1,1,False
xyz.crossgrain,1,1,False
xyz.crinkl.mcp,1,1,False
xyz.costrinity,1,1,False
xyz.conc-exe,1,1,False
xyz.chainverdict,1,1,False
xyz.chain-ops,1,1,False
xyz.cabalspy,1,1,False
xyz.botfriendly,1,1,False
xyz.bizclaw,1,1,False
xyz.automatoncolony,1,1,False
xyz.atlasfetch,1,1,False
xyz.economyos,1,1,False
xyz.fluxiq,1,1,False
xyz.noonbarbari,1,1,False
xyz.gembook,1,1,False
xyz.modelmeter,1,1,False
xyz.mingxinstorage,1,1,False
xyz.mindjack,1,1,False
xyz.lonestaroracle,1,1,False
xyz.loadbay,1,1,False
xyz.kellyruns,1,1,False
xyz.kadec0,1,1,False
xyz.iposignal,1,1,False
xyz.hiveintelligence,1,1,False
xyz.hexscan,1,1,False
xyz.groundtruths,1,1,False
xyz.goldbean-api,1,1,False
xyz.getvia.app,1,1,False
xyz.getforward,1,1,False
xyz.getava,1,1,False
us.maroo,1,1,False
us.limner,1,1,False
uk.co.gigstamp,1,1,False
uk.co.metalfabricationquotes,1,1,False
uk.co.noiseassessmentcost,1,1,False
uk.co.newemploymentrules,1,1,False
uk.co.neboshcoursecost,1,1,False
uk.co.motsoftware,1,1,False
uk.co.motortradeinsurancecompare,1,1,False
uk.co.motorrewindcost,1,1,False
uk.co.mezzaninefloorcost,1,1,False
uk.co.medimo,1,1,False
us.dinilu,1,1,False
uk.co.mediadepot,1,1,False
uk.co.measuredsurveycost,1,1,False
uk.co.martynslawcost,1,1,False
uk.co.marketingin,1,1,False
uk.co.marinesurveycost,1,1,False
uk.co.machinerytransportquotes,1,1,False
uk.co.machineryrepairquotes,1,1,False
uk.co.noticeperiodcalculator,1,1,False
uk.co.officerelocationquotes,1,1,False
uk.co.oiltankremovalcost,1,1,False
uk.co.p11dchanges,1,1,False
uk.co.privatesurgerycosts,1,1,False
uk.co.privatelabelmanufacturers,1,1,False
uk.co.privatehealthcosts,1,1,False
uk.co.prescriptionpricechecker,1,1,False
uk.co.postio,1,1,False
uk.co.postcodecouncil,1,1,False
uk.co.planthirerates,1,1,False
uk.co.pilingcosts,1,1,False
uk.co.pestcontrolprices,1,1,False
uk.co.penmorvah,1,1,False
uk.co.penetrationtestingcost,1,1,False
uk.co.payrollsoftwarecompare,1,1,False
uk.co.payrolldates,1,1,False
uk.co.patentattorneycost,1,1,False
uk.co.partywallquotes,1,1,False
uk.co.m365migrationcost,1,1,False
uk.co.locumtaxcalculator,1,1,False
uk.co.liveryprices,1,1,False
uk.co.iht2027calculator,1,1,False
uk.co.hydraulicrepairquotes,1,1,False
uk.co.hvacmaintenancecost,1,1,False
uk.co.hopi,1,1,False
uk.co.hmomortgagecalculator,1,1,False
uk.co.hmolicencechecker,1,1,False
uk.co.hgvhourscalculator,1,1,False
uk.co.herstack,1,1,False
uk.co.herniasurgerycost,1,1,False
uk.co.heritagestatementcost,1,1,False
uk.co.heatnetworkcheck,1,1,False
uk.co.haccpsoftware,1,1,False
uk.co.greasetrapcleaningcost,1,1,False
uk.co.grantiq,1,1,False
uk.co.grainstoragecosts,1,1,False
uk.co.glazierprices,1,1,False
uk.co.idvdeadline,1,1,False
uk.co.industrialcleaningquotes,1,1,False
uk.co.levtestingcost,1,1,False
uk.co.industrialflooringcost,1,1,False
uk.co.lettingagentsoftware,1,1,False
uk.co.legionellaassessmentcost,1,1,False
uk.co.leaserenewalcost,1,1,False
uk.co.leaseextensionquotes,1,1,False
uk.co.latepaymentinterest,1,1,False
uk.co.latentdefectsinsurancecost,1,1,False
uk.co.landlorddatabasecheck,1,1,False
uk.co.landdrainagecontractors,1,1,False
uk.co.kneereplacementcost,1,1,False
uk.co.itsupportcostcalculator,1,1,False
uk.co.isocertificationcost,1,1,False
uk.co.invoicefactoringcost,1,1,False
uk.co.interceptorcleaningcost,1,1,False
uk.co.industrialroofingcost,1,1,False
uk.co.industrialfridgeservice,1,1,False
uk.co.probatecosts,1,1,False
uk.co.promptfiling,1,1,False
uk.co.propbar,1,1,False
uk.mayneart.mcp,1,1,False
uk.leavetracker,1,1,False
uk.ironfang,1,1,False
uk.exatoshi,1,1,False
uk.dumaguete,1,1,False
uk.csvconvert,1,1,False
uk.commercialmortgagecalculator,1,1,False
uk.co.workplacerecyclingrules,1,1,False
uk.co.whichevcharger,1,1,False
uk.co.whatcanidrive,1,1,False
uk.co.weightmedscompare,1,1,False
uk.co.wastecarriercheck,1,1,False
uk.co.washroomquotes,1,1,False
uk.co.voidclearancequotes,1,1,False
uk.co.venuecapacitycheck,1,1,False
uk.co.varicoseveintreatmentcost,1,1,False
uk.mayneart.api,1,1,False
uk.miapi,1,1,False
uk.co.underpinningcosts,1,1,False
uk.mindthegates,1,1,False
us.corpuslaw,1,1,False
us.briefme,1,1,False
us.42min,1,1,False
uno.platform,1,1,False
uk.wintergreen,1,1,False
uk.ukintel,1,1,False
uk.ugot.fortune,1,1,False
uk.ucode,1,1,False
uk.slate-hq,1,1,False
uk.settlementcalculator,1,1,False
uk.sadiqoon,1,1,False
uk.sadhguruinnerengineering.api,1,1,False
uk.quantdata,1,1,False
uk.qart,1,1,False
uk.openqr,1,1,False
uk.co.vacantpropertysecuritycost,1,1,False
uk.co.trisys,1,1,False
uk.co.pubmortgagecalculator,1,1,False
uk.co.siteinvestigationcost,1,1,False
uk.co.simonlydealscompare,1,1,False
uk.co.shopsigncost,1,1,False
uk.co.shipmycar,1,1,False
uk.co.shiftpatterngenerator,1,1,False
uk.co.shareflo,1,1,False
uk.co.sellermcp,1,1,False
uk.co.selfbuildinsurancecompare,1,1,False
uk.co.seatingco,1,1,False
uk.co.sarbuilder,1,1,False
uk.co.righttoworkwizard,1,1,False
uk.co.revalidationtracker,1,1,False
uk.co.rendercostcalculator,1,1,False
uk.co.recruitmentagencyfees,1,1,False
uk.co.rackinginspectioncost,1,1,False
uk.co.racingalpha,1,1,False
uk.co.simplyestate,1,1,False
uk.co.slumberdirect,1,1,False
uk.co.treesurveycost,1,1,False
uk.co.smokecontrolchecker,1,1,False
uk.co.transportstatementcost,1,1,False
uk.co.towingcapacitychecker,1,1,False
uk.co.tm44quote,1,1,False
uk.co.threephasecost,1,1,False
uk.co.thebetterbuy,1,1,False
uk.co.termdatesapi,1,1,False
uk.co.temperaturelog,1,1,False
uk.co.taxinvestigationcost,1,1,False
uk.co.tachocalibration,1,1,False
uk.co.subsidencesurveycost,1,1,False
uk.co.structuralreportcost,1,1,False
uk.co.steelbeamchecker,1,1,False
uk.co.sponsorlicencecost,1,1,False
uk.co.splashscout,1,1,False
uk.co.snaggingsoftware,1,1,False
so.seeder,1,1,False
so.pharaoh,1,1,False
so.outstand,1,1,False
org.configo,1,1,False
org.duckdns.43-134-36-21,1,1,False
org.defade,1,1,False
org.deckspace,1,1,False
org.d20dao,1,1,False
org.crossload,1,1,False
org.crivum,1,1,False
org.contextoverflow,1,1,False
org.citizenofnowhere.rankings,1,1,False
online.editclips,1,1,False
org.cieltech.pathguard,1,1,False
org.cashbackpro,1,1,False
org.carshelpingkids,1,1,False
org.californiabitcoin,1,1,False
org.bull-run,1,1,False
org.btcdecoded,1,1,False
org.brainkb,1,1,False
org.duckdns.aiworker,1,1,False
org.duckdns.cryptogenesis,1,1,False
org.everythingisperfect,1,1,False
org.fairappraisers,1,1,False
org.imqueue,1,1,False
org.ieunit,1,1,False
org.huettentouren,1,1,False
org.hookline,1,1,False
org.heathy,1,1,False
org.govenantstandard,1,1,False
org.golfcore,1,1,False
org.globalexchangerates,1,1,False
org.gigngo,1,1,False
org.giftcardshop,1,1,False
org.ghurt,1,1,False
org.georgiacommons,1,1,False
org.georgiacivicdata,1,1,False
org.gdacs,1,1,False
org.filetourl,1,1,False
org.bot-trade,1,1,False
org.blocksigner,1,1,False
org.billcommons,1,1,False
online.trvaelmind,1,1,False
online.sellular,1,1,False
online.securestamp,1,1,False
online.scope,1,1,False
online.sceneplane,1,1,False
online.sasame,1,1,False
online.projectstate,1,1,False
online.pricefeed,1,1,False
online.paperlink,1,1,False
online.pangle.compute,1,1,False
online.pageaudit,1,1,False
online.numbers,1,1,False
online.mdkit,1,1,False
online.kontekstolog,1,1,False
online.jinero,1,1,False
online.fileshareforagents,1,1,False
online.siima,1,1,False
online.voyager,1,1,False
org.benevolabs,1,1,False
online.webring,1,1,False
org.aviationhs,1,1,False
org.aquaview,1,1,False
org.animica,1,1,False
org.americandefault,1,1,False
org.alaskajobs,1,1,False
org.aioq,1,1,False
org.ainglish,1,1,False
org.aiagentboard,1,1,False
org.agentpub,1,1,False
org.agentmuseum,1,1,False
org.agenticsubstrate,1,1,False
org.agentcommunity,1,1,False
org.448c.agent-exec,1,1,False
org.448c,1,1,False
online.x-402,1,1,False
org.inkflowstudio,1,1,False
org.io-aerospace,1,1,False
org.jainebooks,1,1,False
org.synectic,1,1,False
org.swapp1990.writer,1,1,False
org.swapp1990.designforyou,1,1,False
org.svgai,1,1,False
org.string-db,1,1,False
org.sovgrid,1,1,False
org.snapforge,1,1,False
org.slopscore,1,1,False
org.sitepassport,1,1,False
org.singchat,1,1,False
org.shortandsweet.agentic,1,1,False
org.sentimentfx,1,1,False
org.scoutee,1,1,False
org.sciscale,1,1,False
org.scienceswarm,1,1,False
org.runlog,1,1,False
org.sylin,1,1,False
org.texs,1,1,False
org.removeduplicates,1,1,False
org.thorchain.swap,1,1,False
org.videohistoryproject,1,1,False
org.vicp-registry,1,1,False
org.ventureatlas,1,1,False
org.velocms,1,1,False
org.urltopdf,1,1,False
org.urgentvisa,1,1,False
org.unyly,1,1,False
org.ungovr,1,1,False
org.umweltsicherheit,1,1,False
org.ukrfish.sk,1,1,False
org.typesense,1,1,False
org.toolkitlabs,1,1,False
org.toolapi,1,1,False
org.tickets4pets,1,1,False
org.thru,1,1,False
org.rrmacademy,1,1,False
org.r3js,1,1,False
org.kampyeri,1,1,False
org.openalex,1,1,False
org.nyuengelberg,1,1,False
org.notcve,1,1,False
org.newmexicoliteracyproject,1,1,False
org.mercantry,1,1,False
org.melaya,1,1,False
org.medicalaialliance,1,1,False
org.machupicchu,1,1,False
org.lunenburgbudgetproject,1,1,False
org.llmref,1,1,False
org.llmpress,1,1,False
org.linkedparticles,1,1,False
org.lightpaper,1,1,False
org.lexlint,1,1,False
org.lexiara,1,1,False
org.lampions,1,1,False
org.onekash,1,1,False
org.openoak,1,1,False
org.qolapps,1,1,False
org.openstanding,1,1,False
org.pwhois,1,1,False
org.pumppill,1,1,False
org.pubscope,1,1,False
org.publicmcp,1,1,False
org.proxykey,1,1,False
org.promptdna,1,1,False
org.polyform,1,1,False
org.pinnacleblooms,1,1,False
org.peptigraph,1,1,False
org.pennyforge.api,1,1,False
org.p31ca,1,1,False
org.orivox,1,1,False
org.oravan,1,1,False
org.openweathermap,1,1,False
org.opentaskrelay,1,1,False
online.file-convert,1,1,False
online.convert,1,1,False
so.ojo,1,1,False
net.vibesprings,1,1,False
net.whiskyhunter,1,1,False
net.whataplan.api,1,1,False
net.webhooktest,1,1,False
net.wattstreet,1,1,False
net.vybit,1,1,False
net.viewmaxstudio,1,1,False
net.videostemporales,1,1,False
net.vericite,1,1,False
online.confess,1,1,False
net.vaguslab,1,1,False
net.urbot,1,1,False
net.unotes,1,1,False
net.turingcorp.mcp,1,1,False
net.tunnelmole.imkl13-ip-209-115-177-214,1,1,False
net.tunnelmole.heiekc-ip-209-115-177-214,1,1,False
net.ts.tail45da3a.cursor,1,1,False
net.word-cloud,1,1,False
net.zenitheye,1,1,False
net.zzboard,1,1,False
network.agentdemand,1,1,False
network.tagit,1,1,False
network.stigmer,1,1,False
network.shodai,1,1,False
network.rsnc,1,1,False
network.plurality,1,1,False
network.payai,1,1,False
network.mote,1,1,False
network.fortytwo,1,1,False
network.fmcg,1,1,False
network.flint,1,1,False
network.edge,1,1,False
network.crier,1,1,False
network.clockchain,1,1,False
network.caper,1,1,False
network.capability,1,1,False
net.tradebasis,1,1,False
net.totallytarot,1,1,False
net.topicforge,1,1,False
net.singular,1,1,False
net.settro,1,1,False
net.seal,1,1,False
net.robotscope,1,1,False
net.reogrid,1,1,False
net.raidrunner,1,1,False
net.rafsoft,1,1,False
net.quantumcx,1,1,False
net.qsig.x402,1,1,False
net.programmes,1,1,False
net.praegant,1,1,False
net.pkgproof,1,1,False
net.pifini,1,1,False
net.periodix,1,1,False
net.peercommons,1,1,False
net.payflowagent,1,1,False
net.shotbot,1,1,False
net.siteborne,1,1,False
net.todoist,1,1,False
net.smartapis,1,1,False
net.titanium,1,1,False
net.thirdmade,1,1,False
net.tasklite,1,1,False
net.swarmspace.www,1,1,False
net.swaptitan,1,1,False
net.streamscanner,1,1,False
net.streamfront,1,1,False
net.storelift,1,1,False
net.steamgpt,1,1,False
net.startcompanies,1,1,False
net.sprtx,1,1,False
net.spintax,1,1,False
net.softricks,1,1,False
net.sodatsu-mitsumori,1,1,False
net.socialroute,1,1,False
network.waymark,1,1,False
network.wellknown,1,1,False
new.capital,1,1,False
nz.co.holidaypaycalculator,1,1,False
nz.co.employeecostcalculator,1,1,False
nz.co.conveyancingfees,1,1,False
nz.co.calculate,1,1,False
nz.co.badbuddy.www,1,1,False
nz.agenticrail,1,1,False
nyc.motley,1,1,False
now.voicelabs,1,1,False
now.shiply,1,1,False
now.sendly,1,1,False
now.roundtable.mcp,1,1,False
now.presso,1,1,False
no.zoopit,1,1,False
no.synligdigital,1,1,False
no.sladd,1,1,False
no.rettsarkiv,1,1,False
nz.co.finalpaycalculator,1,1,False
nz.co.noticeperiodcalculator,1,1,False
no.mynto,1,1,False
nz.co.prelude,1,1,False
online.clipy,1,1,False
online.claudenews,1,1,False
online.aurinia,1,1,False
online.agentmart,1,1,False
one.zovo,1,1,False
one.zerno,1,1,False
one.socialai,1,1,False
one.secureai,1,1,False
one.asel.agents,1,1,False
observer.remote,1,1,False
observer.blacklight,1,1,False
nz.yardstock,1,1,False
nz.wanakahaus,1,1,False
nz.tier1.mcp,1,1,False
nz.coffeeaddict,1,1,False
no.restplass,1,1,False
no.kulturbase,1,1,False
news.asha,1,1,False
nl.kentekenkompas,1,1,False
nl.dinilu,1,1,False
nl.dadev.inpoly,1,1,False
nl.briefverzenden,1,1,False
nl.boekenbase,1,1,False
nl.agenticweb,1,1,False
ng.startright,1,1,False
ng.ranked,1,1,False
ng.amo,1,1,False
news.v3,1,1,False
news.svodka,1,1,False
news.prh,1,1,False
news.pollar,1,1,False
news.handyai,1,1,False
news.geotone,1,1,False
news.clstr,1,1,False
nl.intermediair.www,1,1,False
nl.ledgerbotje,1,1,False
no.folgpris,1,1,False
nl.marketingburos,1,1,False
no.firmaradar,1,1,False
no.ferbu,1,1,False
no.domeneschluse,1,1,False
no.bonussok,1,1,False
no.apier,1,1,False
nl.winkelfactuur,1,1,False
nl.taklo,1,1,False
nl.svv-schatzoekers,1,1,False
nl.supplementenscanner,1,1,False
nl.stroomwekker,1,1,False
nl.sportpoeder,1,1,False
nl.schipholherrie,1,1,False
nl.schappy,1,1,False
nl.praatmetjeboekhouding,1,1,False
nl.nationalevacaturebank.www,1,1,False
org.virtualflybrain,1,1,False
org.vivesca,1,1,False
org.vr,1,1,False
sh.crispy,1,1,False
sh.fetcher.appstore,1,1,False
sh.fetcher,1,1,False
sh.edict,1,1,False
sh.dumpthis,1,1,False
sh.didwork,1,1,False
sh.deterministic,1,1,False
sh.croma,1,1,False
sh.copywriting,1,1,False
org.web2md,1,1,False
sh.convention,1,1,False
sh.clearly,1,1,False
sh.clearhouse,1,1,False
sh.clearfront,1,1,False
sh.clamp,1,1,False
sh.antrieb,1,1,False
sh.alchemylab.horizon,1,1,False
sh.fetcher.google,1,1,False
sh.fetcher.google-maps,1,1,False
sh.fetcher.google-news,1,1,False
sh.fetcher.googleplay,1,1,False
sh.jsmon,1,1,False
sh.hilos,1,1,False
sh.handover,1,1,False
sh.halal,1,1,False
sh.graded,1,1,False
sh.grabbit,1,1,False
sh.glim,1,1,False
sh.gaffer,1,1,False
sh.fettle,1,1,False
sh.fetcher.youtube,1,1,False
sh.fetcher.yelp,1,1,False
sh.fetcher.twitter,1,1,False
sh.fetcher.tiktok,1,1,False
sh.fetcher.reddit,1,1,False
sh.fetcher.instagram,1,1,False
sh.alchemylab.artistally,1,1,False
sh.aispace,1,1,False
sh.agentdrive,1,1,False
science.executable,1,1,False
sbs.culture,1,1,False
sa.karve,1,1,False
sa.com.ventureinsights.solutions,1,1,False
rw.shaka,1,1,False
run.val.vil-zero-core,1,1,False
run.syncline,1,1,False
run.stas,1,1,False
run.shots,1,1,False
run.runlane,1,1,False
run.parlay,1,1,False
run.pantheon,1,1,False
run.onvibe,1,1,False
run.fitllm,1,1,False
run.fcapp.cn-shanghai.x-api-zhiji-signal-fblfayyeas,1,1,False
run.fcapp.cn-hangzhou.legal-api-legal-m-service-nubqrvluix,1,1,False
school.delegation,1,1,False
science.pith,1,1,False
sh.agentcard,1,1,False
science.supp,1,1,False
sg.com.aevumsecurity,1,1,False
services.quantech,1,1,False
services.ottoai,1,1,False
se.statistikdata,1,1,False
se.sistaminuten,1,1,False
se.shopfront,1,1,False
se.nordsynk,1,1,False
se.livespot,1,1,False
se.likarika,1,1,False
se.klassio,1,1,False
se.jakvab,1,1,False
se.glowjakt,1,1,False
se.genomsyn,1,1,False
se.dinilu,1,1,False
se.aapl,1,1,False
sh.kicksma,1,1,False
sh.knowbase,1,1,False
sh.knowngood,1,1,False
sk.path-up.ai-playground,1,1,False
site.skew,1,1,False
site.rudko,1,1,False
site.qrrapido,1,1,False
site.pdfzen,1,1,False
site.marketnow,1,1,False
site.liberated,1,1,False
site.lanlan,1,1,False
site.jiebang.www,1,1,False
site.guidelines,1,1,False
site.chatgpt.yotch0928.genesis-agent-network,1,1,False
site.chatgpt.xuikatwsicrdsidm.batchloom-studio-0913,1,1,False
site.chatgpt.unamed.othernet-reunion,1,1,False
site.chatgpt.tuned-drake-1114.execution-evidence-lab,1,1,False
site.chatgpt.super-myna-7255.crowdgap-pilot,1,1,False
site.chatgpt.super-myna-7255.agent-reserve-protocol,1,1,False
sk.orsf,1,1,False
sk.sos-battery,1,1,False
site.chatgpt.sarath0210.shekkizh-agent-exchange,1,1,False
so.agentcloud,1,1,False
so.mida,1,1,False
so.linkup.mcp,1,1,False
so.kadent,1,1,False
so.jinko,1,1,False
so.falcon,1,1,False
so.fabric,1,1,False
so.eden,1,1,False
so.echoai,1,1,False
so.dooit,1,1,False
so.darwin,1,1,False
so.coreloop,1,1,False
so.cleat,1,1,False
so.cello,1,1,False
so.blackforge,1,1,False
so.anteroom,1,1,False
site.chatgpt.snoworacle.more-time-andrew,1,1,False
site.chatgpt.maherr20.maher-cut-studio,1,1,False
sh.kwant,1,1,False
sh.tibia,1,1,False
sh.swarm0x,1,1,False
sh.superlog,1,1,False
sh.sparkforge,1,1,False
sh.simplepu,1,1,False
sh.ripples,1,1,False
sh.releases,1,1,False
sh.opencapital,1,1,False
sh.openbudget,1,1,False
sh.objekt,1,1,False
sh.newsflash,1,1,False
sh.mozg,1,1,False
sh.mlab,1,1,False
sh.microservices,1,1,False
sh.measure,1,1,False
sh.marginal,1,1,False
sh.tashan,1,1,False
sh.twitr,1,1,False
site.chatgpt.larklaon.one-bad-idea,1,1,False
sh.uldl,1,1,False
site.chatgpt.lanekingsbery.agent-commons,1,1,False
site.chatgpt.jessesay.leadproof,1,1,False
site.chatgpt.cv5gyqnshz.field-404kin,1,1,False
site.chatgpt.cursoraikk.agent-arcade-ai,1,1,False
site.chatgpt.bootyplease.saas-bundlecheck,1,1,False
site.chatgpt.alert-crab-1890.pageproof,1,1,False
site.aeon-labs,1,1,False
site.123skills,1,1,False
shop.tier1,1,1,False
shop.theothers,1,1,False
shop.notrobo,1,1,False
shop.nagora,1,1,False
sh.xorfox.drawbridge,1,1,False
sh.valv,1,1,False
sh.uploads,1,1,False
run.dropto,1,1,False
run.domani,1,1,False
run.daslab,1,1,False
pro.arclo,1,1,False
pro.aon,1,1,False
pro.aicut,1,1,False
pro.aemb,1,1,False
pro.adorellc,1,1,False
press.respira,1,1,False
press.gps,1,1,False
porn.tik-tok,1,1,False
plus.gym,1,1,False
plus.fax.app,1,1,False
place.clubs,1,1,False
pl.szuruszuru,1,1,False
pl.swiadectwo-energetyczne24,1,1,False
pl.prawmi,1,1,False
pl.piszczek,1,1,False
pl.org.attentio,1,1,False
pro.appboard,1,1,False
pro.bananabanana,1,1,False
pl.numertel,1,1,False
pro.begonia,1,1,False
pro.plainsight,1,1,False
pro.pixeldrive,1,1,False
pro.particle,1,1,False
pro.nomos,1,1,False
pro.namesniper,1,1,False
pro.maketa,1,1,False
pro.magicmaster,1,1,False
pro.logobaker,1,1,False
pro.ledgerhq,1,1,False
pro.laspi,1,1,False
pro.horustek,1,1,False
pro.formdesigner,1,1,False
pro.dsgvo,1,1,False
pro.dosai,1,1,False
pro.chat-master,1,1,False
pl.oleba,1,1,False
pl.nipregon,1,1,False
pro.socialhive,1,1,False
page.notepad,1,1,False
page.invoker,1,1,False
page.infra,1,1,False
page.horsepower,1,1,False
page.doc,1,1,False
page.details,1,1,False
page.anew,1,1,False
page.afterimage,1,1,False
page.aft,1,1,False
org.x402score,1,1,False
org.x402image,1,1,False
org.x402card,1,1,False
org.wikiprompt,1,1,False
org.wegtultrarich,1,1,False
org.websitestarter,1,1,False
org.webgcp,1,1,False
page.lucid,1,1,False
page.quicky,1,1,False
pl.mobilna-faktura,1,1,False
page.quik,1,1,False
pl.klyo,1,1,False
pl.iteon,1,1,False
pl.idfmetale,1,1,False
pl.hpcontrol,1,1,False
pl.gamedev,1,1,False
pl.cenogram,1,1,False
pl.biletyna,1,1,False
pl.barwa,1,1,False
pizza.redirect,1,1,False
pics.wick.compute,1,1,False
pe.xi,1,1,False
pe.comparadolar,1,1,False
page.twocents,1,1,False
page.stub,1,1,False
page.ship,1,1,False
pro.resumemd,1,1,False
pro.tasktime,1,1,False
run.coolant,1,1,False
ru.promtlabs,1,1,False
ru.poolproof,1,1,False
ru.parsee,1,1,False
ru.merfy,1,1,False
ru.meetslava,1,1,False
ru.maxzoa,1,1,False
ru.layero,1,1,False
ru.laguna-pools.mcp,1,1,False
ru.kurerhub,1,1,False
ru.krasoft,1,1,False
ru.invoicebox,1,1,False
ru.investmint,1,1,False
ru.iipodpis,1,1,False
ru.htmlweb,1,1,False
ru.dokidepo,1,1,False
ru.dashamail,1,1,False
ru.posylai,1,1,False
ru.quintadb,1,1,False
ru.anyskills,1,1,False
ru.renthuman,1,1,False
run.cityheart,1,1,False
run.chromeflow,1,1,False
ru.zavod-stanki,1,1,False
ru.wwhois,1,1,False
ru.vibe2text,1,1,False
ru.vedarai,1,1,False
ru.value-pro,1,1,False
ru.tutvidnee,1,1,False
ru.tuqo,1,1,False
ru.transkriba,1,1,False
ru.swipa,1,1,False
ru.supertours,1,1,False
ru.srezai,1,1,False
ru.rossbus,1,1,False
ru.rewio,1,1,False
ru.capital-health,1,1,False
ru.andish,1,1,False
pro.tvarka,1,1,False
report.pure,1,1,False
realestate.verified,1,1,False
realestate.secrets,1,1,False
quest.superstimulus,1,1,False
pw.xtester,1,1,False
pw.hubris,1,1,False
pw.algo.ai,1,1,False
pub.akash.hurricane.ingress.s6d4jqn7rlal7d9hkd64h7pn8o,1,1,False
pt.pdmfacil,1,1,False
pt.minhamorada,1,1,False
pt.lexbase,1,1,False
pt.flatin,1,1,False
pt.casatoo,1,1,False
pt.carvox,1,1,False
pro.worldclock,1,1,False
pro.wals.ai,1,1,False
red.atlas,1,1,False
report.thales,1,1,False
ru.akeda.erp,1,1,False
reviews.rami,1,1,False
ru.adcab,1,1,False
ru.activatedai,1,1,False
ru.5dyuymov,1,1,False
rs.rides,1,1,False
rs.nekretninenaprodaju,1,1,False
rs.malinica,1,1,False
rs.ferritin,1,1,False
rocks.treat,1,1,False
rocks.iching,1,1,False
ro.tria,1,1,False
ro.soundcreation,1,1,False
ro.meseriasi,1,1,False
ro.clickphone,1,1,False
ro.avizo,1,1,False
ro.autoid,1,1,False
io.github.veracium-ai,1,1,False
io.github.ventureagent-ai,1,1,False
io.github.mimo-3,1,1,False
io.github.plyo-dev,1,1,False
io.github.po4erk91,1,1,False
io.github.pnp,1,1,False
io.github.pmontp19,1,1,False
io.github.pmgarg,1,1,False
io.github.pmarmaroli,1,1,False
io.github.pmady,1,1,False
io.github.pm577,1,1,False
io.github.plutext,1,1,False
io.github.phrase,1,1,False
io.github.plural-pinelabs,1,1,False
io.github.plur-ai,1,1,False
io.github.plumbkit,1,1,False
io.github.plopino,1,1,False
io.github.ploicloud,1,1,False
io.github.plidezus,1,1,False
io.github.platformtaxhub-hash,1,1,False
io.github.pochtmanr,1,1,False
io.github.pocketlantern,1,1,False
io.github.podop29,1,1,False
io.github.politeia-agents,1,1,False
io.github.postall-io,1,1,False
io.github.posecode-dev,1,1,False
io.github.posdo-io,1,1,False
io.github.portneymk,1,1,False
io.github.portel-dev,1,1,False
io.github.portdeveloper,1,1,False
io.github.popapidev,1,1,False
io.github.poojaBjAcharya,1,1,False
io.github.ponder-surveys,1,1,False
io.github.polyparlay,1,1,False
io.github.polymatx,1,1,False
io.github.polygraphso,1,1,False
io.github.polydev-ai,1,1,False
io.github.polterguy,1,1,False
io.github.polnikale,1,1,False
io.github.platfone-com,1,1,False
io.github.plastic-labs,1,1,False
io.github.plasmate-labs,1,1,False
io.github.pinz-byte,1,1,False
io.github.pinkpwningclub,1,1,False
io.github.pineapple-farm,1,1,False
io.github.pinalmdave,1,1,False
io.github.pilot-protocol,1,1,False
io.github.pilat,1,1,False
io.github.pijonsauvaj,1,1,False
io.github.piiinpiiins,1,1,False
io.github.pigi-fi,1,1,False
io.github.pieterpost-com,1,1,False
io.github.piers-fawkes,1,1,False
io.github.pierreb4,1,1,False
io.github.pictify-io,1,1,False
io.github.picaturanaturii,1,1,False
io.github.pi22by7,1,1,False
io.github.phwizard,1,1,False
io.github.pintomatic,1,1,False
io.github.piotr-agier,1,1,False
io.github.planetscale,1,1,False
io.github.piotrkowalczuk,1,1,False
io.github.planetabhi,1,1,False
io.github.pkotecha-eng,1,1,False
io.github.pkhaninejad,1,1,False
io.github.pjpoulose,1,1,False
io.github.piyushpathakqa,1,1,False
io.github.pixelx-jp,1,1,False
io.github.pixelvault-dev,1,1,False
io.github.pixell-global,1,1,False
io.github.pith-day,1,1,False
io.github.pirumpi,1,1,False
io.github.piprail,1,1,False
io.github.pipik-roman,1,1,False
io.github.pipeshub-ai,1,1,False
io.github.pipehero,1,1,False
io.github.piotrv1001,1,1,False
io.github.postmcp,1,1,False
io.github.postraid,1,1,False
io.github.potatohoney-p,1,1,False
io.github.productstein,1,1,False
io.github.prodpoke,1,1,False
io.github.prodocik,1,1,False
io.github.prodlint,1,1,False
io.github.process-street,1,1,False
io.github.proAutomator,1,1,False
io.github.pro-target,1,1,False
io.github.privatelawattorneys,1,1,False
io.github.privatebydefault,1,1,False
io.github.privacyplaybook,1,1,False
io.github.priteshmann,1,1,False
io.github.prismnetwork-tech,1,1,False
io.github.prismcrawl,1,1,False
io.github.prismatic-io,1,1,False
io.github.printplan3d,1,1,False
io.github.printmoneylab,1,1,False
io.github.productmap,1,1,False
io.github.prof-1t,1,1,False
io.github.primeline-ai,1,1,False
io.github.professor2k8,1,1,False
io.github.protoLabsAI,1,1,False
io.github.proscar87,1,1,False
io.github.propstreet,1,1,False
io.github.proplineapi,1,1,False
io.github.proompteng,1,1,False
io.github.proofable,1,1,False
io.github.promptwheel-ai,1,1,False
io.github.promptster-dev,1,1,False
io.github.promplate,1,1,False
io.github.prompeteer,1,1,False
io.github.projetnanocorp,1,1,False
io.github.projecttron,1,1,False
io.github.programinglive,1,1,False
io.github.profitelligence,1,1,False
io.github.professoryilmaz1,1,1,False
io.github.primoliquors,1,1,False
io.github.pricewatcha,1,1,False
io.github.pouria3,1,1,False
io.github.praneethravuri,1,1,False
io.github.pramodreddyboddu,1,1,False
io.github.pramodbhatofficial,1,1,False
io.github.prakhargour10,1,1,False
io.github.prakharagarwal-dev,1,1,False
io.github.pragneshbagary,1,1,False
io.github.pragnakar,1,1,False
io.github.pradeep-anantha,1,1,False
io.github.prPMDev,1,1,False
io.github.ppop123,1,1,False
io.github.pozymasika,1,1,False
io.github.powerliftingdeveloper,1,1,False
io.github.powergridiq,1,1,False
io.github.poweredbyGEN,1,1,False
io.github.powerdragonfire,1,1,False
io.github.pouyahasanamreji,1,1,False
io.github.pranavbhosale25,1,1,False
io.github.prasadabhishek,1,1,False
io.github.pretorin-ai,1,1,False
io.github.prashantsinghmangat,1,1,False
io.github.prest,1,1,False
io.github.pressa-dev,1,1,False
io.github.presidio-v,1,1,False
io.github.presendapp,1,1,False
io.github.prembobby39-gif,1,1,False
io.github.premanand8800,1,1,False
io.github.preedew17,1,1,False
io.github.pree-dew,1,1,False
io.github.predgeAI,1,1,False
io.github.precis-finance,1,1,False
io.github.praveensehgal,1,1,False
io.github.praveendias1180,1,1,False
io.github.praveen-ilangovan,1,1,False
io.github.pratikmehkarkar,1,1,False
io.github.prateekg7,1,1,False
io.github.phuocdu,1,1,False
io.github.photoxpedia,1,1,False
io.github.proventools,1,1,False
io.github.pascalallen,1,1,False
io.github.patrickbakowski,1,1,False
io.github.pathmodeio,1,1,False
io.github.pathcourse-health,1,1,False
io.github.patchloom,1,1,False
io.github.patchistry,1,1,False
io.github.pastea-app,1,1,False
io.github.pascalorg,1,1,False
io.github.parweb,1,1,False
io.github.phoenice-labs,1,1,False
io.github.partstable,1,1,False
io.github.partnerhbhl,1,1,False
io.github.parth-unjiya,1,1,False
io.github.parth-mehta-989,1,1,False
io.github.parterburn,1,1,False
io.github.parseur,1,1,False
io.github.parserelay,1,1,False
io.github.patrickchugh,1,1,False
io.github.patricktobias86,1,1,False
io.github.patsa2561-art,1,1,False
io.github.patsnap,1,1,False
io.github.pay-skill,1,1,False
io.github.pawvej,1,1,False
io.github.pawelmamcarz,1,1,False
io.github.pawel-kowalczyk,1,1,False
io.github.pavle-Scalably,1,1,False
io.github.pavelpiha,1,1,False
io.github.paulwxnter,1,1,False
io.github.paulwenner,1,1,False
io.github.paulo2tab,1,1,False
io.github.paulhkang94,1,1,False
io.github.paulgosnell,1,1,False
io.github.paulchrisluke,1,1,False
io.github.paulbreuler,1,1,False
io.github.paul-salviani,1,1,False
io.github.pattrnlabs,1,1,False
io.github.parseablehq,1,1,False
io.github.parnasheps-eng,1,1,False
io.github.parkyucheol-del,1,1,False
io.github.panagot,1,1,False
io.github.palsus2023-eng,1,1,False
io.github.palimkarakshay,1,1,False
io.github.palewire,1,1,False
io.github.paladinfi,1,1,False
io.github.paivapiovesan,1,1,False
io.github.pairbook-io,1,1,False
io.github.paipaipai666,1,1,False
io.github.pain2hustle,1,1,False
io.github.paimonchan,1,1,False
io.github.paibyun9,1,1,False
io.github.pageguard,1,1,False
io.github.pagecrawl,1,1,False
io.github.paeyoungpark-web,1,1,False
io.github.pact-layer,1,1,False
io.github.pablo-albaladejo,1,1,False
io.github.palunallc,1,1,False
io.github.panbanda,1,1,False
io.github.parkseokjune,1,1,False
io.github.panellatech,1,1,False
io.github.parkschun79,1,1,False
io.github.parkragsterman,1,1,False
io.github.parfica,1,1,False
io.github.pareen,1,1,False
io.github.parasxos,1,1,False
io.github.parallelromb,1,1,False
io.github.parallect,1,1,False
io.github.paragraflabs,1,1,False
io.github.paradoxsyn,1,1,False
io.github.papjuli,1,1,False
io.github.papersflow-ai,1,1,False
io.github.paperdavid,1,1,False
io.github.papasega,1,1,False
io.github.paolobietolini,1,1,False
io.github.panzik13,1,1,False
io.github.paypal,1,1,False
io.github.payu-intrepos,1,1,False
io.github.payware,1,1,False
io.github.pfeilisolana,1,1,False
io.github.pewsta66,1,1,False
io.github.peureka,1,1,False
io.github.peturgeorgievv-factory,1,1,False
io.github.petropt,1,1,False
io.github.petrmasa,1,1,False
io.github.petrkrulis2022,1,1,False
io.github.petitsolu,1,1,False
io.github.peterod99,1,1,False
io.github.peterkolbe,1,1,False
io.github.peterjduffy,1,1,False
io.github.peter120525-cmd,1,1,False
io.github.peter-tnc-453,1,1,False
io.github.peter-schout,1,1,False
io.github.peter-j-thompson,1,1,False
io.github.peter-fusek,1,1,False
io.github.pexni,1,1,False
io.github.pgEdge,1,1,False
io.github.petalframework,1,1,False
io.github.pghdma,1,1,False
io.github.philrox,1,1,False
io.github.philo-kim,1,1,False
io.github.philmingdao,1,1,False
io.github.philly88r,1,1,False
io.github.phillipclapham,1,1,False
io.github.philipeke,1,1,False
io.github.philderks,1,1,False
io.github.phil-bryant,1,1,False
io.github.phenicea,1,1,False
io.github.phdwight,1,1,False
io.github.phatngoit,1,1,False
io.github.phasespace-labs,1,1,False
io.github.phalkmin,1,1,False
io.github.phaedo-labs,1,1,False
io.github.pgtriage,1,1,False
io.github.pete-builds,1,1,False
io.github.perwinroth,1,1,False
io.github.pboddupalli1,1,1,False
io.github.peculiar-systems,1,1,False
io.github.pdwi2020,1,1,False
io.github.pdunovits,1,1,False
io.github.pdg6,1,1,False
io.github.pdfowler,1,1,False
io.github.pdfmonkey,1,1,False
io.github.pdfcrowd,1,1,False
io.github.pdf4me,1,1,False
io.github.pdassoc-io,1,1,False
io.github.pdarche,1,1,False
io.github.pcmarts,1,1,False
io.github.pcfhub,1,1,False
io.github.pcas-io,1,1,False
io.github.pcaiano,1,1,False
io.github.pcDamasceno,1,1,False
io.github.pbonneville,1,1,False
io.github.peacprotocol,1,1,False
io.github.pedra-ai,1,1,False
io.github.persistenceOne,1,1,False
io.github.pedro-ortega-ventureira,1,1,False
io.github.perplexityai,1,1,False
io.github.perkinsandre,1,1,False
io.github.peonixo147,1,1,False
io.github.penfieldlabs,1,1,False
io.github.pendurov,1,1,False
io.github.pendpost,1,1,False
io.github.pencilrebel,1,1,False
io.github.pencilink,1,1,False
io.github.pelletfi,1,1,False
io.github.pelazas,1,1,False
io.github.pedropaulofernandes88-stack,1,1,False
io.github.pedroofrancaa,1,1,False
io.github.pedrogbraz,1,1,False
io.github.pedro381,1,1,False
io.github.pedro-rivas,1,1,False
io.github.protostatis,1,1,False
io.github.prowebstore-online,1,1,False
io.github.roddutra,1,1,False
io.github.rendleyhq,1,1,False
io.github.replenhq,1,1,False
io.github.rephrasyai,1,1,False
io.github.reowens,1,1,False
io.github.rentahuman-ai,1,1,False
io.github.renl,1,1,False
io.github.renkagod,1,1,False
io.github.renfei-design,1,1,False
io.github.renanlido,1,1,False
io.github.rbsoftwaresystems,1,1,False
io.github.renaat-s,1,1,False
io.github.remoprinz,1,1,False
io.github.remoet-labs,1,1,False
io.github.remoas,1,1,False
io.github.remembra-ai,1,1,False
io.github.religa,1,1,False
io.github.relayprotocol,1,1,False
io.github.reply-io,1,1,False
io.github.replynodes,1,1,False
io.github.research-mcp-hq,1,1,False
io.github.resemble-ai,1,1,False
io.github.rex,1,1,False
io.github.revsmoke,1,1,False
io.github.reviewmyemails,1,1,False
io.github.reverb256,1,1,False
io.github.revelc-ui,1,1,False
io.github.reutavidan,1,1,False
io.github.retep-tru,1,1,False
io.github.retain-so,1,1,False
io.github.retailbox-automation,1,1,False
io.github.resuly,1,1,False
io.github.respawn-app,1,1,False
io.github.reshuibuduo,1,1,False
io.github.reshadat,1,1,False
io.github.reservoirprotocol,1,1,False
io.github.resentmail,1,1,False
io.github.rekordcloud,1,1,False
io.github.reitsmasieto-wq,1,1,False
io.github.reinlainer,1,1,False
io.github.realopengroup,1,1,False
io.github.realist99,1,1,False
io.github.realcrabcut,1,1,False
io.github.reagost,1,1,False
io.github.readyagentsdev,1,1,False
io.github.readmigo,1,1,False
io.github.reach120,1,1,False
io.github.re-port-flow,1,1,False
io.github.re-fagiano,1,1,False
io.github.re-bruce-wayne,1,1,False
io.github.rdcahalane,1,1,False
io.github.rdanieli,1,1,False
io.github.rctruta,1,1,False
io.github.rcsb,1,1,False
io.github.rclone-ui,1,1,False
io.github.rcgalbo,1,1,False
io.github.realmint-io,1,1,False
io.github.rebasepro,1,1,False
io.github.reidgoodbar,1,1,False
io.github.rebelArtists,1,1,False
io.github.reiarseni,1,1,False
io.github.rehmansherazi,1,1,False
io.github.refined-element,1,1,False
io.github.refgrow,1,1,False
io.github.referodesign,1,1,False
io.github.ref-tools,1,1,False
io.github.reesehammer,1,1,False
io.github.reeinharddd,1,1,False
io.github.reefapi,1,1,False
io.github.redpop,1,1,False
io.github.redoxnet,1,1,False
io.github.redis,1,1,False
io.github.redditapis,1,1,False
io.github.recourseOS,1,1,False
io.github.recordant,1,1,False
io.github.rezmeplxrf,1,1,False
io.github.rfdez,1,1,False
io.github.rflukerii-dev,1,1,False
io.github.roamzy-io,1,1,False
io.github.rnaga,1,1,False
io.github.rn-devtools-hub,1,1,False
io.github.rmzlb,1,1,False
io.github.rmterenzi,1,1,False
io.github.rmindgh,1,1,False
io.github.rmeadomavic,1,1,False
io.github.rmathew1973,1,1,False
io.github.rmach816,1,1,False
io.github.rm0nroe,1,1,False
io.github.rm-rf-prod,1,1,False
io.github.rlrghb,1,1,False
io.github.rlawogh1005,1,1,False
io.github.rkocosmergon,1,1,False
io.github.rkdpa,1,1,False
io.github.rjexile,1,1,False
io.github.rnwy,1,1,False
io.github.robbhimself-1337,1,1,False
io.github.rivradev,1,1,False
io.github.robert19001-cmyk,1,1,False
io.github.rocksfrow,1,1,False
io.github.robotmcp,1,1,False
io.github.robotel-limited,1,1,False
io.github.robot-speed,1,1,False
io.github.robit-man,1,1,False
io.github.robinmordasiewicz,1,1,False
io.github.robinlidberg-dot,1,1,False
io.github.robinafaruqia,1,1,False
io.github.robin24,1,1,False
io.github.robin-deruyck,1,1,False
io.github.robhunter,1,1,False
io.github.roberttomko,1,1,False
io.github.robertnowell,1,1,False
io.github.robertn702,1,1,False
io.github.robertglools,1,1,False
io.github.rjandino,1,1,False
io.github.rival-intelligence,1,1,False
io.github.rgdevment,1,1,False
io.github.richbile,1,1,False
io.github.richardwilkinson9,1,1,False
io.github.richardtkemp,1,1,False
io.github.richardjhobbs,1,1,False
io.github.richard7463,1,1,False
io.github.ricfanin,1,1,False
io.github.ricdanyalgil,1,1,False
io.github.ricardo-hdrn,1,1,False
io.github.ribhav-jain,1,1,False
io.github.ri7in,1,1,False
io.github.rhoneybul,1,1,False
io.github.rhishi99,1,1,False
io.github.rhel-lightspeed,1,1,False
io.github.rhein1,1,1,False
io.github.rharper105,1,1,False
io.github.rghsoftware,1,1,False
io.github.richawo,1,1,False
io.github.richelo,1,1,False
io.github.riv-lc,1,1,False
io.github.richmondteo-code,1,1,False
io.github.rithwikbabu,1,1,False
io.github.rishiatlan,1,1,False
io.github.rishabhmpc,1,1,False
io.github.ripunjay-kashyap,1,1,False
io.github.riponcm,1,1,False
io.github.rimysore,1,1,False
io.github.rillcoin,1,1,False
io.github.rileybuilds,1,1,False
io.github.rikocr8orh8,1,1,False
io.github.rikarazome,1,1,False
io.github.rigour-labs,1,1,False
io.github.ridvay-ai,1,1,False
io.github.ridget,1,1,False
io.github.rickytrinidad,1,1,False
io.github.ricksporto,1,1,False
io.github.rccaoki-wq,1,1,False
io.github.rbonestell,1,1,False
io.github.prufa-dev,1,1,False
io.github.quality-screener,1,1,False
io.github.quietforgestudio,1,1,False
io.github.quicknode,1,1,False
io.github.questdb,1,1,False
io.github.quazardous,1,1,False
io.github.quantustik,1,1,False
io.github.quantamixsol,1,1,False
io.github.quantakrypto,1,1,False
io.github.quality-network,1,1,False
io.github.rbmuller,1,1,False
io.github.quadratik-ai,1,1,False
io.github.quadratichq,1,1,False
io.github.quackai-org,1,1,False
io.github.quack2025,1,1,False
io.github.qrussell,1,1,False
io.github.qrstuff,1,1,False
io.github.qqdd27,1,1,False
io.github.quietnotion,1,1,False
io.github.quizlar,1,1,False
io.github.qune-tech,1,1,False
io.github.quotewise,1,1,False
io.github.rabdulsal,1,1,False
io.github.raalarcon9705,1,1,False
io.github.ra1labsworkx-wq,1,1,False
io.github.r3tr0eth,1,1,False
io.github.r33drichards,1,1,False
io.github.r3352,1,1,False
io.github.r2hb-assistant,1,1,False
io.github.r2cuerdame,1,1,False
io.github.r0ptik,1,1,False
io.github.r00tify,1,1,False
io.github.r-huijts,1,1,False
io.github.qxie3,1,1,False
io.github.qxchuckle,1,1,False
io.github.qwe4559999,1,1,False
io.github.quotor,1,1,False
io.github.qoory-ai,1,1,False
io.github.qobitech,1,1,False
io.github.qmmughal,1,1,False
io.github.pushtodisplay,1,1,False
io.github.pure-maple,1,1,False
io.github.pungggi,1,1,False
io.github.punchfan01,1,1,False
io.github.pulse-digital-dev,1,1,False
io.github.pudge-studio,1,1,False
io.github.pucilpet,1,1,False
io.github.pubspro,1,1,False
io.github.pubrio,1,1,False
io.github.pubnub,1,1,False
io.github.publicaml,1,1,False
io.github.ptriato,1,1,False
io.github.pshivapr,1,1,False
io.github.pseudowater,1,1,False
io.github.przeslijmi,1,1,False
io.github.przemekzur,1,1,False
io.github.purmemo-ai,1,1,False
io.github.putput-io-dev,1,1,False
io.github.qkrehgk1-wq,1,1,False
io.github.pyalwin,1,1,False
io.github.qingxuantang,1,1,False
io.github.qingkuai-js,1,1,False
io.github.qingkongzhiqian,1,1,False
io.github.qg-aramai,1,1,False
io.github.qduoduo-hwh,1,1,False
io.github.qazsero,1,1,False
io.github.qatouch,1,1,False
io.github.qarnet,1,1,False
io.github.qFlav,1,1,False
io.github.q1023884985,1,1,False
io.github.pzfreo,1,1,False
io.github.pzep1,1,1,False
io.github.pythia-the-oracle,1,1,False
io.github.pyth-network,1,1,False
io.github.pyfile-toolkit,1,1,False
io.github.rabeles11,1,1,False
io.github.raccioly,1,1,False
io.github.racehooks,1,1,False
io.github.ravendb,1,1,False
io.github.raullenchai,1,1,False
io.github.raulbr90,1,1,False
io.github.rationalbloks,1,1,False
io.github.ratamaha-git,1,1,False
io.github.rastogivaibhav,1,1,False
io.github.rasterly-dev,1,1,False
io.github.raskolnikovdd,1,1,False
io.github.rasitakyol,1,1,False
io.github.rasinmuhammed,1,1,False
io.github.rascal-3,1,1,False
io.github.rarrifund,1,1,False
io.github.raresv,1,1,False
io.github.rarasAI,1,1,False
io.github.rapozoantonio,1,1,False
io.github.raportagent,1,1,False
io.github.raunakkathuria,1,1,False
io.github.ravhirizaldi,1,1,False
io.github.raphaelInacio,1,1,False
io.github.ravi-labs,1,1,False
io.github.razzant,1,1,False
io.github.razz-games,1,1,False
io.github.razvangirgiz,1,1,False
io.github.razroo,1,1,False
io.github.razel369,1,1,False
io.github.razashariff,1,1,False
io.github.raysker,1,1,False
io.github.raymondchins,1,1,False
io.github.raychao-oao,1,1,False
io.github.ray999,1,1,False
io.github.ravixalgorithm,1,1,False
io.github.raviteja-pegata,1,1,False
io.github.ravikant1918,1,1,False
io.github.ravibagri5,1,1,False
io.github.ravi-p-k-1,1,1,False
io.github.raphasouthall,1,1,False
io.github.ranklancer,1,1,False
io.github.rachadele,1,1,False
io.github.railyai,1,1,False
io.github.rahulphenomenon,1,1,False
io.github.rahuljava2807,1,1,False
io.github.rafavecchi,1,1,False
io.github.rafapra3008,1,1,False
io.github.rafaelomarques,1,1,False
io.github.rafaelgaspar,1,1,False
io.github.rafaelcg,1,1,False
io.github.rafa2403nunez-droid,1,1,False
io.github.radiovisual,1,1,False
io.github.radar989,1,1,False
io.github.racter-ciso,1,1,False
io.github.raclarke1,1,1,False
io.github.rackspace-spot,1,1,False
io.github.rachitkumarrastogi,1,1,False
io.github.rachit1987,1,1,False
io.github.railwayapp,1,1,False
io.github.raimondasl,1,1,False
io.github.randomizedhoomanity,1,1,False
io.github.rainbow686,1,1,False
io.github.randomblocker,1,1,False
io.github.random-orbit,1,1,False
io.github.ramdhavepreetam,1,1,False
io.github.ramaris-app,1,1,False
io.github.ramalamadingdong,1,1,False
io.github.ramakrishnanhulk20,1,1,False
io.github.ralphieusa,1,1,False
io.github.raklapimenta,1,1,False
io.github.rajitharul,1,1,False
io.github.rajeswaran140,1,1,False
io.github.rajat79suri,1,1,False
io.github.rajanrengasamy,1,1,False
io.github.rajamohan1950,1,1,False
io.github.raisiqueira,1,1,False
io.github.rainwald,1,1,False
io.github.pablixnieto2,1,1,False
io.github.pab1it0,1,1,False
io.github.pa1ch,1,1,False
io.github.mynona,1,1,False
io.github.mysleekdesigns,1,1,False
io.github.myrouteonline,1,1,False
io.github.myrakrusemark,1,1,False
io.github.myque08,1,1,False
io.github.myps6415,1,1,False
io.github.mypracticaltools,1,1,False
io.github.mypocketsmells,1,1,False
io.github.myleshorton,1,1,False
io.github.ms-methos,1,1,False
io.github.myerwang,1,1,False
io.github.mydatapass,1,1,False
io.github.mybolide,1,1,False
io.github.myaitoken,1,1,False
io.github.myAI-2025,1,1,False
io.github.mwstech,1,1,False
io.github.mwieczorkiewicz,1,1,False
io.github.mysplitifi,1,1,False
io.github.mythos-agent,1,1,False
io.github.n0Sp00n,1,1,False
io.github.n0isy,1,1,False
io.github.namuaix,1,1,False
io.github.namtran,1,1,False
io.github.namnam57,1,1,False
io.github.namen-ceo,1,1,False
io.github.nalegaluorg,1,1,False
io.github.nakulben,1,1,False
io.github.nakishiyaman,1,1,False
io.github.nakazanie-ton,1,1,False
io.github.naimterrache-a11y,1,1,False
io.github.nailuoGG,1,1,False
io.github.nagameTW,1,1,False
io.github.naeem-jtr,1,1,False
io.github.nadine302324-commits,1,1,False
io.github.nad33mahm3d,1,1,False
io.github.nacrissi,1,1,False
io.github.mwbidwell,1,1,False
io.github.mw-jeong,1,1,False
io.github.muzimu217,1,1,False
io.github.muba00,1,1,False
io.github.mtcontext,1,1,False
io.github.mtbun,1,1,False
io.github.mtardy90-sudo,1,1,False
io.github.mstang,1,1,False
io.github.mskry,1,1,False
io.github.msjsc001,1,1,False
io.github.msingatullin,1,1,False
io.github.mshobeyri,1,1,False
io.github.msgwing,1,1,False
io.github.msenol,1,1,False
io.github.msdanyg,1,1,False
io.github.mscott9160-web,1,1,False
io.github.mscharfetter,1,1,False
io.github.msantagiulianab,1,1,False
io.github.msaad00,1,1,False
io.github.mtjandra,1,1,False
io.github.mudrex,1,1,False
io.github.muthanii,1,1,False
io.github.muend,1,1,False
io.github.musyta-labs,1,1,False
io.github.mustafacagri,1,1,False
io.github.musikalienhandel-de,1,1,False
io.github.mushfique-dgist,1,1,False
io.github.musette-cc,1,1,False
io.github.musepy,1,1,False
io.github.musaib001,1,1,False
io.github.musa8026,1,1,False
io.github.murzirius,1,1,False
io.github.murzin-ml,1,1,False
io.github.murilojrpereira,1,1,False
io.github.muradyf,1,1,False
io.github.mumullickm,1,1,False
io.github.mumega848,1,1,False
io.github.mughalhere,1,1,False
io.github.nan786521,1,1,False
io.github.nanami-he,1,1,False
io.github.nanoodlecom,1,1,False
io.github.nethinwei,1,1,False
io.github.netclaus,1,1,False
io.github.netallion,1,1,False
io.github.nesquikm,1,1,False
io.github.nerfels,1,1,False
io.github.nerdydata,1,1,False
io.github.neptun2000,1,1,False
io.github.neprel,1,1,False
io.github.neozhehan,1,1,False
io.github.neoshrek,1,1,False
io.github.neonix-video,1,1,False
io.github.neoki,1,1,False
io.github.neogeweb3,1,1,False
io.github.neoflintai,1,1,False
io.github.neo4j-labs,1,1,False
io.github.nelsonsantryhkd,1,1,False
io.github.netdata,1,1,False
io.github.netifymarketplace,1,1,False
io.github.neiltron,1,1,False
io.github.netixc,1,1,False
io.github.nextauralabs,1,1,False
io.github.nex-crm,1,1,False
io.github.newspacemarket-com,1,1,False
io.github.newrelic-partners,1,1,False
io.github.newrelic-experimental,1,1,False
io.github.newmediamadman,1,1,False
io.github.newageflyfish-max,1,1,False
io.github.nevse,1,1,False
io.github.nevent-dev,1,1,False
io.github.neus,1,1,False
io.github.neurynae,1,1,False
io.github.neurarch-ai,1,1,False
io.github.neuralmint,1,1,False
io.github.neuledge,1,1,False
io.github.neturely,1,1,False
io.github.nelsonjordanme,1,1,False
io.github.neerajsohal,1,1,False
io.github.nanoparse-dev,1,1,False
io.github.navaganeshr,1,1,False
io.github.nauman,1,1,False
io.github.nativine,1,1,False
io.github.natiixnt,1,1,False
io.github.nathishdev-netizen,1,1,False
io.github.nathangrotticelli,1,1,False
io.github.nath-abhishek,1,1,False
io.github.natewhi,1,1,False
io.github.nassie256,1,1,False
io.github.nasa,1,1,False
io.github.naruminho,1,1,False
io.github.narinthon-so,1,1,False
io.github.narekmalk,1,1,False
io.github.nao1234g,1,1,False
io.github.nansen-ai,1,1,False
io.github.nanotools-x402,1,1,False
io.github.naur9n,1,1,False
io.github.navapbc,1,1,False
io.github.nedim1511,1,1,False
io.github.naw103,1,1,False
io.github.neddes,1,1,False
io.github.ned-del,1,1,False
io.github.neat-technologies,1,1,False
io.github.ndyakov,1,1,False
io.github.ndrysdal-byte,1,1,False
io.github.ndl-systems,1,1,False
io.github.ndkasndakn,1,1,False
io.github.ndjordjevic,1,1,False
io.github.ndesv21,1,1,False
io.github.nczntb-wq,1,1,False
io.github.nccurry,1,1,False
io.github.nazariinalyvaikobs,1,1,False
io.github.nazar256,1,1,False
io.github.naymEvg,1,1,False
io.github.naylalabs,1,1,False
io.github.ms-zaman,1,1,False
io.github.mrz1880,1,1,False
io.github.p4stoboy,1,1,False
io.github.mkrz-x,1,1,False
io.github.mm6502,1,1,False
io.github.mlintangmz2765,1,1,False
io.github.mleoca,1,1,False
io.github.mldsveda,1,1,False
io.github.mldotink,1,1,False
io.github.mldlbs,1,1,False
io.github.mlch,1,1,False
io.github.mkrupkin,1,1,False
io.github.mrvlyouknowwho,1,1,False
io.github.mkpvishnu,1,1,False
io.github.mkpoli,1,1,False
io.github.mklfarha,1,1,False
io.github.mkisama94,1,1,False
io.github.mkibrick,1,1,False
io.github.mkerchenski,1,1,False
io.github.mkXultra,1,1,False
io.github.mmahdiahamed92-png,1,1,False
io.github.mmillan76,1,1,False
io.github.mmmikael,1,1,False
io.github.mmorris35,1,1,False
io.github.modern-ai-inc,1,1,False
io.github.modelscope,1,1,False
io.github.model-mischief-managed,1,1,False
io.github.mockzilla,1,1,False
io.github.mobymedia,1,1,False
io.github.mobileshop9991-star,1,1,False
io.github.mobileproxy,1,1,False
io.github.mobileappbyharis,1,1,False
io.github.mobile-next,1,1,False
io.github.mobabur94,1,1,False
io.github.mo-grantsmith,1,1,False
io.github.mnvhmslf,1,1,False
io.github.mnemoverse,1,1,False
io.github.mnemopay,1,1,False
io.github.mnardit,1,1,False
io.github.mjbryant66,1,1,False
io.github.mjandrews1,1,1,False
io.github.mizuki0x,1,1,False
io.github.mirajmahmudul,1,1,False
io.github.mirabello-consultancy,1,1,False
io.github.minutemailco,1,1,False
io.github.minuetai,1,1,False
io.github.mintmas,1,1,False
io.github.mintlineai,1,1,False
io.github.minsooparkk,1,1,False
io.github.minipuft,1,1,False
io.github.minia2a,1,1,False
io.github.minhhq-a1,1,1,False
io.github.mingyo186,1,1,False
io.github.minglezhibao,1,1,False
io.github.mineloop99,1,1,False
io.github.mindcase-co,1,1,False
io.github.mind-elixir,1,1,False
io.github.mims-harvard,1,1,False
io.github.miracleweasel,1,1,False
io.github.miranttie,1,1,False
io.github.mizcausevic-dev,1,1,False
io.github.mirnoorata,1,1,False
io.github.mixpeek,1,1,False
io.github.mixall11,1,1,False
io.github.mityda,1,1,False
io.github.mituan-ai,1,1,False
io.github.mittalpk,1,1,False
io.github.mitsuashi,1,1,False
io.github.mitchmolstad,1,1,False
io.github.mitchhankins01,1,1,False
io.github.misterwigglesworth,1,1,False
io.github.mistaike-ai,1,1,False
io.github.mission69b,1,1,False
io.github.mishaovcharenko,1,1,False
io.github.mirzaabubakr,1,1,False
io.github.mironovisa,1,1,False
io.github.miroapp,1,1,False
io.github.modusensus,1,1,False
io.github.moejeaux,1,1,False
io.github.mohamedbenhariz,1,1,False
io.github.mpmcgowen,1,1,False
io.github.mp-juns,1,1,False
io.github.mozilla,1,1,False
io.github.moxno,1,1,False
io.github.moxiespirit,1,1,False
io.github.mowgli-ai,1,1,False
io.github.moureauf,1,1,False
io.github.moukati,1,1,False
io.github.mouhabmzibra-rgb,1,1,False
io.github.motock,1,1,False
io.github.motiveflowllc,1,1,False
io.github.motherduckdb,1,1,False
io.github.motecloud,1,1,False
io.github.most-ai-com,1,1,False
io.github.moshecohen90,1,1,False
io.github.mosaro0224,1,1,False
io.github.mpalermiti,1,1,False
io.github.mpopovych-thinkhome,1,1,False
io.github.morrillonline,1,1,False
io.github.mpzarde,1,1,False
io.github.mrsknetwork,1,1,False
io.github.mrsingh86,1,1,False
io.github.mrosnerr,1,1,False
io.github.mrnh,1,1,False
io.github.mrmps,1,1,False
io.github.mrlarryjohnson111,1,1,False
io.github.mrkeyoor,1,1,False
io.github.mrjakob07,1,1,False
io.github.mrityunjay-tiwari,1,1,False
io.github.mrhpython,1,1,False
io.github.mreider,1,1,False
io.github.mregmi,1,1,False
io.github.mr8-gif,1,1,False
io.github.mr-rahulmaurya,1,1,False
io.github.mq1n,1,1,False
io.github.mortenator,1,1,False
io.github.morphious33453,1,1,False
io.github.mohamedgb00714,1,1,False
io.github.moneolabs,1,1,False
io.github.molt2meet-org,1,1,False
io.github.molpha,1,1,False
io.github.mollaie,1,1,False
io.github.molkex,1,1,False
io.github.moldy93,1,1,False
io.github.molchalih,1,1,False
io.github.moira-mcp,1,1,False
io.github.mohzameer,1,1,False
io.github.mohsinmshabbir,1,1,False
io.github.mohitagw15856,1,1,False
io.github.mohisyed,1,1,False
io.github.mohantyajitesh,1,1,False
io.github.mohanagy,1,1,False
io.github.mohammadfarooqi,1,1,False
io.github.mohammad-emad-dev,1,1,False
io.github.moltstudios,1,1,False
io.github.mongodb-js,1,1,False
io.github.morinokami,1,1,False
io.github.moniantov,1,1,False
io.github.morfiade-app,1,1,False
io.github.mordiaky,1,1,False
io.github.mordechaipotash,1,1,False
io.github.moralito311-andr,1,1,False
io.github.mooshee,1,1,False
io.github.moooonad,1,1,False
io.github.moonspacenow-tech,1,1,False
io.github.moonriddim,1,1,False
io.github.moonolgerd,1,1,False
io.github.moongioh,1,1,False
io.github.moon0825,1,1,False
io.github.mooball,1,1,False
io.github.monte-carlo-data,1,1,False
io.github.montanetech,1,1,False
io.github.monoxide-xen,1,1,False
io.github.nexusforge-tools,1,1,False
io.github.nexusrun,1,1,False
io.github.nfemmanuel,1,1,False
io.github.omitly,1,1,False
io.github.onefreeman1337,1,1,False
io.github.ondeinference,1,1,False
io.github.ompurwar,1,1,False
io.github.omoshola-o,1,1,False
io.github.omnislash157,1,1,False
io.github.omnicoreos,1,1,False
io.github.omkar9854,1,1,False
io.github.omiiyamu,1,1,False
io.github.nftechie,1,1,False
io.github.omazapa,1,1,False
io.github.omarmohelal,1,1,False
io.github.omarkeshk,1,1,False
io.github.omarfff,1,1,False
io.github.omarberrehail,1,1,False
io.github.om-tajne,1,1,False
io.github.olostep,1,1,False
io.github.onelogin,1,1,False
io.github.onepunchtechnology,1,1,False
io.github.onikora,1,1,False
io.github.onlygoodantibodies,1,1,False
io.github.openagentemail,1,1,False
io.github.openITCOCKPIT,1,1,False
io.github.open-metadata,1,1,False
io.github.open-mcp-ai,1,1,False
io.github.open-crater,1,1,False
io.github.open-banking-io,1,1,False
io.github.open-agreements,1,1,False
io.github.opedrosoares,1,1,False
io.github.op0ai,1,1,False
io.github.oozoofrog,1,1,False
io.github.ooopak11,1,1,False
io.github.oomkapwn,1,1,False
io.github.oogunbiyi21,1,1,False
io.github.oogdevs,1,1,False
io.github.ontorata,1,1,False
io.github.olliejgooding,1,1,False
io.github.olivilo,1,1,False
io.github.oliverhpage,1,1,False
io.github.oguzc,1,1,False
io.github.ogSINGH,1,1,False
io.github.ofirbaranesad-agent,1,1,False
io.github.odds-api-io,1,1,False
io.github.octoryn,1,1,False
io.github.octoco-ltd,1,1,False
io.github.ocm-mcp-server,1,1,False
io.github.ochtum,1,1,False
io.github.oceanmodeling,1,1,False
io.github.occasiolabs,1,1,False
io.github.oborchers,1,1,False
io.github.obcraft,1,1,False
io.github.oathlayer,1,1,False
io.github.oasdiff,1,1,False
io.github.oaktreegames,1,1,False
io.github.oakallow,1,1,False
io.github.ogconstrutorasp,1,1,False
io.github.ohhavefun,1,1,False
io.github.oliveres,1,1,False
io.github.ohvenkat,1,1,False
io.github.olijboyd,1,1,False
io.github.oleksiijko,1,1,False
io.github.oleg-vdv,1,1,False
io.github.olaurendeau,1,1,False
io.github.olanokhin,1,1,False
io.github.olano-ai,1,1,False
io.github.olamide-olaniyan,1,1,False
io.github.olafkfreund,1,1,False
io.github.okyalos76,1,1,False
io.github.okedeji,1,1,False
io.github.okapi-ca,1,1,False
io.github.ojuschugh1,1,1,False
io.github.ojhermann-org,1,1,False
io.github.oinam,1,1,False
io.github.oijusti,1,1,False
io.github.opencontext-team,1,1,False
io.github.opendatalab,1,1,False
io.github.openenterprise-info,1,1,False
io.github.ovlabs,1,1,False
io.github.overtimepog,1,1,False
io.github.overstarry,1,1,False
io.github.outturndev,1,1,False
io.github.outscraper,1,1,False
io.github.outris-dev-user,1,1,False
io.github.outdoorithm,1,1,False
io.github.ouranos-labs,1,1,False
io.github.ouestcharlie,1,1,False
io.github.oswarld,1,1,False
io.github.ostapondo,1,1,False
io.github.osodevops,1,1,False
io.github.osindo-dev,1,1,False
io.github.osfrekt,1,1,False
io.github.oscout,1,1,False
io.github.oscarleoo,1,1,False
io.github.oviron,1,1,False
io.github.ovladon,1,1,False
io.github.osamaadam,1,1,False
io.github.owenkingva-web,1,1,False
io.github.p1xelapp,1,1,False
io.github.p1va,1,1,False
io.github.p-poss,1,1,False
io.github.p-meier,1,1,False
io.github.ozten,1,1,False
io.github.ozgurcd,1,1,False
io.github.ozers,1,1,False
io.github.ozanmutlu,1,1,False
io.github.ozankasikci,1,1,False
io.github.oytuntez,1,1,False
io.github.oxyvore-cyber,1,1,False
io.github.oxyplay,1,1,False
io.github.oxbshw,1,1,False
io.github.ox31461,1,1,False
io.github.ownedbyly,1,1,False
io.github.oscal-compass,1,1,False
io.github.osama-ata,1,1,False
io.github.openfate-ai,1,1,False
io.github.opsloft,1,1,False
io.github.oppenheimervonbraun,1,1,False
io.github.opjhabuilds,1,1,False
io.github.ophydami,1,1,False
io.github.operatorsheets,1,1,False
io.github.operantlabs,1,1,False
io.github.openziti,1,1,False
io.github.openqfr-dev,1,1,False
io.github.openpulsechain,1,1,False
io.github.openpouch,1,1,False
io.github.openpoem,1,1,False
io.github.openkash,1,1,False
io.github.opengolfapi,1,1,False
io.github.opengameapp,1,1,False
io.github.openfused,1,1,False
io.github.openfateaicom-wq,1,1,False
io.github.opsconduit,1,1,False
io.github.opspawn,1,1,False
io.github.oromi-uk,1,1,False
io.github.optifeed,1,1,False
io.github.oro-intel,1,1,False
io.github.ormuzdo,1,1,False
io.github.orlench,1,1,False
io.github.orionvalemedia-web,1,1,False
io.github.orionlabsai,1,1,False
io.github.orifisher2,1,1,False
io.github.orholam,1,1,False
io.github.orhanbalci,1,1,False
io.github.orcar-studio,1,1,False
io.github.orcalayer,1,1,False
io.github.orbs-network,1,1,False
io.github.orbit-search,1,1,False
io.github.oraios,1,1,False
io.github.opusgrowth,1,1,False
io.github.opus-pro,1,1,False
io.github.oagotus-droid,1,1,False
io.github.oabolade,1,1,False
io.github.nzdsf2-gif,1,1,False
io.github.nimbus-agent,1,1,False
io.github.nileshpatil6,1,1,False
io.github.nikulk2992-jpg,1,1,False
io.github.nikolayds,1,1,False
io.github.nikolay-e,1,1,False
io.github.nikolausm,1,1,False
io.github.nikolasdehor,1,1,False
io.github.nikolaoskoutris,1,1,False
io.github.nikolai-vysotskyi,1,1,False
io.github.nikitacometa,1,1,False
io.github.nikicat,1,1,False
io.github.nikhilgogulwar,1,1,False
io.github.nikhilbhima,1,1,False
io.github.nikhil-bhat,1,1,False
io.github.nihmadev,1,1,False
io.github.nigue3025,1,1,False
io.github.nim-lang,1,1,False
io.github.ninihen1,1,1,False
io.github.nigelcox98,1,1,False
io.github.nipunkhanderia,1,1,False
io.github.no-human-ai,1,1,False
io.github.no-fait,1,1,False
io.github.nnar1o,1,1,False
io.github.nmxmxh,1,1,False
io.github.nkpar,1,1,False
io.github.nkiyohara,1,1,False
io.github.nk3750,1,1,False
io.github.ah-developer-pro,1,1,False
io.github.niyonzimabryan,1,1,False
io.github.nivethaug,1,1,False
io.github.nitin27may,1,1,False
io.github.nitaiaharoni1,1,1,False
io.github.nish3451,1,1,False
io.github.nisarg-pujara-vectorlink,1,1,False
io.github.niradler,1,1,False
io.github.nightmoose,1,1,False
io.github.nifrajs,1,1,False
io.github.noahmchugh,1,1,False
io.github.nicholsonpeter,1,1,False
io.github.nicholasglazer,1,1,False
io.github.nicglazkov,1,1,False
io.github.nice-one-code,1,1,False
io.github.nibinglobal,1,1,False
io.github.nhype,1,1,False
io.github.nhoverte,1,1,False
io.github.nhost,1,1,False
io.github.nhatvu148,1,1,False
io.github.nhantour,1,1,False
io.github.nhadaututtheky,1,1,False
io.github.nh4ttruong,1,1,False
io.github.nguyenhuy158,1,1,False
io.github.nguyenanhducs,1,1,False
io.github.ngkienmkqn,1,1,False
io.github.ng-galien,1,1,False
io.github.nicholasoxford,1,1,False
io.github.nick-choudhary,1,1,False
io.github.nicoletterankin,1,1,False
io.github.nickatnight96,1,1,False
io.github.nicolasramos,1,1,False
io.github.nicolascroce,1,1,False
io.github.nicolascoutureau,1,1,False
io.github.nickzren,1,1,False
io.github.nickzitzer,1,1,False
io.github.nickymitnick,1,1,False
io.github.nicktcode,1,1,False
io.github.nickoc,1,1,False
io.github.nicklee002e,1,1,False
io.github.nicklasmenschel,1,1,False
io.github.nickklos10,1,1,False
io.github.nickjlucker,1,1,False
io.github.nickjazz,1,1,False
io.github.nickgeorgeseo,1,1,False
io.github.nickbasharin,1,1,False
io.github.noahhyden,1,1,False
io.github.noahowsh,1,1,False
io.github.nxtg-ai,1,1,False
io.github.ntson9p,1,1,False
io.github.nsudhanva,1,1,False
io.github.nsphung,1,1,False
io.github.nsozturk,1,1,False
io.github.ns-3e,1,1,False
io.github.nries1,1,1,False
io.github.nqzai,1,1,False
io.github.npupko,1,1,False
io.github.npraught,1,1,False
io.github.nozikov,1,1,False
io.github.nowledge-co,1,1,False
io.github.nowi333,1,1,False
io.github.novyxlabs,1,1,False
io.github.novotapeter-bs,1,1,False
io.github.noviantonugroho4,1,1,False
io.github.novaventures-ai,1,1,False
io.github.nteract,1,1,False
io.github.nttylock,1,1,False
io.github.nousulabs-debug,1,1,False
io.github.nu-people,1,1,False
io.github.nworks3d,1,1,False
io.github.nwjnjjj,1,1,False
io.github.nvlang,1,1,False
io.github.nveil-ai,1,1,False
io.github.nvasilevv,1,1,False
io.github.nuteee,1,1,False
io.github.nushey,1,1,False
io.github.nunolima,1,1,False
io.github.numbererikson,1,1,False
io.github.nulljosh,1,1,False
io.github.nulib,1,1,False
io.github.nubo-db,1,1,False
io.github.nublson,1,1,False
io.github.nubiia-dev,1,1,False
io.github.nuance-dev,1,1,False
io.github.novadyne-hq,1,1,False
io.github.nousdata,1,1,False
io.github.noamjose,1,1,False
io.github.noordeen123,1,1,False
io.github.noncelogic,1,1,False
io.github.nonatofabio,1,1,False
io.github.nonameuserd,1,1,False
io.github.nomina-xyz,1,1,False
io.github.nometria,1,1,False
io.github.nomadstays,1,1,False
io.github.nolenation04,1,1,False
io.github.noisy,1,1,False
io.github.nograai,1,1,False
io.github.nodeblur,1,1,False
io.github.node-opcua,1,1,False
io.github.node-man,1,1,False
io.github.noclickapp,1,1,False
io.github.nock-for-mak,1,1,False
io.github.noblabs,1,1,False
io.github.nonchan7720,1,1,False
io.github.noroshi-create,1,1,False
io.github.nous-ehr,1,1,False
io.github.norrietaylor,1,1,False
io.github.nouchix,1,1,False
io.github.notwhiteblank,1,1,False
io.github.notifuturo,1,1,False
io.github.noticedso,1,1,False
io.github.notforhumansfun-rgb,1,1,False
io.github.noteflowai,1,1,False
io.github.notasandy,1,1,False
io.github.notDIRK,1,1,False
io.github.not0lucky,1,1,False
io.github.not-sure-w,1,1,False
io.github.noskillish,1,1,False
io.github.norynta,1,1,False
io.github.northsideventuresllc-sketch,1,1,False
io.github.northrosetech,1,1,False
io.github.northbeamsoftware,1,1,False
io.github.rod-anami-kyndryl,1,1,False
io.github.rodeldoria,1,1,False
io.github.venomseven,1,1,False
io.github.team-earth,1,1,False
io.github.techmanual-ai,1,1,False
io.github.techleadevelopers,1,1,False
io.github.tech-sushant,1,1,False
io.github.teamtrayd,1,1,False
io.github.teampolarity,1,1,False
io.github.team-telnyx,1,1,False
io.github.team-monet,1,1,False
io.github.teabagkim,1,1,False
io.github.tamasPetki,1,1,False
io.github.tdries,1,1,False
io.github.tdobrowolski1,1,1,False
io.github.tdnupe3,1,1,False
io.github.tdavidson,1,1,False
io.github.tdalbanmoreynas,1,1,False
io.github.tci-nebula,1,1,False
io.github.tchivs,1,1,False
io.github.techops-services,1,1,False
io.github.techreone,1,1,False
io.github.tedfytw1209,1,1,False
io.github.teefloo,1,1,False
io.github.tenkenco,1,1,False
io.github.tenkai2018,1,1,False
io.github.tenequm,1,1,False
io.github.temway,1,1,False
io.github.temrjan,1,1,False
io.github.temporal-cortex,1,1,False
io.github.tempmd,1,1,False
io.github.templated-io,1,1,False
io.github.telsav,1,1,False
io.github.telly6,1,1,False
io.github.telleroutlook,1,1,False
io.github.tell-and-go,1,1,False
io.github.telegraphprotocol,1,1,False
io.github.tekinnnnn,1,1,False
io.github.teflon07,1,1,False
io.github.tchen6500,1,1,False
io.github.tcgtracker-boop,1,1,False
io.github.tcehjaava,1,1,False
io.github.taskade,1,1,False
io.github.tareq7,1,1,False
io.github.tarazou9,1,1,False
io.github.taranis-ai,1,1,False
io.github.tarang8811,1,1,False
io.github.taplid,1,1,False
io.github.tans,1,1,False
io.github.tankstellen,1,1,False
io.github.tangfei7777-cell,1,1,False
io.github.tangchangzhe,1,1,False
io.github.tang-vu,1,1,False
io.github.tandryukha,1,1,False
io.github.tanbro,1,1,False
io.github.tanayyo1,1,1,False
io.github.tammifull,1,1,False
io.github.tambovchanin,1,1,False
io.github.tarides,1,1,False
io.github.taskfuel,1,1,False
io.github.tcador,1,1,False
io.github.taskin-ai,1,1,False
io.github.tbrajkovic,1,1,False
io.github.tbalcinha,1,1,False
io.github.tb8412,1,1,False
io.github.tb0hdan,1,1,False
io.github.taytrom,1,1,False
io.github.taylorwilsdon,1,1,False
io.github.taylorsmithgg,1,1,False
io.github.taylormadeapps,1,1,False
io.github.taygunsavas,1,1,False
io.github.taybenlor,1,1,False
io.github.tavily-ai,1,1,False
io.github.taux-io,1,1,False
io.github.taurgis,1,1,False
io.github.tatopenn-cell,1,1,False
io.github.tasutagazo,1,1,False
io.github.tenpace-app,1,1,False
io.github.teologov,1,1,False
io.github.terminalis,1,1,False
io.github.theprodsde,1,1,False
io.github.theodor90,1,1,False
io.github.themutherfvcker,1,1,False
io.github.themohal,1,1,False
io.github.themoddedcube,1,1,False
io.github.themewireco,1,1,False
io.github.themesberg,1,1,False
io.github.thelogicaldude,1,1,False
io.github.thelabvenice,1,1,False
io.github.theinfosecguy,1,1,False
io.github.theindianappguy,1,1,False
io.github.thehomer87,1,1,False
io.github.thegrenadinekid25,1,1,False
io.github.thegoodguysla,1,1,False
io.github.thegoldbarometer,1,1,False
io.github.thefanvault,1,1,False
io.github.thepianistdirector,1,1,False
io.github.thesanjeetc,1,1,False
io.github.thedhruv-07,1,1,False
io.github.theserverlessdev,1,1,False
io.github.thomas0369,1,1,False
io.github.thlg057,1,1,False
io.github.thisis-najeeb,1,1,False
io.github.thirdtrail,1,1,False
io.github.thinksuitesolution-coder,1,1,False
io.github.thinkfiveable,1,1,False
io.github.thijssmudde,1,1,False
io.github.thgun2yerhed,1,1,False
io.github.theyond,1,1,False
io.github.thevrus,1,1,False
io.github.thevibepreneur,1,1,False
io.github.thesuitabs,1,1,False
io.github.thestockgoatballs,1,1,False
io.github.thestarboy9696,1,1,False
io.github.theshajha,1,1,False
io.github.theduodecim,1,1,False
io.github.thecombatwombat,1,1,False
io.github.terradeed,1,1,False
io.github.thatsrajan,1,1,False
io.github.that-developer-kaveh,1,1,False
io.github.thalovant,1,1,False
io.github.tgomolski-lgtm,1,1,False
io.github.tfcbot,1,1,False
io.github.textbee,1,1,False
io.github.tevfikefeaydin,1,1,False
io.github.teunlao,1,1,False
io.github.tettertotter,1,1,False
io.github.tesults,1,1,False
io.github.tester-army,1,1,False
io.github.testdino-inc,1,1,False
io.github.tersignhq,1,1,False
io.github.terry-li-hm,1,1,False
io.github.terrorproforma,1,1,False
io.github.terranode-co,1,1,False
io.github.thatdudealso,1,1,False
io.github.the-nine-nation,1,1,False
io.github.thecolourfoundation,1,1,False
io.github.the-staq,1,1,False
io.github.thechandanbhagat,1,1,False
io.github.thechancerylaneproject,1,1,False
io.github.thebrierfox,1,1,False
io.github.thebriangao,1,1,False
io.github.thebotclub,1,1,False
io.github.thebigfatdad,1,1,False
io.github.thebasedcapital,1,1,False
io.github.theastraway,1,1,False
io.github.theanshsonkar,1,1,False
io.github.theagoralabs,1,1,False
io.github.theadamdanielsson,1,1,False
io.github.theabbie,1,1,False
io.github.theUpsider,1,1,False
io.github.theDestI,1,1,False
io.github.the402ai,1,1,False
io.github.tambo-ai,1,1,False
io.github.tamas-fm,1,1,False
io.github.thomasjudes-del,1,1,False
io.github.subsquid-labs,1,1,False
io.github.sukyboor,1,1,False
io.github.sujirodev,1,1,False
io.github.suiyang-meta,1,1,False
io.github.sugar-co-dev,1,1,False
io.github.sudomock,1,1,False
io.github.sudohnim,1,1,False
io.github.sudobot99,1,1,False
io.github.subomi,1,1,False
io.github.talonicdev,1,1,False
io.github.subhatta123,1,1,False
io.github.stylabs,1,1,False
io.github.sturs49,1,1,False
io.github.studiomeyer-io,1,1,False
io.github.student920,1,1,False
io.github.stuchapin909,1,1,False
io.github.stsepelin,1,1,False
io.github.sumanaddanki,1,1,False
io.github.sumup,1,1,False
io.github.sun-jingtao,1,1,False
io.github.sundsoffice-tech,1,1,False
io.github.supero-platform,1,1,False
io.github.supermarco74,1,1,False
io.github.superlistapp,1,1,False
io.github.superdesigndev,1,1,False
io.github.superbigroach,1,1,False
io.github.superaihuman,1,1,False
io.github.superagents-lab,1,1,False
io.github.suparse,1,1,False
io.github.suomimasuda,1,1,False
io.github.sunsiyuan,1,1,False
io.github.sunshad0w,1,1,False
io.github.sunsatosolutions,1,1,False
io.github.sunhome243,1,1,False
io.github.sunholo-data,1,1,False
io.github.suneel190700,1,1,False
io.github.structured-world,1,1,False
io.github.stringsofthemind-oss,1,1,False
io.github.strickland84,1,1,False
io.github.steveweltman,1,1,False
io.github.stevensu04,1,1,False
io.github.steveardis,1,1,False
io.github.steve228uk,1,1,False
io.github.steve-chambers,1,1,False
io.github.sterion66,1,1,False
io.github.stephenballot-ai,1,1,False
io.github.stepbot,1,1,False
io.github.stepankaiser,1,1,False
io.github.steffanricardo,1,1,False
io.github.stefanstranger,1,1,False
io.github.stefanoshea,1,1,False
io.github.stefanoseggio,1,1,False
io.github.stef-k,1,1,False
io.github.steadyfetch,1,1,False
io.github.ste7,1,1,False
io.github.stevenvo,1,1,False
io.github.steviepinero,1,1,False
io.github.strato-space,1,1,False
io.github.stevologic,1,1,False
io.github.strangeadvancedmarketing,1,1,False
io.github.strale-io,1,1,False
io.github.strac-io,1,1,False
io.github.stoyan-stoyanov,1,1,False
io.github.storybookjs,1,1,False
io.github.stonianua,1,1,False
io.github.stonematt,1,1,False
io.github.stolarubrendang,1,1,False
io.github.stokaro,1,1,False
io.github.stockmarketscan,1,1,False
io.github.stockandawe,1,1,False
io.github.stobo-app,1,1,False
io.github.stimQQ,1,1,False
io.github.sthayi-ai,1,1,False
io.github.sthan-io,1,1,False
io.github.superserve-ai,1,1,False
io.github.supertone-inc,1,1,False
io.github.supertrained,1,1,False
io.github.t1ktakdev,1,1,False
io.github.t-crew,1,1,False
io.github.sznt2010,1,1,False
io.github.szarl,1,1,False
io.github.szara7678,1,1,False
io.github.syvb,1,1,False
io.github.syuaibsyuaib,1,1,False
io.github.systemsailab,1,1,False
io.github.systemblueio,1,1,False
io.github.synpulse8-opensource,1,1,False
io.github.synpareia,1,1,False
io.github.synopsys0,1,1,False
io.github.syndicalt,1,1,False
io.github.syncday-app,1,1,False
io.github.synapbus,1,1,False
io.github.symbo-ls,1,1,False
io.github.t-khush,1,1,False
io.github.t1mom777,1,1,False
io.github.sylenzor,1,1,False
io.github.t3ratech,1,1,False
io.github.talktosims,1,1,False
io.github.talivia-group,1,1,False
io.github.taliasoftworks,1,1,False
io.github.takeyaqa,1,1,False
io.github.takeaseatventure,1,1,False
io.github.taisly,1,1,False
io.github.taimiralain,1,1,False
io.github.tailscale-mcp,1,1,False
io.github.tago-io,1,1,False
io.github.taehyeonglim,1,1,False
io.github.tadas-github,1,1,False
io.github.tactual-dev,1,1,False
io.github.tacticalnoot,1,1,False
io.github.taazkareem,1,1,False
io.github.t8y2,1,1,False
io.github.symbionix-sl,1,1,False
io.github.syk8015,1,1,False
io.github.supra126,1,1,False
io.github.swadegeiger1,1,1,False
io.github.svkbogislav,1,1,False
io.github.svim-labs,1,1,False
io.github.sverklo,1,1,False
io.github.svensxl,1,1,False
io.github.sv-number,1,1,False
io.github.sv,1,1,False
io.github.suvadadepolo-blip,1,1,False
io.github.sustinbebustin,1,1,False
io.github.suryast,1,1,False
io.github.survivorforge,1,1,False
io.github.surp-renz,1,1,False
io.github.surisoft-io,1,1,False
io.github.surfer42069,1,1,False
io.github.suprsend,1,1,False
io.github.suprraz,1,1,False
io.github.svnscha,1,1,False
io.github.swapnanil,1,1,False
io.github.syedtaj7,1,1,False
io.github.swappysh,1,1,False
io.github.syamaner,1,1,False
io.github.swswordholy-tech,1,1,False
io.github.swperb,1,1,False
io.github.swoopeagle,1,1,False
io.github.switchwize,1,1,False
io.github.swisstruthorg,1,1,False
io.github.swimmwatch,1,1,False
io.github.swerve-hoe,1,1,False
io.github.sweir1,1,1,False
io.github.sweetcucumbersalad,1,1,False
io.github.sweetcornna,1,1,False
io.github.sweesama,1,1,False
io.github.swebsy,1,1,False
io.github.swarnavspujari,1,1,False
io.github.swarmsync-ai,1,1,False
io.github.thomasblc,1,1,False
io.github.thomasxm,1,1,False
io.github.rodrgds,1,1,False
io.github.ubaranzorlu,1,1,False
io.github.uditk2,1,1,False
io.github.udhaykumarbala,1,1,False
io.github.udarrr,1,1,False
io.github.ucsandman,1,1,False
io.github.ucmai,1,1,False
io.github.ubunyod574-max,1,1,False
io.github.ubaumann,1,1,False
io.github.uarlouski,1,1,False
io.github.truonglam1987,1,1,False
io.github.uamcp,1,1,False
io.github.u00dxk2,1,1,False
io.github.tzipway-dotcom,1,1,False
io.github.typestoofast,1,1,False
io.github.typesensekit,1,1,False
io.github.typedb,1,1,False
io.github.tylern91,1,1,False
io.github.ugo2000,1,1,False
io.github.ugurcl,1,1,False
io.github.uiNerd16,1,1,False
io.github.uindow,1,1,False
io.github.unerr-ai,1,1,False
io.github.unempyd,1,1,False
io.github.underwriter-MRX,1,1,False
io.github.underpass-ai,1,1,False
io.github.underloam,1,1,False
io.github.uncfreak1255-code,1,1,False
io.github.unaibamir,1,1,False
io.github.umitkavala,1,1,False
io.github.umbraco,1,1,False
io.github.umairalisadaqat,1,1,False
io.github.umagestaointeligente,1,1,False
io.github.ulebule,1,1,False
io.github.ulasarslan6262-ui,1,1,False
io.github.ukmgranger,1,1,False
io.github.uizze,1,1,False
io.github.tyler-mitchell,1,1,False
io.github.tydung26,1,1,False
io.github.tydude001,1,1,False
io.github.tthorstenson,1,1,False
io.github.tsvillain,1,1,False
io.github.tsutera09,1,1,False
io.github.tsubotax,1,1,False
io.github.tstockham96,1,1,False
io.github.tspicer,1,1,False
io.github.tsilva,1,1,False
io.github.trypeach-io,1,1,False
io.github.tryflask,1,1,False
io.github.trycourier,1,1,False
io.github.trycoin-ai,1,1,False
io.github.trustscoreagent,1,1,False
io.github.trustrail-labs,1,1,False
io.github.trustlists,1,1,False
io.github.trusterinfo,1,1,False
io.github.trusteed-io,1,1,False
io.github.tsviz,1,1,False
io.github.tuananh,1,1,False
io.github.tycana,1,1,False
io.github.tuanle96,1,1,False
io.github.txtcel,1,1,False
io.github.twilize5,1,1,False
io.github.tvstat1,1,1,False
io.github.tushariitr-19,1,1,False
io.github.turbopress-de,1,1,False
io.github.turbaba,1,1,False
io.github.tunnels-io,1,1,False
io.github.tunglt1810,1,1,False
io.github.tunahanaliozturk,1,1,False
io.github.tugcantopaloglu,1,1,False
io.github.tudorgrigoriu90,1,1,False
io.github.tudorAbrudan,1,1,False
io.github.tuckerschreiber,1,1,False
io.github.tuanone123,1,1,False
io.github.tuannvm,1,1,False
io.github.unibio-intelligence,1,1,False
io.github.unievolver,1,1,False
io.github.universalamateur,1,1,False
io.github.vatnode,1,1,False
io.github.varun369,1,1,False
io.github.varsansri,1,1,False
io.github.varoriya,1,1,False
io.github.variflight,1,1,False
io.github.vargahis,1,1,False
io.github.vardior9,1,1,False
io.github.varadfromeast,1,1,False
io.github.var-raphael,1,1,False
io.github.var-gg,1,1,False
io.github.vaquarkhan,1,1,False
io.github.vantage-meridian-group,1,1,False
io.github.vanoe-ai,1,1,False
io.github.vandurmedries,1,1,False
io.github.vandewilly,1,1,False
io.github.valuein,1,1,False
io.github.vasparshin,1,1,False
io.github.vaughnyb,1,1,False
io.github.valter-araujo,1,1,False
io.github.vb-tyagi,1,1,False
io.github.vemonet,1,1,False
io.github.velyan,1,1,False
io.github.velinussage,1,1,False
io.github.veldica,1,1,False
io.github.vegetableno1,1,1,False
io.github.vegelate,1,1,False
io.github.vedux98,1,1,False
io.github.vedangvatsa123,1,1,False
io.github.vectros-ai,1,1,False
io.github.vdmeu,1,1,False
io.github.vcprimiani,1,1,False
io.github.vcode-sh,1,1,False
io.github.vbhjckfd,1,1,False
io.github.vbcherepanov,1,1,False
io.github.vbalagovic,1,1,False
io.github.valtirman,1,1,False
io.github.valewnrt,1,1,False
io.github.unmodeled-tyler,1,1,False
io.github.userguiding,1,1,False
io.github.userFRM,1,1,False
io.github.useotterkit,1,1,False
io.github.usenotra,1,1,False
io.github.usenetstate,1,1,False
io.github.usemycontext,1,1,False
io.github.usekika,1,1,False
io.github.usekaval,1,1,False
io.github.usekaneo,1,1,False
io.github.urnetwork,1,1,False
io.github.uponex,1,1,False
io.github.upforge-dev,1,1,False
io.github.untitledfinancial,1,1,False
io.github.unsoldgroup,1,1,False
io.github.unshift-ai,1,1,False
io.github.unravel-team,1,1,False
io.github.userdefault13,1,1,False
io.github.usertour,1,1,False
io.github.valetdotdev,1,1,False
io.github.ushios,1,1,False
io.github.vaggeliskls,1,1,False
io.github.vaemail,1,1,False
io.github.vadymkykalo,1,1,False
io.github.uzqw,1,1,False
io.github.uxloom-dev,1,1,False
io.github.uxlint-net,1,1,False
io.github.uxjulie-climate,1,1,False
io.github.uxdevo,1,1,False
io.github.uuaid,1,1,False
io.github.utsav12322,1,1,False
io.github.utkarshx27,1,1,False
io.github.usy-pawel,1,1,False
io.github.usualaccountant,1,1,False
io.github.usnmax88,1,1,False
io.github.usliberty,1,1,False
io.github.trustcarinfo,1,1,False
io.github.truman-t3,1,1,False
io.github.threadctx-dev,1,1,False
io.github.tjhop,1,1,False
io.github.tm42,1,1,False
io.github.tlkc888-Jenkins,1,1,False
io.github.tlefko,1,1,False
io.github.tldraw,1,1,False
io.github.tlaloc-sh,1,1,False
io.github.tkmawarire,1,1,False
io.github.tjp2021,1,1,False
io.github.tje8x,1,1,False
io.github.truetick-gg,1,1,False
io.github.tjclaude88,1,1,False
io.github.tjcgraham-rgb,1,1,False
io.github.tjacquesson,1,1,False
io.github.tiza-ai,1,1,False
io.github.titus-civic,1,1,False
io.github.titov-d,1,1,False
io.github.tireniajilore,1,1,False
io.github.tmbot12,1,1,False
io.github.tmdrb625-wq,1,1,False
io.github.tmill313,1,1,False
io.github.tmonk,1,1,False
io.github.tomdoeswork,1,1,False
io.github.tomcat65,1,1,False
io.github.tomba-io,1,1,False
io.github.tom18a,1,1,False
io.github.tolgee,1,1,False
io.github.tolboy,1,1,False
io.github.toki0413,1,1,False
io.github.tokenfix,1,1,False
io.github.toggl,1,1,False
io.github.toflow-ai,1,1,False
io.github.toby,1,1,False
io.github.tobs-code,1,1,False
io.github.tobee89,1,1,False
io.github.toadlyBroodle,1,1,False
io.github.tmtysk,1,1,False
io.github.tiranyx,1,1,False
io.github.tinygodsdev,1,1,False
io.github.tinqiao-oss,1,1,False
io.github.tickory,1,1,False
io.github.tickerbot,1,1,False
io.github.tickadoo,1,1,False
io.github.tibi-metapartner-ai,1,1,False
io.github.tianyuio,1,1,False
io.github.tiagoyonamine,1,1,False
io.github.tiagosilva07,1,1,False
io.github.tiagocalado86,1,1,False
io.github.tiago-marques,1,1,False
io.github.ti-ab,1,1,False
io.github.thunderphone,1,1,False
io.github.thunderbit-open,1,1,False
io.github.thunderbit-com,1,1,False
io.github.thriftell,1,1,False
io.github.threadsnoop,1,1,False
io.github.threadlinqs-cmd,1,1,False
io.github.tickiti,1,1,False
io.github.tide-foundation,1,1,False
io.github.tinh2,1,1,False
io.github.tidynest,1,1,False
io.github.timvonsachs,1,1,False
io.github.timolein74,1,1,False
io.github.timohaa,1,1,False
io.github.timmx7,1,1,False
io.github.timheuer,1,1,False
io.github.timfurlong,1,1,False
io.github.timesheetIO,1,1,False
io.github.timbassler88,1,1,False
io.github.tima100faces,1,1,False
io.github.tim0-12432,1,1,False
io.github.tiluckdave,1,1,False
io.github.tillbooks,1,1,False
io.github.tiliondev,1,1,False
io.github.tifyr,1,1,False
io.github.tierproxy,1,1,False
io.github.tomo789,1,1,False
io.github.tomohiro-owada,1,1,False
io.github.tomyud1,1,1,False
io.github.tripsyapp,1,1,False
io.github.trip2g,1,1,False
io.github.tridevils,1,1,False
io.github.tribal-memory,1,1,False
io.github.treza-labs,1,1,False
io.github.treymerica1982,1,1,False
io.github.trevorflipper,1,1,False
io.github.trevor-nichols,1,1,False
io.github.trencinodin-stack,1,1,False
io.github.traviswye,1,1,False
io.github.travelwhiz-ltd,1,1,False
io.github.traveljamboree,1,1,False
io.github.transparentpt,1,1,False
io.github.transloadit,1,1,False
io.github.trakkr-aisearch,1,1,False
io.github.trainmyagent,1,1,False
io.github.trippyogi,1,1,False
io.github.tris686,1,1,False
io.github.tradingale,1,1,False
io.github.tristanmuzzu,1,1,False
io.github.trueoriginlabs,1,1,False
io.github.truecallerabreham,1,1,False
io.github.true-alter,1,1,False
io.github.trrahul,1,1,False
io.github.troyhunt,1,1,False
io.github.troybrandonc-bit,1,1,False
io.github.trooth-eng,1,1,False
io.github.tronsave,1,1,False
io.github.tronrental-com,1,1,False
io.github.trondhindenes,1,1,False
io.github.tro2789,1,1,False
io.github.trkr-ai,1,1,False
io.github.triuzzi,1,1,False
io.github.triumsebas,1,1,False
io.github.tristanroth1,1,1,False
io.github.traffiycom-ui,1,1,False
io.github.tradewr333-lgtm,1,1,False
io.github.tonibardina,1,1,False
io.github.topvisor,1,1,False
io.github.topofgames,1,1,False
io.github.topher66,1,1,False
io.github.toonight,1,1,False
io.github.toolwright-adk,1,1,False
io.github.tools-mcp,1,1,False
io.github.toolhail,1,1,False
io.github.toolbeltai,1,1,False
io.github.tookeffect,1,1,False
io.github.tonymaynard97,1,1,False
io.github.tonylchang,1,1,False
io.github.tonyback0101-cmyk,1,1,False
io.github.tony8713,1,1,False
io.github.tono628develop,1,1,False
io.github.tonnode,1,1,False
io.github.toninovo4249-ai,1,1,False
io.github.topskychen,1,1,False
io.github.torkjacobs,1,1,False
io.github.tradeparadex,1,1,False
io.github.toruproject,1,1,False
io.github.tractatus-ai,1,1,False
io.github.trackly-app,1,1,False
io.github.trackerfitness729-jpg,1,1,False
io.github.tracetify,1,1,False
io.github.tracentdev,1,1,False
io.github.trabotpro,1,1,False
io.github.tponscr-debug,1,1,False
io.github.tpjnorton,1,1,False
io.github.tounsils,1,1,False
io.github.totte-dev,1,1,False
io.github.totonga,1,1,False
io.github.tothienbao6a0,1,1,False
io.github.totalcms,1,1,False
io.github.totalaudiopromo,1,1,False
io.github.toshihiroshishido,1,1,False
io.github.statwonk,1,1,False
io.github.statuser-cloud,1,1,False
io.github.statico-alt,1,1,False
io.github.scottmreed,1,1,False
io.github.scrapercity,1,1,False
io.github.scrapeless-ai,1,1,False
io.github.scrape402,1,1,False
io.github.scrape-badger,1,1,False
io.github.scoutscore,1,1,False
io.github.scoutexchange,1,1,False
io.github.scottwittrock,1,1,False
io.github.scottconfusedgorilla,1,1,False
io.github.sani-savaliya,1,1,False
io.github.scottchronicity,1,1,False
io.github.scizuixiangsis,1,1,False
io.github.scimo2021,1,1,False
io.github.scifantastic,1,1,False
io.github.schnueck,1,1,False
io.github.schneidavie,1,1,False
io.github.scheur,1,1,False
io.github.screenpipe,1,1,False
io.github.scrollDynasty,1,1,False
io.github.scrollmark,1,1,False
io.github.scroobius-pip,1,1,False
io.github.sebbsssss,1,1,False
io.github.seatable,1,1,False
io.github.seasonsagents-art,1,1,False
io.github.seaser0,1,1,False
io.github.search-atlas-group,1,1,False
io.github.seanmarkwei,1,1,False
io.github.seanlok,1,1,False
io.github.seankim-android,1,1,False
io.github.seankarltonlee,1,1,False
io.github.seang1121,1,1,False
io.github.seanfenlon,1,1,False
io.github.sean-sunagaku,1,1,False
io.github.sdebruyn,1,1,False
io.github.sdeanesh-png,1,1,False
io.github.scrypster,1,1,False
io.github.schemacrawler,1,1,False
io.github.scenicstay,1,1,False
io.github.sceneview,1,1,False
io.github.sarveshtalele,1,1,False
io.github.sarim-aliii,1,1,False
io.github.sarath-451,1,1,False
io.github.saranshbamania,1,1,False
io.github.sarahpark,1,1,False
io.github.sara-star-quant,1,1,False
io.github.sanzation,1,1,False
io.github.santismm,1,1,False
io.github.santiriera626,1,1,False
io.github.santiment,1,1,False
io.github.santhosh-005,1,1,False
io.github.sanjoy1234,1,1,False
io.github.sanjeevkkansal,1,1,False
io.github.sanjaysgk,1,1,False
io.github.sanjaypsachdev,1,1,False
io.github.sanjay-amu,1,1,False
io.github.sarooo17,1,1,False
io.github.sassoftware,1,1,False
io.github.scavio-ai,1,1,False
io.github.sassyconsultingllc,1,1,False
io.github.scaratec,1,1,False
io.github.scaleway,1,1,False
io.github.sbosscher,1,1,False
io.github.sblattj,1,1,False
io.github.sawftware-apps,1,1,False
io.github.saviodamato,1,1,False
io.github.savhascelik,1,1,False
io.github.saurav61091,1,1,False
io.github.saurabhsharma2u,1,1,False
io.github.saurabh-karn,1,1,False
io.github.saucelabs-sample-test-frameworks,1,1,False
io.github.saucelabs,1,1,False
io.github.sattyamjjain,1,1,False
io.github.satoshkin-dev,1,1,False
io.github.satelliteoflove,1,1,False
io.github.secureprivacy,1,1,False
io.github.securityscan-api,1,1,False
io.github.sedis-ab,1,1,False
io.github.sgx-labs,1,1,False
io.github.sgebb,1,1,False
io.github.sgateway,1,1,False
io.github.sfrangulov,1,1,False
io.github.sezgimeydanci,1,1,False
io.github.seyoung230,1,1,False
io.github.seynurmammad0v,1,1,False
io.github.sexylin,1,1,False
io.github.severus-sys,1,1,False
io.github.sevalla-hosting,1,1,False
io.github.seunghan91,1,1,False
io.github.seungdori,1,1,False
io.github.setsmart-git,1,1,False
io.github.setozjl,1,1,False
io.github.setluca,1,1,False
io.github.sethclawd-prog,1,1,False
io.github.sgroy10,1,1,False
io.github.sh3ll3x3c,1,1,False
io.github.serpapi,1,1,False
io.github.sh6drack,1,1,False
io.github.shamsuzzaman1,1,1,False
io.github.shakaran,1,1,False
io.github.shakagold,1,1,False
io.github.shaileshjgd,1,1,False
io.github.shailesh-opsera,1,1,False
io.github.shahidla,1,1,False
io.github.shahidh68,1,1,False
io.github.shagarwal,1,1,False
io.github.shafarenkacfi,1,1,False
io.github.shadowy,1,1,False
io.github.shadowrootdev,1,1,False
io.github.shadoprizm,1,1,False
io.github.shackleai,1,1,False
io.github.shabsi7700,1,1,False
io.github.shabaaspay,1,1,False
io.github.servicewindowapp,1,1,False
io.github.serkvay13,1,1,False
io.github.seifreed,1,1,False
io.github.sendblue-api,1,1,False
io.github.semwalajay83-sem,1,1,False
io.github.semorehq,1,1,False
io.github.semilattice-research,1,1,False
io.github.semihkayan,1,1,False
io.github.semihbugrasezer,1,1,False
io.github.selvoapp,1,1,False
io.github.selvatuple,1,1,False
io.github.selvage-lab,1,1,False
io.github.sellrock-de,1,1,False
io.github.sellisd,1,1,False
io.github.sella-network,1,1,False
io.github.selfagency,1,1,False
io.github.seleniumbase,1,1,False
io.github.selectic-ai,1,1,False
io.github.sekharsdet,1,1,False
io.github.send21io,1,1,False
io.github.sendkamal,1,1,False
io.github.serkandrgn,1,1,False
io.github.senoff,1,1,False
io.github.serkan-ozal,1,1,False
io.github.seritalien,1,1,False
io.github.sergioprats,1,1,False
io.github.sergey-goncharenko,1,1,False
io.github.serg-tanichev,1,1,False
io.github.seregaxxl,1,1,False
io.github.sepehrkeyhani00,1,1,False
io.github.seongwon030,1,1,False
io.github.seomarlboro,1,1,False
io.github.seojeom,1,1,False
io.github.seob717,1,1,False
io.github.sentrysurface,1,1,False
io.github.sentien-labs,1,1,False
io.github.sensact-agents,1,1,False
io.github.senolsahan037-oss,1,1,False
io.github.sanjana-pier39,1,1,False
io.github.sangjun0000,1,1,False
io.github.stashbase,1,1,False
io.github.rubenmarcus,1,1,False
io.github.runFleets,1,1,False
io.github.rukh-debug,1,1,False
io.github.rudraptpsingh,1,1,False
io.github.rudraneel93,1,1,False
io.github.rudedoggg,1,1,False
io.github.rubtuc,1,1,False
io.github.rubix1138,1,1,False
io.github.rtahabas,1,1,False
io.github.sangha-lightanchor,1,1,False
io.github.rt1966,1,1,False
io.github.rsys-vtiwari,1,1,False
io.github.rsweeting1,1,1,False
io.github.rstreamlabs,1,1,False
io.github.rsmdt,1,1,False
io.github.rsksmart,1,1,False
io.github.rsdouglas,1,1,False
io.github.runbook-ai,1,1,False
io.github.runcomfy-com,1,1,False
io.github.runcycles,1,1,False
io.github.runesleo,1,1,False
io.github.rwaldman,1,1,False
io.github.rvmey,1,1,False
io.github.ruvendors5-ops,1,1,False
io.github.rustok-org,1,1,False
io.github.russellshen1992,1,1,False
io.github.ruslanlap,1,1,False
io.github.rushi053,1,1,False
io.github.ruriazz,1,1,False
io.github.runyourempire,1,1,False
io.github.runsec-io,1,1,False
io.github.runrelay,1,1,False
io.github.runonproof,1,1,False
io.github.runningoffcode,1,1,False
io.github.runjohnray2-lgtm,1,1,False
io.github.runframe,1,1,False
io.github.rsb6061,1,1,False
io.github.rrvrs,1,1,False
io.github.rplryan,1,1,False
io.github.romanpert,1,1,False
io.github.rom-baro,1,1,False
io.github.rolocache,1,1,False
io.github.rolandpg,1,1,False
io.github.rok-labs,1,1,False
io.github.roian6,1,1,False
io.github.rohithraju-ops,1,1,False
io.github.rohith1125,1,1,False
io.github.rohitcodilya,1,1,False
io.github.rogiervdbrnk,1,1,False
io.github.rogertheunissenmerge-oss,1,1,False
io.github.rogerberent-netizen,1,1,False
io.github.rogerawong,1,1,False
io.github.roeiba,1,1,False
io.github.rodvan,1,1,False
io.github.rodrigojille,1,1,False
io.github.roman-rr,1,1,False
io.github.romcdonald9976,1,1,False
io.github.royamir1,1,1,False
io.github.romudille-bit,1,1,False
io.github.rotifer-protocol,1,1,False
io.github.rotem1230,1,1,False
io.github.rostradamus,1,1,False
io.github.roshunsunder,1,1,False
io.github.rosh-studio,1,1,False
io.github.rosekamallove,1,1,False
io.github.rosasynthesiz,1,1,False
io.github.roomza-inc,1,1,False
io.github.ronybarbosa,1,1,False
io.github.ronniechong,1,1,False
io.github.ronitjadhav,1,1,False
io.github.rongchang726-png,1,1,False
io.github.ronaldanton,1,1,False
io.github.ronak-create,1,1,False
io.github.romulusfoundry,1,1,False
io.github.rwnalds,1,1,False
io.github.rxolve,1,1,False
io.github.ryaker,1,1,False
io.github.samma1997,1,1,False
io.github.samith14,1,1,False
io.github.samisouabni,1,1,False
io.github.samarthanalytics-sj,1,1,False
io.github.samarmstrong,1,1,False
io.github.samad001z,1,1,False
io.github.sam1siam,1,1,False
io.github.salvo10f,1,1,False
io.github.salvisare,1,1,False
io.github.salted-butter-joshua,1,1,False
io.github.salrad22,1,1,False
io.github.salitaba,1,1,False
io.github.salemalem,1,1,False
io.github.salehrifai42,1,1,False
io.github.salatmaster,1,1,False
io.github.salahawad,1,1,False
io.github.saml7n,1,1,False
io.github.samouh-waleed,1,1,False
io.github.saintmarksventures,1,1,False
io.github.samson-art,1,1,False
io.github.sandovalrr,1,1,False
io.github.sandeepkelvadi,1,1,False
io.github.sandeepbazar,1,1,False
io.github.sandeep1995,1,1,False
io.github.sandeep-antier,1,1,False
io.github.sandcastlelabs,1,1,False
io.github.sandbanks,1,1,False
io.github.sand0vvv,1,1,False
io.github.sanchirico,1,1,False
io.github.san-techie21,1,1,False
io.github.samzliu,1,1,False
io.github.samymassoud,1,1,False
io.github.samvallad33,1,1,False
io.github.samuelzcom,1,1,False
io.github.samueldesignsa,1,1,False
io.github.sajeetharan,1,1,False
io.github.sailorpepe,1,1,False
io.github.ryanbaumann,1,1,False
io.github.s-stefanov,1,1,False
io.github.rzere,1,1,False
io.github.ryuxik,1,1,False
io.github.ryss30,1,1,False
io.github.ryotaro-tanaka,1,1,False
io.github.ryoohshima,1,1,False
io.github.rynald0cst0ltziam,1,1,False
io.github.ryanzambrano,1,1,False
io.github.ryanyang828,1,1,False
io.github.ryanthegentry,1,1,False
io.github.ryansmith4,1,1,False
io.github.ryansilk,1,1,False
io.github.ryanportfolio,1,1,False
io.github.ryanmat,1,1,False
io.github.ryanduguid,1,1,False
io.github.ryanbihai,1,1,False
io.github.s-b-e-n-s-o-n,1,1,False
io.github.s0fractal,1,1,False
io.github.saiffmirza,1,1,False
io.github.s2bomb,1,1,False
io.github.saidutt46,1,1,False
io.github.saicharanrajoju,1,1,False
io.github.sai4447,1,1,False
io.github.sagarkalra-tech,1,1,False
io.github.safedep,1,1,False
io.github.saezbaldo,1,1,False
io.github.sacrosaunt,1,1,False
io.github.sacravenger,1,1,False
io.github.sachinuppal,1,1,False
io.github.sachin-shetty,1,1,False
io.github.sable-inc,1,1,False
io.github.saajunaid,1,1,False
io.github.saadk408,1,1,False
io.github.sGuNk13,1,1,False
io.github.sF1nX,1,1,False
io.github.shane-js,1,1,False
io.github.shanjai-raj,1,1,False
io.github.shanyang-me,1,1,False
io.github.solhammer,1,1,False
io.github.somacoffeekyoto,1,1,False
io.github.solutionsunity,1,1,False
io.github.soluai-spa,1,1,False
io.github.solsolettidev,1,1,False
io.github.solozerolabs,1,1,False
io.github.solomon2773,1,1,False
io.github.sologovision,1,1,False
io.github.solarx56,1,1,False
io.github.shaozhengkun123,1,1,False
io.github.solargptnz-dev,1,1,False
io.github.soke1556,1,1,False
io.github.sohei1l,1,1,False
io.github.sohaibt,1,1,False
io.github.software-mansion,1,1,False
io.github.socraticsurge,1,1,False
io.github.societe-agents-ia-arch,1,1,False
io.github.somdip-2310,1,1,False
io.github.somokpo,1,1,False
io.github.sonilo-ai,1,1,False
io.github.sonlenef,1,1,False
io.github.soulfir,1,1,False
io.github.soufianetahiri,1,1,False
io.github.soteeabam,1,1,False
io.github.sotashimozono,1,1,False
io.github.sota-deploy,1,1,False
io.github.soreniverson,1,1,False
io.github.soren-achebe,1,1,False
io.github.sophymarine,1,1,False
io.github.sophotechlabs,1,1,False
io.github.soondoobu1111-star,1,1,False
io.github.sooda-ai,1,1,False
io.github.soo-kate,1,1,False
io.github.sonwr,1,1,False
io.github.sonofakel,1,1,False
io.github.sonnykatongola-ops,1,1,False
io.github.socialloopai,1,1,False
io.github.socialappsceduler-eng,1,1,False
io.github.social-freak-ltd,1,1,False
io.github.smq9sn5jck-coder,1,1,False
io.github.smoke711711,1,1,False
io.github.smoke-signal-app,1,1,False
io.github.smoczynski-b,1,1,False
io.github.smith-horn,1,1,False
io.github.smilemin07,1,1,False
io.github.smile-minecraft,1,1,False
io.github.smijo-geek,1,1,False
io.github.smigolsmigol,1,1,False
io.github.smeltworks-labs,1,1,False
io.github.smartsurfsolar,1,1,False
io.github.smartpolicy-protocol,1,1,False
io.github.smartmemory,1,1,False
io.github.smartflowproai-lang,1,1,False
io.github.smartagent-ru,1,1,False
io.github.smart-mcp-proxy,1,1,False
io.github.smq9sn5jck-cloud,1,1,False
io.github.smriti-memcore,1,1,False
io.github.soccervortex,1,1,False
io.github.smukh,1,1,False
io.github.snyk,1,1,False
io.github.snss10,1,1,False
io.github.snrniranjan,1,1,False
io.github.snowmead,1,1,False
io.github.snowmanjy,1,1,False
io.github.snowbikemike,1,1,False
io.github.snoozelieb,1,1,False
io.github.snooptsz,1,1,False
io.github.snoooz-ai,1,1,False
io.github.snenenenenenene,1,1,False
io.github.snehdhruv,1,1,False
io.github.sneakyfree,1,1,False
io.github.snayyar00,1,1,False
io.github.snappyio,1,1,False
io.github.smurfy92,1,1,False
io.github.soulmaten7,1,1,False
io.github.sourabhnk,1,1,False
io.github.sourcegraph,1,1,False
io.github.stabem,1,1,False
io.github.ssskay,1,1,False
io.github.ssoward,1,1,False
io.github.ssm82,1,1,False
io.github.sshwarts,1,1,False
io.github.sshahzaiib,1,1,False
io.github.ssd7830-cmyk,1,1,False
io.github.srmorete,1,1,False
io.github.srmadscience,1,1,False
io.github.sriramnatrajhen,1,1,False
io.github.srikrishna235,1,1,False
io.github.srikarjy,1,1,False
io.github.srgplus,1,1,False
io.github.sreichsbb-stack,1,1,False
io.github.sreeramkongeseri,1,1,False
io.github.srbsa,1,1,False
io.github.sssnl-nl,1,1,False
io.github.staccDOTsol,1,1,False
io.github.sravanmodugula-solved,1,1,False
io.github.stackin-io,1,1,False
io.github.starwind-ui,1,1,False
io.github.startreedata,1,1,False
io.github.starter-series,1,1,False
io.github.starsinger-ai,1,1,False
io.github.starlordz12,1,1,False
io.github.starloghq,1,1,False
io.github.stark256-spec,1,1,False
io.github.starfetch-js,1,1,False
io.github.starecz,1,1,False
io.github.stardustxx,1,1,False
io.github.stanislawherjan1,1,1,False
io.github.stanfrbd,1,1,False
io.github.staminna,1,1,False
io.github.stag-build,1,1,False
io.github.stackql,1,1,False
io.github.srbryant86,1,1,False
io.github.sravanism,1,1,False
io.github.sourcey,1,1,False
io.github.speedofred,1,1,False
io.github.spectrumdatadigital,1,1,False
io.github.spectra-g,1,1,False
io.github.specshield26,1,1,False
io.github.specshield-io,1,1,False
io.github.speakmancip,1,1,False
io.github.speakai,1,1,False
io.github.sparta2025,1,1,False
io.github.sparrow84001,1,1,False
io.github.sparkmastergrape,1,1,False
io.github.spark1security,1,1,False
io.github.spanlens,1,1,False
io.github.spacefast,1,1,False
io.github.spacecowboyian,1,1,False
io.github.sp3ak,1,1,False
io.github.sp0oby,1,1,False
io.github.speechweave,1,1,False
io.github.speeedy10,1,1,False
io.github.sralli,1,1,False
io.github.spektre-labs,1,1,False
io.github.sraj0501,1,1,False
io.github.sqlsure,1,1,False
io.github.sqemo,1,1,False
io.github.spyyps,1,1,False
io.github.spuentesp,1,1,False
io.github.spshkar84,1,1,False
io.github.spruikco,1,1,False
io.github.spronta,1,1,False
io.github.springrolldev,1,1,False
io.github.spokenmd,1,1,False
io.github.spiritscripts,1,1,False
io.github.spiritpath,1,1,False
io.github.spfunctions,1,1,False
io.github.speteai,1,1,False
io.github.spencerpauly,1,1,False
io.github.smallhandsome,1,1,False
io.github.slymnysr,1,1,False
io.github.sly13,1,1,False
io.github.shubhamekapure,1,1,False
io.github.shrynshjn,1,1,False
io.github.shotwellj,1,1,False
io.github.shotintoeternity,1,1,False
io.github.shoptera-ai,1,1,False
io.github.shopanaio,1,1,False
io.github.shoggi211,1,1,False
io.github.shlok-lgtm,1,1,False
io.github.shkyyy18,1,1,False
io.github.shizl918,1,1,False
io.github.shivnathtathe,1,1,False
io.github.shivleverage,1,1,False
io.github.shivamtyagi18,1,1,False
io.github.shivamselam,1,1,False
io.github.shivam-app-developers,1,1,False
io.github.shittuay,1,1,False
io.github.shuaicongxiaomai,1,1,False
io.github.shubhtoy,1,1,False
io.github.shipping-ship-it,1,1,False
io.github.shuffle-works,1,1,False
io.github.siddmax,1,1,False
io.github.siddharthsinghal,1,1,False
io.github.sidart10,1,1,False
io.github.sicxz,1,1,False
io.github.sickn33,1,1,False
io.github.sibi-narendran,1,1,False
io.github.siaginw,1,1,False
io.github.si-imtiaz,1,1,False
io.github.shyshlakov,1,1,False
io.github.shuotao,1,1,False
io.github.shunyagatha,1,1,False
io.github.shulex-voc,1,1,False
io.github.shujahmhd,1,1,False
io.github.shughestr,1,1,False
io.github.shufflethis,1,1,False
io.github.shitianfang,1,1,False
io.github.shipmail-to,1,1,False
io.github.sidebutton,1,1,False
io.github.sheetrender,1,1,False
io.github.sheawinkler,1,1,False
io.github.shea256,1,1,False
io.github.shdomi8599,1,1,False
io.github.shck-dev,1,1,False
io.github.shawnwollenberg,1,1,False
io.github.shawndei,1,1,False
io.github.shawn1905,1,1,False
io.github.shaumik,1,1,False
io.github.shashankswe2020-ux,1,1,False
io.github.sharksalesinfo-blip,1,1,False
io.github.shariqriazz,1,1,False
io.github.sharedmemoryai,1,1,False
io.github.sharebook-kr,1,1,False
io.github.sharafutdinovdi,1,1,False
io.github.shaqmughal,1,1,False
io.github.sheetbest,1,1,False
io.github.shellfu,1,1,False
io.github.ship24-official,1,1,False
io.github.shemshallah,1,1,False
io.github.shinegang,1,1,False
io.github.shin2344234,1,1,False
io.github.shin1219-eng,1,1,False
io.github.shin-bot-litellm,1,1,False
io.github.shigetosidumeda-cyber,1,1,False
io.github.shieldly-io,1,1,False
io.github.shieldfive,1,1,False
io.github.shichuanqiong,1,1,False
io.github.shibbirweb,1,1,False
io.github.shibayu36,1,1,False
io.github.sher1096,1,1,False
io.github.shenwell,1,1,False
io.github.shentao12022-cmyk,1,1,False
io.github.shensi8312,1,1,False
io.github.shennawardana23,1,1,False
io.github.sidduHERE,1,1,False
io.github.sidinsearch,1,1,False
io.github.sluyasu,1,1,False
io.github.skivuha,1,1,False
io.github.skill-federation,1,1,False
io.github.skewing1,1,1,False
io.github.sjkim1127,1,1,False
io.github.sjcripps,1,1,False
io.github.siweina,1,1,False
io.github.sivaguruayyadurai,1,1,False
io.github.sitharaj88,1,1,False
io.github.sitebox,1,1,False
io.github.site-shot,1,1,False
io.github.sitbon,1,1,False
io.github.sisense,1,1,False
io.github.sirveil-ai,1,1,False
io.github.sirlordt,1,1,False
io.github.siriuslattice,1,1,False
io.github.sirarchiemccarthy-oss,1,1,False
io.github.skillselion,1,1,False
io.github.skrcode,1,1,False
io.github.singularityjason,1,1,False
io.github.sksareen,1,1,False
io.github.slowave-ai,1,1,False
io.github.slimndap,1,1,False
io.github.slima-ai,1,1,False
io.github.sleepycobalt,1,1,False
io.github.slee1996,1,1,False
io.github.slavins-co,1,1,False
io.github.slaat,1,1,False
io.github.skyzhao1223,1,1,False
io.github.skypher,1,1,False
io.github.skynetcmd,1,1,False
io.github.skylarng89,1,1,False
io.github.skyhook-io,1,1,False
io.github.skviteberg,1,1,False
io.github.skuzadev,1,1,False
io.github.skunkobi,1,1,False
io.github.siowweekoon,1,1,False
io.github.singularitybpjade,1,1,False
io.github.sidney,1,1,False
io.github.silverstein,1,1,False
io.github.silvanexum,1,1,False
io.github.silostack,1,1,False
io.github.silly-geese,1,1,False
io.github.silex-tec,1,1,False
io.github.silentdirectivellc-hub,1,1,False
io.github.silentdany,1,1,False
io.github.silbercue,1,1,False
io.github.sijunkim,1,1,False
io.github.signerlabs,1,1,False
io.github.signalraven,1,1,False
io.github.signaliz,1,1,False
io.github.signal-found,1,1,False
io.github.signadot,1,1,False
io.github.sierikov,1,1,False
io.github.sidyellur,1,1,False
io.github.silverbackmarketing,1,1,False
io.github.silversurfer562,1,1,False
io.github.singleflo,1,1,False
io.github.simistern,1,1,False
io.github.sinewaveai,1,1,False
io.github.sind00,1,1,False
io.github.sincekmori,1,1,False
io.github.sina158,1,1,False
io.github.simulacra,1,1,False
io.github.simul813,1,1,False
io.github.simplyguest,1,1,False
io.github.simplifier-ag,1,1,False
io.github.simplemindedbot,1,1,False
io.github.simonsysun,1,1,False
io.github.simonplmak-cloud,1,1,False
io.github.simonether,1,1,False
io.github.simonenavifare,1,1,False
io.github.simohammedb,1,1,False
io.github.simlir,1,1,False
io.github.ahmaddioxide,1,1,False
io.github.Uuriko,1,1,False
io.github.agustincf,1,1,False
com.googleapis.datastream,1,1,False
com.googleapis.run,1,1,False
com.googleapis.monitoring,1,1,False
com.googleapis.memorystore,1,1,False
com.googleapis.mapstools,1,1,False
com.googleapis.firestore,1,1,False
com.googleapis.developerknowledge,1,1,False
com.googleapis.design,1,1,False
com.googleapis.container,1,1,False
com.golemry,1,1,False
com.googleapis.compute,1,1,False
com.googleapis.composer,1,1,False
com.googleapis.bigtableadmin,1,1,False
com.googleapis.androidmanagement,1,1,False
com.goodword,1,1,False
com.goodsaegim,1,1,False
com.gonkbot,1,1,False
com.googleapis.sqladmin,1,1,False
com.googleapis.stitch,1,1,False
com.gositehunt,1,1,False
com.gotcashback,1,1,False
com.graqle,1,1,False
com.granoflow,1,1,False
com.graneth,1,1,False
com.gramscraper,1,1,False
com.gradusmusic,1,1,False
com.gradientdecisions,1,1,False
com.grabbitapp,1,1,False
com.gqlteam,1,1,False
com.gpuquant,1,1,False
com.gpagradecompare,1,1,False
com.govtribe,1,1,False
com.goveda,1,1,False
com.govbase,1,1,False
com.gotincan,1,1,False
com.gotfreefax,1,1,False
com.gominddb,1,1,False
com.goldpopcon,1,1,False
io.github.agtrepo,1,1,False
com.glean,1,1,False
com.gluecron,1,1,False
com.globalsurfari,1,1,False
com.globalsourcepartners,1,1,False
com.globalenvisionproductions,1,1,False
com.globaldatabase,1,1,False
com.glitchexecutor.grow,1,1,False
com.gleanmark,1,1,False
com.glasswarp,1,1,False
com.goldenvisacalculator,1,1,False
com.glassfrog,1,1,False
com.glance,1,1,False
com.gladeapi,1,1,False
com.giveradar,1,1,False
com.givepersonhood,1,1,False
com.givemeanode,1,1,False
com.gitsim,1,1,False
com.glushkov-modelling,1,1,False
com.gmapsextractor,1,1,False
com.gnosari,1,1,False
com.gnosismemory,1,1,False
com.goldandsilvercompany,1,1,False
com.gojinko.mcp,1,1,False
com.gofrantic,1,1,False
com.goedvps.app.wodan-posture,1,1,False
com.godorsal,1,1,False
com.gocushy,1,1,False
com.gocreativeai.predict,1,1,False
com.gocreativeai.omnicall,1,1,False
com.gocreativeai.enrich,1,1,False
com.gocosmik,1,1,False
com.gocontentflow,1,1,False
com.gocdkeys,1,1,False
com.gocardless,1,1,False
com.goanyapi,1,1,False
com.goalieip,1,1,False
com.graunt,1,1,False
com.gravity8,1,1,False
com.grcmigrate,1,1,False
com.hedgefundalpha,1,1,False
com.helloretail,1,1,False
com.hellobasestation,1,1,False
com.heliciel,1,1,False
com.hekkova,1,1,False
com.heirmos,1,1,False
com.hedwig-ai,1,1,False
com.hedgespecialty.www,1,1,False
com.hebertmagic,1,1,False
com.green-api,1,1,False
com.heatpumpcosteurope,1,1,False
com.headcountdesk,1,1,False
com.hdply,1,1,False
com.haycion,1,1,False
com.haveitprinted,1,1,False
com.haulbound,1,1,False
com.hatchable,1,1,False
com.helprentdanang,1,1,False
com.helpusagree,1,1,False
com.helpyself,1,1,False
com.helvabase,1,1,False
com.himaxym,1,1,False
com.hillsignal,1,1,False
com.hihirosmartservice,1,1,False
com.hiddenswap,1,1,False
com.hibot,1,1,False
com.hi-aisha,1,1,False
com.heyoden,1,1,False
com.heymetra,1,1,False
com.heylegwork,1,1,False
com.heykairon,1,1,False
com.heybuna,1,1,False
com.hesperatlas,1,1,False
com.hergertsynthora,1,1,False
com.hemmabo,1,1,False
com.hemelion,1,1,False
com.harukibox,1,1,False
com.harucms,1,1,False
com.harpd,1,1,False
com.gtmetrix,1,1,False
com.gtdbrain,1,1,False
com.growvib,1,1,False
com.growthr,1,1,False
com.growthmak,1,1,False
com.growsurf,1,1,False
com.growomat,1,1,False
com.growaify,1,1,False
com.groundedaeo,1,1,False
com.groniz,1,1,False
com.gringofunnels,1,1,False
com.griffnode,1,1,False
com.grid-shot,1,1,False
com.gribstream,1,1,False
com.greenlitbooks,1,1,False
com.greencalculus,1,1,False
com.gtm-api,1,1,False
com.gtmotto,1,1,False
com.hardscapedesk,1,1,False
com.guffeyholdings,1,1,False
com.hardfmly,1,1,False
com.hardenvo,1,1,False
com.hapticpaper,1,1,False
com.hankookilbo.mcp,1,1,False
com.handsofflinks,1,1,False
com.handsforagents,1,1,False
com.handovra,1,1,False
com.handledlocal,1,1,False
com.hamptonsverified,1,1,False
com.halffee,1,1,False
com.halalterminal,1,1,False
com.hackforddata,1,1,False
com.haasonline,1,1,False
com.gummble,1,1,False
com.guleki,1,1,False
com.gitscrum,1,1,False
com.gitlab,1,1,False
com.gitkraken,1,1,False
com.gadgethumans.swarm,1,1,False
com.gammainfra,1,1,False
com.gameshopenter,1,1,False
com.gameindustrylibrary,1,1,False
com.gamedevoutsourcing.www,1,1,False
com.gameanalytics,1,1,False
com.galleyrender,1,1,False
com.gallandigital,1,1,False
com.gadgethumans.api,1,1,False
com.gentkey,1,1,False
com.gadgethumans,1,1,False
com.gachi-tokusuru,1,1,False
com.fwozen,1,1,False
com.futureagi,1,1,False
com.furrowforms,1,1,False
com.funnelvo,1,1,False
com.funding-radar,1,1,False
com.gankdat,1,1,False
com.garminmcp,1,1,False
com.gatecoreai,1,1,False
com.gatewayinformationgroup,1,1,False
com.gennons,1,1,False
com.genmb,1,1,False
com.generect,1,1,False
com.general-index,1,1,False
com.gencove.consumer,1,1,False
com.gemalli,1,1,False
com.geezerkeeper,1,1,False
com.geekflare,1,1,False
com.geckoboard.gateway,1,1,False
com.gcwars,1,1,False
com.gccdomestic,1,1,False
com.gc-airporttransfers,1,1,False
com.gbtmind,1,1,False
com.gaussian-beam,1,1,False
com.gaudiolab,1,1,False
com.fulfiller,1,1,False
com.fulcradynamics,1,1,False
com.frunklab,1,1,False
com.framekeep,1,1,False
com.foxfiver,1,1,False
com.fourmemeclaw,1,1,False
com.foundryims,1,1,False
com.fortvision.app,1,1,False
com.fortrabbit,1,1,False
com.formulasignal,1,1,False
com.formsbystate,1,1,False
com.formpaste,1,1,False
com.formester,1,1,False
com.formcarry,1,1,False
com.formbuilder,1,1,False
com.formatho,1,1,False
com.formasty,1,1,False
com.forgetreasury,1,1,False
com.forgeorbital,1,1,False
com.fractionalteams,1,1,False
com.frameonlab,1,1,False
com.frontofgoal,1,1,False
com.framesail,1,1,False
com.frontiercrown.signer,1,1,False
com.frontdeskreview,1,1,False
com.fronesislabs,1,1,False
com.fromtocargo,1,1,False
com.frisian-mcp,1,1,False
com.freqblog,1,1,False
com.freightinsurancecost,1,1,False
com.freightforwarderfinder,1,1,False
com.freelanceclearing,1,1,False
com.freeelatech,1,1,False
com.freedailypro,1,1,False
com.freebatteryfactory,1,1,False
com.free-sign,1,1,False
com.frazzlecrm,1,1,False
com.frankponcelet,1,1,False
com.gensparkclaw.mbiyepyh,1,1,False
com.gentoura,1,1,False
com.githits,1,1,False
com.getrosey,1,1,False
com.getspawnpoint,1,1,False
com.getsliq,1,1,False
com.getsimma,1,1,False
com.getsigvest,1,1,False
com.getsendframe,1,1,False
com.getsavitools,1,1,False
com.getsapiens,1,1,False
com.getroomproof,1,1,False
com.geo-parity,1,1,False
com.getplexa,1,1,False
com.getpanes,1,1,False
com.getorquesta,1,1,False
com.getonbrd,1,1,False
com.getmyhotels,1,1,False
com.getmunin,1,1,False
com.getmeetnotes,1,1,False
com.getspm,1,1,False
com.getstarhunt,1,1,False
com.gettransformseo,1,1,False
com.gettreatmenthelp,1,1,False
com.gitbuyer,1,1,False
com.giftstoprint,1,1,False
com.giftroam,1,1,False
com.gibsonai,1,1,False
com.ghostavo,1,1,False
com.gfbytes,1,1,False
com.getyoutubetranscript,1,1,False
com.getwpagent,1,1,False
com.getvoibe,1,1,False
com.getveles,1,1,False
com.getvaletparking,1,1,False
com.getvahada,1,1,False
com.getuserfeedback,1,1,False
com.getuptimely,1,1,False
com.getunblocked,1,1,False
com.getmcpulse,1,1,False
com.getloggerhead,1,1,False
com.getlandlens,1,1,False
com.getboothiq,1,1,False
com.getbeachfinder,1,1,False
com.getaxionlabs,1,1,False
com.getarcresearch,1,1,False
com.getappniche,1,1,False
com.getalai,1,1,False
com.getagentwiki,1,1,False
com.getagentictools,1,1,False
com.getadloop,1,1,False
com.getacqpath,1,1,False
com.get4agent,1,1,False
com.get409avaluation,1,1,False
com.get2great,1,1,False
com.german-elections,1,1,False
com.geospatialsystem,1,1,False
com.georgiaroofreplacementcost,1,1,False
com.getbioflow,1,1,False
com.getbooyah,1,1,False
com.getklo,1,1,False
com.getboxkite,1,1,False
com.getklar,1,1,False
com.getinquira,1,1,False
com.gethumandesign.www,1,1,False
com.getholdings,1,1,False
com.getguru,1,1,False
com.getgovinbox,1,1,False
com.getfreedomos,1,1,False
com.getfirmament,1,1,False
com.getfinero,1,1,False
com.getdynamicqr,1,1,False
com.getdealboard,1,1,False
com.getcurrentoffer,1,1,False
com.getclera,1,1,False
com.getcims,1,1,False
com.getcaboo,1,1,False
com.hireahelper,1,1,False
com.hirelocksmiths,1,1,False
com.hiringcensus,1,1,False
com.kazejev,1,1,False
com.keepmysubs,1,1,False
com.keenielts,1,1,False
com.keboola,1,1,False
com.kdpcoloringbook,1,1,False
com.kdandoc.mcp,1,1,False
com.kbdsystems,1,1,False
com.kbasevo,1,1,False
com.kawaa,1,1,False
com.kindwise,1,1,False
com.kashrock,1,1,False
com.kashifaudit,1,1,False
com.kasahorow,1,1,False
com.karusele,1,1,False
com.kapruka,1,1,False
com.kaneme,1,1,False
com.kanbanthing,1,1,False
com.kema-studio,1,1,False
com.kenoodl,1,1,False
com.kenwea.www,1,1,False
com.kenxcomp,1,1,False
com.kimnchai,1,1,False
com.kimchi-sushi,1,1,False
com.killionapps,1,1,False
com.killbottleneck,1,1,False
com.kickoffo,1,1,False
com.ki-alternativen,1,1,False
com.khotem,1,1,False
com.keywordseverywhere,1,1,False
com.keywordise,1,1,False
com.keysvo,1,1,False
com.keyhalve,1,1,False
com.keyboardcrumbs,1,1,False
com.kettlelogic,1,1,False
com.kernelcad,1,1,False
com.keptbits,1,1,False
com.kalshi-mcp,1,1,False
com.kajabi,1,1,False
com.kairossignal,1,1,False
com.jpyc-service,1,1,False
com.jotform,1,1,False
com.jonathanarvay,1,1,False
com.joinsnail,1,1,False
com.joinplexa,1,1,False
com.joinnod,1,1,False
com.joinbudget,1,1,False
com.johnsessentials,1,1,False
com.joelverhagen.mcp,1,1,False
com.jobyap,1,1,False
com.jobsforaiagents,1,1,False
com.jobmojito,1,1,False
com.jobkeepr,1,1,False
com.jobherder,1,1,False
com.jobcardo,1,1,False
com.jnexum,1,1,False
com.jpyc-info,1,1,False
com.juicedresume,1,1,False
com.kaicalls,1,1,False
com.jumpcloud,1,1,False
com.kai-agi.mcp,1,1,False
com.kahvetabela,1,1,False
com.kage-core,1,1,False
com.kaalshodh,1,1,False
com.k-phi,1,1,False
com.jyotishintelligence,1,1,False
com.juudd,1,1,False
com.justinmckelvey,1,1,False
com.justheadcovers,1,1,False
com.justdukkan,1,1,False
com.jupitersignup,1,1,False
com.jupiterinvoice,1,1,False
com.junglecleaner,1,1,False
com.jumpseller,1,1,False
com.jumper-health,1,1,False
com.kimoun,1,1,False
com.kiprarent,1,1,False
com.jiyumarketing.mcp,1,1,False
com.laraue,1,1,False
com.le-teen,1,1,False
com.layercall,1,1,False
com.lawstronaut,1,1,False
com.launchelion,1,1,False
com.lattice-sys.plumbline,1,1,False
com.lassare,1,1,False
com.lasermaterialscompare,1,1,False
com.larabench,1,1,False
com.kiprio,1,1,False
com.lanzamientosia,1,1,False
com.lanyardo,1,1,False
com.langbly,1,1,False
com.landingconnect,1,1,False
com.lakpura,1,1,False
com.laddro,1,1,False
com.labelixa,1,1,False
com.leadhoundapi,1,1,False
com.leadmarina,1,1,False
com.leadrecorder,1,1,False
com.leadsapp,1,1,False
com.lemmebuyit,1,1,False
com.legendsoflearning.app,1,1,False
com.legalpolicygenerator,1,1,False
com.legalfournier,1,1,False
com.legalaimcp,1,1,False
com.legaion,1,1,False
com.leewaystudio,1,1,False
com.ledgerbeaver,1,1,False
com.ledgenter,1,1,False
com.leaveloadingcalculator,1,1,False
com.learnthedao,1,1,False
com.leapmemory,1,1,False
com.leap-labs,1,1,False
com.leagueofspin,1,1,False
com.leagueloom,1,1,False
com.kythene,1,1,False
com.kyrodata,1,1,False
com.kyntrax,1,1,False
com.kompetic,1,1,False
com.koalcheck,1,1,False
com.knownvehicle,1,1,False
com.knowngate,1,1,False
com.knowmapped,1,1,False
com.knowledgeforagents,1,1,False
com.knowledge-raven,1,1,False
com.knowjudges,1,1,False
com.knowalabs,1,1,False
com.knotrik,1,1,False
com.knitli,1,1,False
com.kleooai,1,1,False
com.klarefi,1,1,False
com.kiuli,1,1,False
com.kitsdeals,1,1,False
com.kitoolsheute,1,1,False
com.kogcat,1,1,False
com.konbiniapi,1,1,False
com.kymaapi,1,1,False
com.koongo,1,1,False
com.kviria,1,1,False
com.kurdishtts,1,1,False
com.kundlit,1,1,False
com.kudosity,1,1,False
com.kubova,1,1,False
com.ktrenz,1,1,False
com.ksaworks,1,1,False
com.krosos,1,1,False
com.kresmion,1,1,False
com.kratons,1,1,False
com.kpidepot,1,1,False
com.koskamo,1,1,False
com.korture,1,1,False
com.koreastockcheck,1,1,False
com.kordiapp,1,1,False
com.jmiszewicz,1,1,False
com.jittee,1,1,False
com.hispanic-legacy,1,1,False
com.hyperping,1,1,False
com.icejuicetrading,1,1,False
com.ibkr,1,1,False
com.ibitlabs.www,1,1,False
com.ibipoint,1,1,False
com.iberiapath,1,1,False
com.iaselecta,1,1,False
com.i3deploy,1,1,False
com.hyperneobroker.mcp,1,1,False
com.inboxpolicy,1,1,False
com.hydrata,1,1,False
com.hydrantly,1,1,False
com.hydrafetch,1,1,False
com.hvacsoftwarepicker,1,1,False
com.hutchdb,1,1,False
com.hushvert,1,1,False
com.hungry-esim,1,1,False
com.iconic-expeditions,1,1,False
com.iconiccls,1,1,False
com.icons8,1,1,False
com.iconsroom,1,1,False
com.immo-spot,1,1,False
com.immigrationadviserfinder,1,1,False
com.immersivecommons,1,1,False
com.imergea,1,1,False
com.ilovevideoeditor,1,1,False
com.iisrescue,1,1,False
com.ihateposting,1,1,False
com.igdigi,1,1,False
com.ifttt,1,1,False
com.ifthenpay,1,1,False
com.ifillpdf,1,1,False
com.ifa-wisdom,1,1,False
com.idle9,1,1,False
com.ideatomotion,1,1,False
com.idealo.mcp,1,1,False
com.humaux,1,1,False
com.humanslikestuff,1,1,False
com.huddlevo,1,1,False
com.hoptodesk,1,1,False
com.honen,1,1,False
com.homevisto,1,1,False
com.hometownwire,1,1,False
com.homeoceutics,1,1,False
com.homebridgepc.agent-commerce,1,1,False
com.holydb,1,1,False
com.holdingsintel,1,1,False
com.hojincheck,1,1,False
com.hlaverify,1,1,False
com.hjarni,1,1,False
com.hivepublish,1,1,False
com.hitsteps,1,1,False
com.hit-pay,1,1,False
com.historicalsoundscapes.www,1,1,False
com.historiapojazduvin,1,1,False
com.honeycomb-tech.ailis,1,1,False
com.horizonmedia,1,1,False
com.hub-equity,1,1,False
com.hortosapp,1,1,False
com.httpstatus,1,1,False
com.htmlvault,1,1,False
com.htmlradar,1,1,False
com.html2img,1,1,False
com.hreflangly,1,1,False
com.howtoreadthefuture,1,1,False
com.howtocalculateaninvoice.www,1,1,False
com.howgooditcanget,1,1,False
com.hovercode,1,1,False
com.housenstars,1,1,False
com.hotschmoe.agents,1,1,False
com.hotelvalora,1,1,False
com.hotelscasa,1,1,False
com.hostingbystack,1,1,False
com.hosco,1,1,False
com.imperioutils,1,1,False
com.inclusifyapp,1,1,False
com.jitsu,1,1,False
com.isoligne,1,1,False
com.iunera,1,1,False
com.itsnum,1,1,False
com.ithura,1,1,False
com.iterruptivo.ecodashboard,1,1,False
com.iterationlayer,1,1,False
com.issafu,1,1,False
com.ispyconnect,1,1,False
com.iso20022generator,1,1,False
com.incorporatewhere,1,1,False
com.ismalicious,1,1,False
com.isitdeprecated,1,1,False
com.iscabox,1,1,False
com.ironcladverified,1,1,False
com.iridiumhqmcp,1,1,False
com.ipogrid,1,1,False
com.ip99,1,1,False
com.ivisa.www,1,1,False
com.izhost,1,1,False
com.jacobcampbellrealtor,1,1,False
com.jagannathahora,1,1,False
com.jidoseal,1,1,False
com.jettyd,1,1,False
com.jetoperatingcost,1,1,False
com.jetblanc,1,1,False
com.jeremytwogood,1,1,False
com.jepto,1,1,False
com.jenriks,1,1,False
com.jenniferrebholz,1,1,False
com.jenesistravel,1,1,False
com.jellypod,1,1,False
com.jeikin,1,1,False
com.jeeva-jyotish,1,1,False
com.jampolls.hub,1,1,False
com.jamesprompt,1,1,False
com.jakehandy,1,1,False
com.invompt,1,1,False
com.invoicexml,1,1,False
com.invoicedataextraction,1,1,False
com.insidercable,1,1,False
com.innergcomplete,1,1,False
com.inkfe,1,1,False
com.injectionmoldingcostchecker,1,1,False
com.ingest0r.api,1,1,False
com.infysvg,1,1,False
com.infypng,1,1,False
com.infumar,1,1,False
com.infosecjobboard,1,1,False
com.infobip,1,1,False
com.infoaddict,1,1,False
com.info-subscription,1,1,False
com.infectrisk,1,1,False
com.industry-lens,1,1,False
com.inductvo,1,1,False
com.incrediblefi,1,1,False
com.insidedcpulse,1,1,False
com.insidergraph,1,1,False
com.invoicebadger,1,1,False
com.instapods,1,1,False
com.investhive,1,1,False
com.intuneready,1,1,False
com.interzoid,1,1,False
com.interviewflowai,1,1,False
com.intermind,1,1,False
com.intentwake,1,1,False
com.intencheck,1,1,False
com.intellegens,1,1,False
com.intakra,1,1,False
com.intakez,1,1,False
com.insyncanalytics.ai-mcp,1,1,False
com.insurancebyprofession,1,1,False
com.instilus,1,1,False
com.instavar,1,1,False
com.instaseer,1,1,False
com.fordycecg,1,1,False
com.forcefieldsilicon,1,1,False
com.footfally,1,1,False
com.cymosoft,1,1,False
com.danielsdesignstudio,1,1,False
com.dajsve,1,1,False
com.dailylogdesk,1,1,False
com.cytado,1,1,False
com.cyprusnondomcalculator,1,1,False
com.cyprusgrosstonet,1,1,False
com.cypruscompanycost,1,1,False
com.cyclingcoachai,1,1,False
com.datavrn,1,1,False
com.cyclecalcs,1,1,False
com.cycle-platform,1,1,False
com.cvelens,1,1,False
com.cve-security,1,1,False
com.cutconvert,1,1,False
com.custosa,1,1,False
com.curviate,1,1,False
com.danubeai,1,1,False
com.dapdip,1,1,False
com.dartai,1,1,False
com.dashboardbase,1,1,False
com.datasparc,1,1,False
com.dataroompicker,1,1,False
com.dataroia,1,1,False
com.dataplex-consulting,1,1,False
com.datanexusmcp,1,1,False
com.datanem,1,1,False
com.datalastic,1,1,False
com.datailo,1,1,False
com.datahyena,1,1,False
com.dataengineerprofessional,1,1,False
com.datadoe,1,1,False
com.datacommenter,1,1,False
com.dataclawe,1,1,False
com.dataart,1,1,False
com.data-apis.api,1,1,False
com.curtilo,1,1,False
com.currencyguard,1,1,False
com.curatorsearch,1,1,False
com.crosswirepay,1,1,False
com.crossingkeyintelligence,1,1,False
com.cross-deck,1,1,False
com.crosbynews,1,1,False
com.crontoenglish,1,1,False
com.cronpulser,1,1,False
com.cromanion,1,1,False
com.crixin,1,1,False
com.crisphive,1,1,False
com.crimsoncrawler,1,1,False
com.createmod,1,1,False
com.create-web-page,1,1,False
com.cre8techdev,1,1,False
com.crawlraven,1,1,False
com.crawlconsole,1,1,False
com.crawdar,1,1,False
com.crosswire-api,1,1,False
com.croviatrust,1,1,False
com.curaiz,1,1,False
com.crowdhum,1,1,False
com.cualbet,1,1,False
com.ctlsurf,1,1,False
com.csscreme,1,1,False
com.csquaredsystems,1,1,False
com.csidia,1,1,False
com.csatzo,1,1,False
com.cryptowhaleinsights,1,1,False
com.cryptorefills,1,1,False
com.cryptoquant,1,1,False
com.cryptolicencecosts,1,1,False
com.cryptohopper,1,1,False
com.cryptodataapi,1,1,False
com.cryptoamlpolicy,1,1,False
com.crustapi,1,1,False
com.crucibleui,1,1,False
com.datatreehaus,1,1,False
com.datocapital,1,1,False
com.craftedtrust,1,1,False
com.dexter-works,1,1,False
com.difcvsadgm,1,1,False
com.diemdesk,1,1,False
com.dibind,1,1,False
com.dialvalet,1,1,False
com.dialmcp,1,1,False
com.dialfetch,1,1,False
com.dfetcher,1,1,False
com.dexpaprika,1,1,False
com.datpaq,1,1,False
com.devvizion,1,1,False
com.devopness.mcp,1,1,False
com.devexpress,1,1,False
com.developerpoetry,1,1,False
com.devdome,1,1,False
com.devcycle,1,1,False
com.detourmap,1,1,False
com.diggercamp,1,1,False
com.digitaldataonline.mcp,1,1,False
com.digitalnomadindex,1,1,False
com.dillilabs.deva,1,1,False
com.dividvo,1,1,False
com.dispatchzo,1,1,False
com.dispatchtickets,1,1,False
com.discreterate,1,1,False
com.discoverseniorbenefits,1,1,False
com.discordservers,1,1,False
com.discolike,1,1,False
com.disclovo,1,1,False
com.discgolfmcp,1,1,False
com.dirtsignal,1,1,False
com.dirigon,1,1,False
com.dintak,1,1,False
com.dinewithscout,1,1,False
com.dimhour,1,1,False
com.dimensionkit,1,1,False
com.dethboy,1,1,False
com.detextit.www,1,1,False
com.detentpoint,1,1,False
com.decision-anchor,1,1,False
com.decaframe,1,1,False
com.debugbundle,1,1,False
com.debitura,1,1,False
com.dealsurface,1,1,False
com.dealerslip,1,1,False
com.dealerific,1,1,False
com.dcamethod,1,1,False
com.dbtrail,1,1,False
com.dbconvert,1,1,False
com.dayze,1,1,False
com.dayonelead,1,1,False
com.daxoom,1,1,False
com.davisvillelabs.filmrights,1,1,False
com.davisvillelabs.filedproof,1,1,False
com.datronis,1,1,False
com.dechonet,1,1,False
com.deckextract,1,1,False
com.designbycurio,1,1,False
com.dedale-bi.remnant,1,1,False
com.descontosml,1,1,False
com.desaira,1,1,False
com.desafiocomunicacion,1,1,False
com.depthfeed,1,1,False
com.depreo,1,1,False
com.deploytoagents,1,1,False
com.dentalsoftwarecompare,1,1,False
com.deflectvo,1,1,False
com.defici,1,1,False
com.defectbird,1,1,False
com.defaultverifier,1,1,False
com.deerdawn,1,1,False
com.deepskyai,1,1,False
com.deepseoanalysis,1,1,False
com.deeppane,1,1,False
com.crashstory,1,1,False
com.craftablesoftware,1,1,False
com.dmzagent,1,1,False
com.cloudquell,1,1,False
com.codepostalpro,1,1,False
com.codeniverse,1,1,False
com.coco-pier,1,1,False
com.cobaltcapture,1,1,False
com.coachwatts,1,1,False
com.cnrcode,1,1,False
com.cloziq,1,1,False
com.cloudflare.mcp,1,1,False
com.coloringbookify,1,1,False
com.cloudeide,1,1,False
com.close,1,1,False
com.clootrack,1,1,False
com.clment,1,1,False
com.clipcliper,1,1,False
com.clinkforge,1,1,False
com.clihub,1,1,False
com.codequiry,1,1,False
com.coderbuds,1,1,False
com.codescene,1,1,False
com.codestringers,1,1,False
com.collhub,1,1,False
com.collabpls,1,1,False
com.coinrailz,1,1,False
com.coinpaprika,1,1,False
com.coinmarketcap,1,1,False
com.coinlobster,1,1,False
com.coinira,1,1,False
com.coinfuty,1,1,False
com.coinbucha,1,1,False
com.cogram,1,1,False
com.cognivators,1,1,False
com.cognethics,1,1,False
com.cofferline,1,1,False
com.codmir,1,1,False
com.codician,1,1,False
com.clideck,1,1,False
com.clicksend,1,1,False
com.cleartracedata,1,1,False
com.clauxel.safetyreplay,1,1,False
com.clauxel.pydanticcontract,1,1,False
com.clauxel.pptmasterdeck,1,1,False
com.clauxel.playwritermcp,1,1,False
com.clauxel.playwrightselectorguard,1,1,False
com.clauxel.opendesignguard,1,1,False
com.clauxel.mcpuptimeledger,1,1,False
com.clauxel.mcptoollicense,1,1,False
com.clauxel.mcpscopeconsent,1,1,False
com.clauxel.mcpriskledger,1,1,False
com.clauxel.mcpoauthscopegate,1,1,False
com.clauxel.mcpgatewaydesk,1,1,False
com.clauxel.mcpdeprecation,1,1,False
com.clauxel.lixversion,1,1,False
com.clauxel.kirowebreleasebinder,1,1,False
com.clauxel.jcodeharness,1,1,False
com.clauxel.rtkcontext,1,1,False
com.clauxel.schemadriftgate,1,1,False
com.clearpostplugin,1,1,False
com.clauxel.semblecodesearchgate,1,1,False
com.clearedindex,1,1,False
com.clauxel.zerolangcompiler,1,1,False
com.clauxel.zeroidagent,1,1,False
com.clauxel.webmcpactionreceipt,1,1,False
com.clauxel.veocreditwaste,1,1,False
com.clauxel.universalcartmerchantgate,1,1,False
com.clauxel.unitymcptest,1,1,False
com.clauxel.tracepiishield,1,1,False
com.clauxel.toolcallwitness,1,1,False
com.clauxel.toolbudgetrouter,1,1,False
com.clauxel.statewrightgate,1,1,False
com.clauxel.sregymgate,1,1,False
com.clauxel.speckitacceptance,1,1,False
com.clauxel.skybridgepackager,1,1,False
com.clauxel.shipswiftcomponents,1,1,False
com.coloradoroofreplacementcost,1,1,False
com.commandplusk,1,1,False
com.crackandreveal,1,1,False
com.copythevideo,1,1,False
com.correctover,1,1,False
com.corpole,1,1,False
com.corkandcurve,1,1,False
com.coresignal,1,1,False
com.cordering,1,1,False
com.corapilot,1,1,False
com.coralswarm,1,1,False
com.coordinalo,1,1,False
com.commercialbuses,1,1,False
com.cookievo,1,1,False
com.cookiefreeanalytics,1,1,False
com.convika,1,1,False
com.conveyancingfeesireland,1,1,False
com.conveyancingfeesaustralia,1,1,False
com.convexvalue,1,1,False
com.controldrill,1,1,False
com.correkt,1,1,False
com.cortex-mem,1,1,False
com.cortexpad,1,1,False
com.cosmicjs,1,1,False
com.crabbitmq,1,1,False
com.cpz-lab.mcp,1,1,False
com.coworkingview,1,1,False
com.coverthegaps,1,1,False
com.coverbureau,1,1,False
com.coverage-rights,1,1,False
com.covasyn,1,1,False
com.courtdelta,1,1,False
com.courseprofiler,1,1,False
com.countersignatory,1,1,False
com.couillardelectricllc.voice,1,1,False
com.cotribute,1,1,False
com.cosvoice,1,1,False
com.costsegsmart,1,1,False
com.costbench,1,1,False
com.controlargastos,1,1,False
com.contrie,1,1,False
com.contrastcyber,1,1,False
com.compoid,1,1,False
com.complianceautomator,1,1,False
com.completionkit,1,1,False
com.compensationprofessional,1,1,False
com.comparevetsoftware,1,1,False
com.comparetradesoftware,1,1,False
com.comparehvacsoftware,1,1,False
com.comparecallanswering,1,1,False
com.compareanswering,1,1,False
com.compamir,1,1,False
com.comos-federation,1,1,False
com.commsharbor,1,1,False
com.commonspecs,1,1,False
com.commonlands,1,1,False
com.commonelements,1,1,False
com.commercialrefinancequotes,1,1,False
com.compliapi,1,1,False
com.compsniper,1,1,False
com.contractorroster,1,1,False
com.computesage,1,1,False
com.contractorleadquotes,1,1,False
com.contracko,1,1,False
com.continueops,1,1,False
com.contextser.mcp,1,1,False
com.contextflo,1,1,False
com.contextaco,1,1,False
com.containermath,1,1,False
com.contadeo,1,1,False
com.consulatehq,1,1,False
com.consentlayer,1,1,False
com.consensus-analytics,1,1,False
com.conquerorapp,1,1,False
com.connorgallic,1,1,False
com.connectmybot,1,1,False
com.conferencegrid,1,1,False
com.dmarkoff,1,1,False
com.dnsmint,1,1,False
com.footdigest,1,1,False
com.fanlinewire,1,1,False
com.faxlineindex,1,1,False
com.faxify,1,1,False
com.favowe,1,1,False
com.fatheron,1,1,False
com.fast-surveys,1,1,False
com.farmneural,1,1,False
com.fareeagle,1,1,False
com.familyfairplay,1,1,False
com.fidensa,1,1,False
com.familiarvtt,1,1,False
com.familiartarot,1,1,False
com.familiaplanner,1,1,False
com.falkordb,1,1,False
com.faldaro,1,1,False
com.falconer,1,1,False
com.falazuki,1,1,False
com.fbaforwarders,1,1,False
com.fccdb,1,1,False
com.featurejet,1,1,False
com.fed-spend,1,1,False
com.ffmpeg-micro,1,1,False
com.ffmpeg-api,1,1,False
com.fetchrelay,1,1,False
com.ferryflighthub,1,1,False
com.feranor,1,1,False
com.feode,1,1,False
com.fensory,1,1,False
com.fenetresurciel.verylongmcp,1,1,False
com.fenetresurciel.mcp,1,1,False
com.feeless402,1,1,False
com.feedsquad,1,1,False
com.feedhipppo,1,1,False
com.feedbackrobot,1,1,False
com.feedback-magic,1,1,False
com.fedlin,1,1,False
com.fairoddscalculator,1,1,False
com.faireplace,1,1,False
com.failecho,1,1,False
com.expatriationtaxcalculator,1,1,False
com.exo-trust,1,1,False
com.exitvo,1,1,False
com.exitvaluecalculator,1,1,False
com.exittaxestimator,1,1,False
com.exitcleanly,1,1,False
com.execbro,1,1,False
com.excurvo,1,1,False
com.examova,1,1,False
com.exactpdf,1,1,False
com.everydaybudd,1,1,False
com.everstake,1,1,False
com.evermuse,1,1,False
com.everlange,1,1,False
com.eveoy,1,1,False
com.eventsynoptic.go,1,1,False
com.exoquery,1,1,False
com.expatriator,1,1,False
com.fahaliai,1,1,False
com.expense-budget-tracker,1,1,False
com.fadehost,1,1,False
com.facturacobra,1,1,False
com.factanker,1,1,False
com.fabtally,1,1,False
com.fablerlabs,1,1,False
com.f1ow,1,1,False
com.f1laps,1,1,False
com.eztexting,1,1,False
com.ezoic,1,1,False
com.ezflipai,1,1,False
com.ezeep,1,1,False
com.exviv,1,1,False
com.extinvo,1,1,False
com.extentos,1,1,False
com.exploit-intel,1,1,False
com.fiatdock,1,1,False
com.fieldrobin,1,1,False
com.eventmatey.mcp,1,1,False
com.flatlandfi,1,1,False
com.flingflyers,1,1,False
com.flightseatmap,1,1,False
com.flightqueue,1,1,False
com.flightdelayhq,1,1,False
com.flight-mcp,1,1,False
com.flevy,1,1,False
com.flatratebook,1,1,False
com.flashmemorize,1,1,False
com.fieldstub,1,1,False
com.flashcards-open-source-app,1,1,False
com.fixidu,1,1,False
com.fivexer,1,1,False
com.fitouto,1,1,False
com.fitnito,1,1,False
com.fitmysoft,1,1,False
com.fitmycall,1,1,False
com.flipnem,1,1,False
com.flitlink,1,1,False
com.floot,1,1,False
com.floridahvacreplacementcost,1,1,False
com.footballagentindex,1,1,False
com.followontours,1,1,False
com.foliofact,1,1,False
com.foldlaboratories,1,1,False
com.focusvo,1,1,False
com.focusgts,1,1,False
com.fmlane,1,1,False
com.flywhereto,1,1,False
com.fluxdots,1,1,False
com.fluentedi,1,1,False
com.flowsery,1,1,False
com.flowaiapi,1,1,False
com.floridawaterdamagecost,1,1,False
com.floridasolarcostcalculator,1,1,False
com.floridaroofreplacementcost,1,1,False
com.fitiny,1,1,False
com.firsthandapi,1,1,False
com.first-dollar-test,1,1,False
com.financialdatapi,1,1,False
com.finallyoffline.www,1,1,False
com.fin3000,1,1,False
com.filtrous,1,1,False
com.filmrightsproof,1,1,False
com.filltrust,1,1,False
com.fillstub,1,1,False
com.fillfolio,1,1,False
com.filingfirehose,1,1,False
com.filingdesk,1,1,False
com.filetypeconverters,1,1,False
com.files,1,1,False
com.filedproof,1,1,False
com.figurepages,1,1,False
com.figma.mcp,1,1,False
com.fieldtranscript,1,1,False
com.finalpos.build,1,1,False
com.fincraftly,1,1,False
com.firmfax,1,1,False
com.findabis,1,1,False
com.firmeromanesti,1,1,False
com.finvygo,1,1,False
com.fintrx,1,1,False
com.fintechstudios,1,1,False
com.fintalio,1,1,False
com.finn.www,1,1,False
com.fininfostation,1,1,False
com.finerxfinder,1,1,False
com.findyourfivepm,1,1,False
com.findweedny,1,1,False
com.findsaunaplunge,1,1,False
com.findmytide,1,1,False
com.findmetool,1,1,False
com.findingleads,1,1,False
com.findenergyrates,1,1,False
com.eventship,1,1,False
com.eventescapes,1,1,False
com.docfork,1,1,False
com.dzgapp,1,1,False
com.easydocforms,1,1,False
com.earningsfeed,1,1,False
com.earnings-watcher,1,1,False
com.earnidle,1,1,False
com.eaglevirtual,1,1,False
com.e2llm,1,1,False
com.e-esim,1,1,False
com.dynomatix,1,1,False
com.egnyte,1,1,False
com.dxtra,1,1,False
com.dveracity,1,1,False
com.dustforge,1,1,False
com.dunsocial,1,1,False
com.dukonai,1,1,False
com.duesvo,1,1,False
com.ducktax,1,1,False
com.easygroupflights,1,1,False
com.easymcpai,1,1,False
com.easyonward,1,1,False
com.easyparser,1,1,False
com.eesier,1,1,False
com.edwyna,1,1,False
com.editalmd,1,1,False
com.ediscoverydecoder,1,1,False
com.edgedepth,1,1,False
com.ecovanmove,1,1,False
com.economicium,1,1,False
com.ecommerceimageoptimizer,1,1,False
com.ecoexperten,1,1,False
com.ecocitizenz,1,1,False
com.eclipsesource,1,1,False
com.eckari,1,1,False
com.echosaw,1,1,False
com.eatmundo,1,1,False
com.easyship,1,1,False
com.duck-hub,1,1,False
com.dubaiwealthindex,1,1,False
com.dsarvo,1,1,False
com.doseplot,1,1,False
com.doorsetbook,1,1,False
com.doorprofit,1,1,False
com.doomscrollr,1,1,False
com.donotact,1,1,False
com.donnyautomation,1,1,False
com.donebear,1,1,False
com.dominionobservatory,1,1,False
com.domduck,1,1,False
com.domainposture,1,1,False
com.domain-sentinel,1,1,False
com.docs2mcp,1,1,False
com.docs-md,1,1,False
com.docpenny,1,1,False
com.docketnexus,1,1,False
com.docimprint,1,1,False
com.doseedo,1,1,False
com.dotprompts,1,1,False
com.dropwarp,1,1,False
com.dotsweep,1,1,False
com.droplinked.mcp,1,1,False
com.drivings,1,1,False
com.dripraven,1,1,False
com.drillerdb,1,1,False
com.drillable,1,1,False
com.driflyte,1,1,False
com.dribba,1,1,False
com.dregs,1,1,False
com.dreamboothstudio,1,1,False
com.drawscheduleworks,1,1,False
com.dragapp,1,1,False
com.dplooy,1,1,False
com.dpf-it,1,1,False
com.downtester,1,1,False
com.downforjustmeoreveryone,1,1,False
com.eformogi,1,1,False
com.einvoicewiz,1,1,False
com.evaboot,1,1,False
com.enuygun,1,1,False
com.eposvo,1,1,False
com.epochcalc,1,1,False
com.epkproperties,1,1,False
com.epidemicsound,1,1,False
com.eobify,1,1,False
com.envloped,1,1,False
com.envelopebudget,1,1,False
com.entyrax,1,1,False
com.elevenflo,1,1,False
com.entsoemcp,1,1,False
com.entroute,1,1,False
com.entrida,1,1,False
com.entitysearchhq,1,1,False
com.entity0,1,1,False
com.entidex,1,1,False
com.entangleit,1,1,False
com.epovest,1,1,False
com.epublys,1,1,False
com.eqiqs,1,1,False
com.equipmentrentalcompare,1,1,False
com.eutexa,1,1,False
com.eurorackref,1,1,False
com.europebeachmap,1,1,False
com.eurocollis,1,1,False
com.eurc402,1,1,False
com.euearth,1,1,False
com.etfiq,1,1,False
com.esti-maite,1,1,False
com.esimtabby,1,1,False
com.esimker,1,1,False
com.esimeagle,1,1,False
com.esigndev,1,1,False
com.eruditepay,1,1,False
com.erikbethke,1,1,False
com.equity-rank.api,1,1,False
com.entangleeq,1,1,False
com.entalpa,1,1,False
com.enrolvo,1,1,False
com.emetzor,1,1,False
com.emergentphysicslab,1,1,False
com.emdly,1,1,False
com.embersds,1,1,False
com.emailkind,1,1,False
com.emailchaser,1,1,False
com.elucora,1,1,False
com.elshwork,1,1,False
com.elsewhereagents,1,1,False
com.elopstudio.aiwave,1,1,False
com.ellomind,1,1,False
com.elkassabgidata,1,1,False
com.elixirconf,1,1,False
com.elijahdesent,1,1,False
com.eligiblebydescent,1,1,False
com.eleyed,1,1,False
com.emergingtechcenter,1,1,False
com.emisorasdecolombia,1,1,False
com.enpso,1,1,False
com.emorahealth,1,1,False
com.enigma,1,1,False
com.engscript,1,1,False
com.engagemii,1,1,False
com.endpointo,1,1,False
com.endorso,1,1,False
com.enconvert,1,1,False
com.encompassconfirm,1,1,False
com.enclave402,1,1,False
com.encirca,1,1,False
com.emtailabs,1,1,False
com.empryo,1,1,False
com.empresskorea,1,1,False
com.emplusx,1,1,False
com.employeedeskhq,1,1,False
com.employeecostaustralia,1,1,False
com.lemonvite,1,1,False
com.lenderprice,1,1,False
com.lessonvo,1,1,False
com.rangercheck,1,1,False
com.rapportvo,1,1,False
com.ranomics,1,1,False
com.rankworker,1,1,False
com.ranklogs,1,1,False
com.rankkking.cardpingv2,1,1,False
com.rankcusp,1,1,False
com.rankcert,1,1,False
com.random-profiles,1,1,False
com.rechargeapps,1,1,False
com.raised500,1,1,False
com.raintreeminerals,1,1,False
com.railway,1,1,False
com.rafeblandford,1,1,False
com.radzen.www,1,1,False
com.radveo,1,1,False
com.radar-cnpj,1,1,False
com.ratchetgate,1,1,False
com.rate-my-agent.mcp,1,1,False
com.ratevert,1,1,False
com.ratezip,1,1,False
com.recaloapp,1,1,False
com.recallvia,1,1,False
com.rebadgo,1,1,False
com.realworldapis,1,1,False
com.realoria,1,1,False
com.readyapis,1,1,False
com.readnpick,1,1,False
com.reactlive,1,1,False
com.reachmcp,1,1,False
com.rcs-campaigns,1,1,False
com.rcqsignals,1,1,False
com.rbxinvest,1,1,False
com.razarizwan,1,1,False
com.rattlesnakesbymail,1,1,False
com.rationalbloks,1,1,False
com.quriovai,1,1,False
com.quranmajeed.time,1,1,False
com.qumge,1,1,False
com.qualisend,1,1,False
com.qsimhealth,1,1,False
com.qronoplay,1,1,False
com.qretro,1,1,False
com.qr-top,1,1,False
com.qovery,1,1,False
com.qmailing,1,1,False
com.qencode,1,1,False
com.qarera,1,1,False
com.pythonanywhere.baseusdcearn,1,1,False
com.pvpwire,1,1,False
com.pv-solaire-energie,1,1,False
com.puter,1,1,False
com.purplegrain,1,1,False
com.purchaseplus,1,1,False
com.puppetry,1,1,False
com.qualequest,1,1,False
com.qualityclouds,1,1,False
com.quintadb,1,1,False
com.quallaa,1,1,False
com.quillcaddie.www,1,1,False
com.quietfailures,1,1,False
com.quicksnip,1,1,False
com.quicks3,1,1,False
com.queuesim,1,1,False
com.queryomega,1,1,False
com.querylines,1,1,False
com.quelvio,1,1,False
com.qubitsok,1,1,False
com.quantum-expectations,1,1,False
com.quanttogo,1,1,False
com.quantral,1,1,False
com.quantape,1,1,False
com.quantamentry,1,1,False
com.qualyhq,1,1,False
com.receivableledger,1,1,False
com.rechnerhq,1,1,False
com.punchlistworks,1,1,False
com.repuso,1,1,False
com.resadock,1,1,False
com.requly,1,1,False
com.reqosupply,1,1,False
com.reqnix,1,1,False
com.reqbeat,1,1,False
com.reputzo,1,1,False
com.reputemap,1,1,False
com.repsworkout,1,1,False
com.recipe-clipper,1,1,False
com.reps-log,1,1,False
com.reportingninja,1,1,False
com.replypen,1,1,False
com.replynodes,1,1,False
com.replyargus,1,1,False
com.rephonic,1,1,False
com.renzoprotocol,1,1,False
com.resetparatodos,1,1,False
com.resollo,1,1,False
com.resolvemesh,1,1,False
com.resustackapp,1,1,False
com.rhylthyme,1,1,False
com.revorbit,1,1,False
com.reviewvo,1,1,False
com.reviewflowz,1,1,False
com.revensi,1,1,False
com.revelica,1,1,False
com.revelata,1,1,False
com.revdoku,1,1,False
com.returnonsecurity,1,1,False
com.retirementvisacalculator,1,1,False
com.retirecrunch,1,1,False
com.retasc,1,1,False
com.retainvo,1,1,False
com.retainvia,1,1,False
com.retailreason,1,1,False
com.rentrolldesk,1,1,False
com.renovationroute,1,1,False
com.rendobar,1,1,False
com.regiai,1,1,False
com.refsee,1,1,False
com.reflexmcp,1,1,False
com.referralflooring,1,1,False
com.reelrifter,1,1,False
com.reelquoteai,1,1,False
com.redundancycalculatorireland,1,1,False
com.redreplier,1,1,False
com.redpanda,1,1,False
com.redirectboss,1,1,False
com.redbark,1,1,False
com.recoversolrent,1,1,False
com.reconzy,1,1,False
com.recognitium,1,1,False
com.recipes-daily,1,1,False
com.recipebooq,1,1,False
com.regfish,1,1,False
com.reglyze,1,1,False
com.renderball,1,1,False
com.regsentry,1,1,False
com.renacerpsicologico,1,1,False
com.remotejobscenter,1,1,False
com.remote-mcp,1,1,False
com.remoshift,1,1,False
com.remitdeck,1,1,False
com.remembermcp,1,1,False
com.relocation123,1,1,False
com.relmcrm,1,1,False
com.reliastats,1,1,False
com.reliasim,1,1,False
com.reletter,1,1,False
com.relentlessidentity,1,1,False
com.relaticle,1,1,False
com.rekvira,1,1,False
com.reilize,1,1,False
com.puppetflow,1,1,False
com.pulsemcp.servers,1,1,False
com.ricardovelit,1,1,False
com.playbykey,1,1,False
com.plixana,1,1,False
com.plexarm,1,1,False
com.plentopasto,1,1,False
com.plcsense,1,1,False
com.playwrightgen,1,1,False
com.playgama,1,1,False
com.playcallerapp,1,1,False
com.platequery,1,1,False
com.postedly,1,1,False
com.planningcenter,1,1,False
com.planifyapps,1,1,False
com.plainrouter,1,1,False
com.plainfreight,1,1,False
com.pixserp,1,1,False
com.pixfaro,1,1,False
com.pixelixe,1,1,False
com.plutus-cloud,1,1,False
com.plymove,1,1,False
com.po6,1,1,False
com.podkitapp,1,1,False
com.post-pulse,1,1,False
com.post-mesh,1,1,False
com.portscan,1,1,False
com.pontofato,1,1,False
com.ponito,1,1,False
com.pondchat,1,1,False
com.polytranslator,1,1,False
com.pokerink,1,1,False
com.pokemontcgapi,1,1,False
com.pointifytravels,1,1,False
com.pointerminerals,1,1,False
com.pointbagel,1,1,False
com.point-topic,1,1,False
com.podmule,1,1,False
com.podlexicon,1,1,False
com.pixelgust,1,1,False
com.pixelesq,1,1,False
com.pithflow,1,1,False
com.picsart.api,1,1,False
com.pickadive,1,1,False
com.picaos,1,1,False
com.phronesisintel,1,1,False
com.photoaistudio,1,1,False
com.phone-mcp,1,1,False
com.phone-bud,1,1,False
com.philstuff.korova,1,1,False
com.phasefolio,1,1,False
com.pga,1,1,False
com.pexafy,1,1,False
com.petforai,1,1,False
com.petabloom,1,1,False
com.pestpin,1,1,False
com.persuadioai,1,1,False
com.personyze,1,1,False
com.pickpathly,1,1,False
com.pikasim,1,1,False
com.pitchcentric,1,1,False
com.pillargtm,1,1,False
com.pitbridge,1,1,False
com.pirchjobs,1,1,False
com.piratefly,1,1,False
com.pipiwaitrailmaui,1,1,False
com.pinsvit,1,1,False
com.pinnwire,1,1,False
com.pinnodds,1,1,False
com.pingvera,1,1,False
com.pingvalid,1,1,False
com.pingfyr,1,1,False
com.pinch-app,1,1,False
com.pinappai,1,1,False
com.pilotmyx,1,1,False
com.pilotgentic,1,1,False
com.pilot-next,1,1,False
com.postassembly,1,1,False
com.postgate-ai,1,1,False
com.pulseem,1,1,False
com.project-feldspar,1,1,False
com.promptibus,1,1,False
com.promptfrenzy,1,1,False
com.promptafire.marketing,1,1,False
com.promotionpros,1,1,False
com.prominara,1,1,False
com.projectpaced,1,1,False
com.projectfingerprint,1,1,False
com.programme-tv-noel,1,1,False
com.postlia,1,1,False
com.programacionsiemens,1,1,False
com.progenly,1,1,False
com.proflightsearch,1,1,False
com.profitpather,1,1,False
com.profitforpartners,1,1,False
com.produktly,1,1,False
com.productclank,1,1,False
com.promptot,1,1,False
com.promptswing,1,1,False
com.promtpress,1,1,False
com.proofite,1,1,False
com.publora,1,1,False
com.publicsignaldata,1,1,False
com.publicdataoracle,1,1,False
com.ptoroom,1,1,False
com.psychiatryforkids,1,1,False
com.prsicalculator,1,1,False
com.proxylink-mcp,1,1,False
com.proxycove,1,1,False
com.prowlo,1,1,False
com.provision-stack,1,1,False
com.providersignal,1,1,False
com.proservicesprices,1,1,False
com.propfirmpicker,1,1,False
com.proofzo,1,1,False
com.prooflayered,1,1,False
com.procedurecostchecker,1,1,False
com.probeledger,1,1,False
com.probe402,1,1,False
com.predixsport,1,1,False
com.predictleads,1,1,False
com.predictasiax,1,1,False
com.precision-concretecoating,1,1,False
com.pptogo,1,1,False
com.pptdepot,1,1,False
com.ppn-hub,1,1,False
com.ppmly,1,1,False
com.powerstationplatform,1,1,False
com.powerpoint-sucks,1,1,False
com.powerexpertindia,1,1,False
com.powerdmarc,1,1,False
com.potterysupplieshq,1,1,False
com.potomacledger,1,1,False
com.postrippl,1,1,False
com.postman,1,1,False
com.prediohq,1,1,False
com.predme,1,1,False
com.proabono,1,1,False
com.premierletters,1,1,False
com.prizmad,1,1,False
com.prismfact,1,1,False
com.prismclip,1,1,False
com.printyourduck,1,1,False
com.printonic,1,1,False
com.printinglabs,1,1,False
com.printhiv3d,1,1,False
com.primerfp.scout,1,1,False
com.primereviewspro,1,1,False
com.primecutsnursery,1,1,False
com.pricetik,1,1,False
com.preteworks,1,1,False
com.presscart,1,1,False
com.presenterprep,1,1,False
com.prereason,1,1,False
com.ribqa,1,1,False
com.riddle,1,1,False
com.permitreporter,1,1,False
com.shortcodo,1,1,False
com.shotsforbots,1,1,False
com.shotpulled,1,1,False
com.shotlingo,1,1,False
com.shotanvil.api,1,1,False
com.shorttext,1,1,False
com.shortpixel.mcp,1,1,False
com.shortgenius,1,1,False
com.shipstatic,1,1,False
com.simplecohortllc.bible,1,1,False
com.shippo,1,1,False
com.shippebble,1,1,False
com.shipmyform,1,1,False
com.ship24,1,1,False
com.shinobidata,1,1,False
com.shilpibuilder,1,1,False
com.shiftyasan,1,1,False
com.showmeonmap,1,1,False
com.shpbl,1,1,False
com.sibfly,1,1,False
com.sidecardata,1,1,False
com.silicann,1,1,False
com.sigparser,1,1,False
com.signvoy,1,1,False
com.signed,1,1,False
com.signatureforever,1,1,False
com.signagespace,1,1,False
com.sigmadiario,1,1,False
com.siglume,1,1,False
com.siglata,1,1,False
com.sigistry,1,1,False
com.sigasi,1,1,False
com.sigaoli,1,1,False
com.siftvo,1,1,False
com.siftivo,1,1,False
com.siftdex,1,1,False
com.shiftinbits,1,1,False
com.sherweb,1,1,False
com.sharprod,1,1,False
com.serpstat,1,1,False
com.serp-agent,1,1,False
com.serdaroztetik,1,1,False
com.seranking,1,1,False
com.sequentum,1,1,False
com.seqbench,1,1,False
com.seomely,1,1,False
com.seogrep,1,1,False
com.senzing,1,1,False
com.senzii,1,1,False
com.sentientmail,1,1,False
com.senprints.mcp,1,1,False
com.sendyouragent,1,1,False
com.sendthisfax,1,1,False
com.sendseven,1,1,False
com.sendquotenow,1,1,False
com.serpdive,1,1,False
com.serpzilla,1,1,False
com.sharpnel-trading,1,1,False
com.server4agent,1,1,False
com.shareseer,1,1,False
com.sharedpersistence,1,1,False
com.shaq-log,1,1,False
com.shamra-academia,1,1,False
com.shaftware,1,1,False
com.sgpropertydata,1,1,False
com.sfxmint,1,1,False
com.seturos,1,1,False
com.setlineapp,1,1,False
com.setix,1,1,False
com.setfork,1,1,False
com.sessionario,1,1,False
com.session-replay,1,1,False
com.servicialo,1,1,False
com.servghost,1,1,False
com.siliconfriendly,1,1,False
com.simpliers,1,1,False
com.sendpageapp,1,1,False
com.soapnoteapi,1,1,False
com.socialneuron,1,1,False
com.sociallisteningapi,1,1,False
com.socialfaktory,1,1,False
com.socialcooks,1,1,False
com.socialchamp,1,1,False
com.sociahive,1,1,False
com.soapvo,1,1,False
com.snugplanner,1,1,False
com.simplywarmup,1,1,False
com.snopekgames,1,1,False
com.snitcher,1,1,False
com.snipzr,1,1,False
com.snipmat,1,1,False
com.sneaker-hub,1,1,False
com.snaptoll,1,1,False
com.snapshot-site,1,1,False
com.socialtoai,1,1,False
com.sofiastage,1,1,False
com.softician.examprep,1,1,False
com.softkiln,1,1,False
com.sonlightwindow,1,1,False
com.songstoyoureyes,1,1,False
com.sonenta,1,1,False
com.sonatype,1,1,False
com.sonarconnections,1,1,False
com.somosvelora,1,1,False
com.somdewan,1,1,False
com.solvscore,1,1,False
com.solvicus,1,1,False
com.solonai,1,1,False
com.solofire,1,1,False
com.solinkify,1,1,False
com.soleilpictures,1,1,False
com.softwarepricingindex,1,1,False
com.softwareengineeringprofessional,1,1,False
com.snapog,1,1,False
com.smplkit,1,1,False
com.smklog,1,1,False
com.skiplagged,1,1,False
com.skillssafe,1,1,False
com.skillsail,1,1,False
com.skillmd,1,1,False
com.skillforge99,1,1,False
com.ski-france,1,1,False
com.skeletiq,1,1,False
com.situationatlas,1,1,False
com.sittingly,1,1,False
com.sitesplaced,1,1,False
com.sitelemetry,1,1,False
com.sitelas,1,1,False
com.sitecurl,1,1,False
com.sinhvu,1,1,False
com.singsk,1,1,False
com.singlefax,1,1,False
com.skingrind,1,1,False
com.skipseek,1,1,False
com.smiaware.mcp,1,1,False
com.skipshit,1,1,False
com.smartmoney77,1,1,False
com.smartling,1,1,False
com.smartledmessenger,1,1,False
com.smarthomeexplorer.www,1,1,False
com.smart-me,1,1,False
com.slidetok,1,1,False
com.slidesfly,1,1,False
com.slickfast,1,1,False
com.sleekplan,1,1,False
com.slashyear,1,1,False
com.skyalo,1,1,False
com.skyaccess,1,1,False
com.skulayer,1,1,False
com.skopik,1,1,False
com.skitransferquotes,1,1,False
com.sendpulse.mcp,1,1,False
com.sendifai,1,1,False
com.ridotaxi,1,1,False
com.runbookdesk,1,1,False
com.runsheetly,1,1,False
com.runriva.quizbase,1,1,False
com.runoscript,1,1,False
com.runmirrors,1,1,False
com.runmemento,1,1,False
com.runekist,1,1,False
com.runcabin,1,1,False
com.runable,1,1,False
com.santosautomation,1,1,False
com.run402.zhiji-signal,1,1,False
com.run402.zhiji-daily-report,1,1,False
com.run402.llm-router,1,1,False
com.run402,1,1,False
com.rumboar,1,1,False
com.rulemesh,1,1,False
com.ruddia,1,1,False
com.runvouch,1,1,False
com.runwayze,1,1,False
com.ruscrape,1,1,False
com.rustyonmars,1,1,False
com.sandbox-as-a-service,1,1,False
com.sanbernardorefugio,1,1,False
com.salvagesignal,1,1,False
com.salsavida,1,1,False
com.salesql,1,1,False
com.sailtix,1,1,False
com.safe-mcp,1,1,False
com.sacristo,1,1,False
com.saaskr,1,1,False
com.saaskly,1,1,False
com.saasdossier,1,1,False
com.saasbrowser,1,1,False
com.rzailabs,1,1,False
com.ryxell,1,1,False
com.ruzora,1,1,False
com.rubrkit,1,1,False
com.rti,1,1,False
com.rtcstats,1,1,False
com.robtex,1,1,False
com.robopartpicker,1,1,False
com.roboflow,1,1,False
com.robinsaige,1,1,False
com.robbiegeorgephotography,1,1,False
com.roamflat,1,1,False
com.roam2go,1,1,False
com.rmmcompare,1,1,False
com.rixfreight-group,1,1,False
com.riverscript,1,1,False
com.rivalsweeper,1,1,False
com.ritzademo,1,1,False
com.risetive,1,1,False
com.ripostiq,1,1,False
com.rigorloop,1,1,False
com.rightaichoice,1,1,False
com.roboselect360,1,1,False
com.rocket-core.intel,1,1,False
com.rssatlas,1,1,False
com.rocsite,1,1,False
com.royashbrook,1,1,False
com.royalplugins,1,1,False
com.rowhint,1,1,False
com.rovvafrica,1,1,False
com.routavo,1,1,False
com.roughindesk,1,1,False
com.rotazo,1,1,False
com.rootly,1,1,False
com.rooquiz,1,1,False
com.roofingquotesuk,1,1,False
com.rolnia,1,1,False
com.rollupvo,1,1,False
com.rollcallworks,1,1,False
com.roleora,1,1,False
com.rohithmariyala,1,1,False
com.santismm,1,1,False
com.santyvv,1,1,False
com.senderkit,1,1,False
com.scrykeeper,1,1,False
com.secdim,1,1,False
com.seatwifi,1,1,False
com.seatswiper,1,1,False
com.searchfragments,1,1,False
com.searcherlite,1,1,False
com.searchcode,1,1,False
com.sdukstudio,1,1,False
com.scrubmytext,1,1,False
com.sapiensinteticos,1,1,False
com.scrollport,1,1,False
com.scriptivox.www,1,1,False
com.scribe-mail,1,1,False
com.scribblecards,1,1,False
com.screvi,1,1,False
com.screenshotscout,1,1,False
com.screenshotink,1,1,False
com.secondappraisal,1,1,False
com.secondopinionx402,1,1,False
com.securecloudstorage,1,1,False
com.securesvault,1,1,False
com.sendaparcelcompare,1,1,False
com.sendameal,1,1,False
com.sematryx,1,1,False
com.sema-lang,1,1,False
com.sellmybusinessquotes,1,1,False
com.sellablescore,1,1,False
com.selfping,1,1,False
com.selfielabstudio,1,1,False
com.sekkeiflow,1,1,False
com.seishorei-wakarukun,1,1,False
com.seggwat,1,1,False
com.seespectral,1,1,False
com.seenpaid,1,1,False
com.see-geo,1,1,False
com.sednasystem,1,1,False
com.screensdesign,1,1,False
com.screenmocks,1,1,False
com.scraptik,1,1,False
com.scanlabsai,1,1,False
com.scadaminer,1,1,False
com.sbarvo,1,1,False
com.saymetry,1,1,False
com.savvly,1,1,False
com.savingslast,1,1,False
com.saveproptax,1,1,False
com.saveonphone,1,1,False
com.savee,1,1,False
com.savantisai,1,1,False
com.saunacoldplungecompare,1,1,False
com.saudicompanysetupcost,1,1,False
com.satmarin,1,1,False
com.sarkoa,1,1,False
com.sarabalawson,1,1,False
com.sapthumbprint,1,1,False
com.scaffoldingcostcalculator,1,1,False
com.scanmalware.mcp,1,1,False
com.scrapingant,1,1,False
com.scannd,1,1,False
com.scraper-api,1,1,False
com.scrapeer,1,1,False
com.scrap-autos,1,1,False
com.scoutapm,1,1,False
com.scopelinq,1,1,False
com.scopedly,1,1,False
com.scmodeling,1,1,False
com.scientificmicroservices,1,1,False
com.schedulenchill,1,1,False
com.schedulala,1,1,False
com.schedchie.www,1,1,False
com.scentverdict,1,1,False
com.scenef,1,1,False
com.scanverity,1,1,False
com.scanverion,1,1,False
com.persimmonhq,1,1,False
com.perkusai,1,1,False
com.letagentsin,1,1,False
com.melvea,1,1,False
com.mencoro,1,1,False
com.memxus,1,1,False
com.memsprout,1,1,False
com.memotrader,1,1,False
com.memoryplugin,1,1,False
com.memfleet,1,1,False
com.memesio,1,1,False
com.meltema,1,1,False
com.metricprovenance,1,1,False
com.mellowmountainradio.mcp,1,1,False
com.meistertask,1,1,False
com.meetvalis,1,1,False
com.meetsponsors,1,1,False
com.meetergo,1,1,False
com.meetdewey,1,1,False
com.meertrack,1,1,False
com.mendapi,1,1,False
com.mentiondrop,1,1,False
com.mentioned-on,1,1,False
com.mentionkit,1,1,False
com.metaltakip,1,1,False
com.metalroofcostcalculator,1,1,False
com.metalminer,1,1,False
com.meta-council,1,1,False
com.meshkore,1,1,False
com.merxat,1,1,False
com.merofoundry,1,1,False
com.mermaidchart,1,1,False
com.merlonix,1,1,False
com.meritvalue,1,1,False
com.meridiantrace,1,1,False
com.merchsage,1,1,False
com.merchinary,1,1,False
com.merchantwords,1,1,False
com.mentionry,1,1,False
com.medusajs,1,1,False
com.medspacostchecker,1,1,False
com.medrecpro,1,1,False
com.mcpcheckup,1,1,False
com.mcpcalc,1,1,False
com.mcp-revenue-empire,1,1,False
com.mcp-interfaces,1,1,False
com.mcp-ads,1,1,False
com.maxvideoai,1,1,False
com.maxoperf,1,1,False
com.maximumsats,1,1,False
com.matterfact,1,1,False
com.matrajs,1,1,False
com.mathismeadows,1,1,False
com.mathieuberthet,1,1,False
com.materialscodegraph,1,1,False
com.matchoffice,1,1,False
com.masterdiego,1,1,False
com.maskbreak,1,1,False
com.mcpcensus,1,1,False
com.mcpemails,1,1,False
com.medplum,1,1,False
com.mcplocker,1,1,False
com.medicareplancomparison,1,1,False
com.medianfi,1,1,False
com.medcontra,1,1,False
com.med-dent24,1,1,False
com.measuretechpro,1,1,False
com.mdtidy,1,1,False
com.md-log,1,1,False
com.mcpweave,1,1,False
com.mcpvillage,1,1,False
com.mcptoplist,1,1,False
com.mcpsearchconsole,1,1,False
com.mcprush,1,1,False
com.mcpqueen,1,1,False
com.mcpmux,1,1,False
com.mcplookup,1,1,False
com.metricduck,1,1,False
com.metricspot,1,1,False
com.marutap,1,1,False
com.movesurge,1,1,False
com.mr-bridge,1,1,False
com.mprpcalculator,1,1,False
com.mozonic,1,1,False
com.mozilladatacollective,1,1,False
com.moxlade,1,1,False
com.mowrouteworks,1,1,False
com.movingplace,1,1,False
com.move-studios,1,1,False
com.mettakin,1,1,False
com.mostrecommendedbooks,1,1,False
com.mosadd,1,1,False
com.moregoodreviews,1,1,False
com.moonlora,1,1,False
com.moodlemcp,1,1,False
com.monthendly,1,1,False
com.monopoly-gold.planner,1,1,False
com.mrtrades,1,1,False
com.mspmcp,1,1,False
com.mtgbench,1,1,False
com.mttrly,1,1,False
com.mux,1,1,False
com.mustvo,1,1,False
com.mustertheforce,1,1,False
com.musevate,1,1,False
com.murphys-laws,1,1,False
com.munispot,1,1,False
com.muninx,1,1,False
com.munimind,1,1,False
com.multyplylabs,1,1,False
com.multiplesbook,1,1,False
com.multilocale,1,1,False
com.multilo,1,1,False
com.multicinesortega,1,1,False
com.multi-upload-tool,1,1,False
com.mukoko,1,1,False
com.monikaskorykow,1,1,False
com.moneyyoureowed,1,1,False
com.monday,1,1,False
com.minkapp,1,1,False
com.miniaturepaintscompare,1,1,False
com.mindtheproduct,1,1,False
com.mindmeister,1,1,False
com.minddory,1,1,False
com.mimikflow,1,1,False
com.milotche,1,1,False
com.milewiseai,1,1,False
com.midvash,1,1,False
com.midax402,1,1,False
com.microsoft.esrp,1,1,False
com.michaelghelfistudios,1,1,False
com.micarequirements,1,1,False
com.mhsbloom,1,1,False
com.mfgcalcs,1,1,False
com.meuvelmo,1,1,False
com.minimindslab.mcp,1,1,False
com.minradar,1,1,False
com.momenticmarketing,1,1,False
com.mintverdict,1,1,False
com.moltravel,1,1,False
com.moltarch,1,1,False
com.mojalab,1,1,False
com.mographr,1,1,False
com.modmillennialdesigns,1,1,False
com.modelsagree,1,1,False
com.modelpricewatch,1,1,False
com.mock-server,1,1,False
com.mobopinions,1,1,False
com.mobile-text-alerts,1,1,False
com.mobbin,1,1,False
com.mixer4ai,1,1,False
com.missourifoundationrepaircost,1,1,False
com.missionforhire,1,1,False
com.mireye,1,1,False
com.mashzo,1,1,False
com.mart402,1,1,False
com.mvisionpro,1,1,False
com.logokit,1,1,False
com.loopgantt,1,1,False
com.loopertask,1,1,False
com.loomascale,1,1,False
com.longtailo,1,1,False
com.longserviceleavecalc,1,1,False
com.longbridge,1,1,False
com.logospell,1,1,False
com.logiccommons,1,1,False
com.luniumpay,1,1,False
com.lodikidsactivities,1,1,False
com.lodekeep,1,1,False
com.lockally,1,1,False
com.localtonet,1,1,False
com.localkiagent,1,1,False
com.localhelpnow,1,1,False
com.localcan,1,1,False
com.loopingagent,1,1,False
com.loopwise,1,1,False
com.loopxxi,1,1,False
com.loppee,1,1,False
com.lunarwerx,1,1,False
com.lumnika,1,1,False
com.lumethic,1,1,False
com.lugtorq,1,1,False
com.lucyesl,1,1,False
com.luckmeai,1,1,False
com.lucidrents,1,1,False
com.lucernanoetica,1,1,False
com.lpreportly,1,1,False
com.loxoneai,1,1,False
com.lowvyn,1,1,False
com.lowerscript,1,1,False
com.lotsofsounds,1,1,False
com.lorensaisolutions.preflight,1,1,False
com.loppix,1,1,False
com.local-mcp,1,1,False
com.loc8id,1,1,False
com.lobbyvoices,1,1,False
com.limslane,1,1,False
com.lillytechsystems,1,1,False
com.lilla-alva,1,1,False
com.lightsyncpro,1,1,False
com.lightres,1,1,False
com.lightbringer,1,1,False
com.lifttrackapp,1,1,False
com.liftmcp,1,1,False
com.lifescored,1,1,False
com.lifelongedge,1,1,False
com.liedetectortest,1,1,False
com.levelroam,1,1,False
com.lettza,1,1,False
com.letta,1,1,False
com.letsweft,1,1,False
com.letshum,1,1,False
com.limrun,1,1,False
com.limzo,1,1,False
com.lobbyvo,1,1,False
com.linatora,1,1,False
com.loadster,1,1,False
com.llmnesia,1,1,False
com.llmabacus,1,1,False
com.llm-bus,1,1,False
com.llclane,1,1,False
com.liz6,1,1,False
com.litescrape,1,1,False
com.listprelo,1,1,False
com.lionx402,1,1,False
com.linkrra,1,1,False
com.linkonda,1,1,False
com.linklyhq,1,1,False
com.linkbreakers,1,1,False
com.liner,1,1,False
com.linebreakapp,1,1,False
com.luneresearch,1,1,False
com.lunoo,1,1,False
com.markustenghamn,1,1,False
com.mamanida,1,1,False
com.manyscripts,1,1,False
com.mangoinventory,1,1,False
com.mangofolio,1,1,False
com.mandatzo,1,1,False
com.mandateshield,1,1,False
com.managelm,1,1,False
com.mamoie,1,1,False
com.malwagon,1,1,False
com.lusha.mcp,1,1,False
com.maltaworkpermitchecker,1,1,False
com.maltavatregistration,1,1,False
com.maltataxrefundcalculator,1,1,False
com.maltastampduty,1,1,False
com.maltaresidencycost,1,1,False
com.maltapropertytax,1,1,False
com.maltapayrollcalculator,1,1,False
com.mapadecaborojo,1,1,False
com.maplith,1,1,False
com.mapmelon,1,1,False
com.mareaalcalina,1,1,False
com.markupbird,1,1,False
com.markupbase,1,1,False
com.markmesh,1,1,False
com.markifact,1,1,False
com.marketinque,1,1,False
com.marketcaper,1,1,False
com.marketaiverse,1,1,False
com.market0x,1,1,False
com.market-graphs,1,1,False
com.market-category-booster,1,1,False
com.marineinsurancecost,1,1,False
com.marginofinsight,1,1,False
com.marginglow,1,1,False
com.margeoapp,1,1,False
com.maregeu,1,1,False
com.maltacryptolicence,1,1,False
com.maltacompanycost,1,1,False
com.malgorath.scrub-mcp,1,1,False
com.maevesocial,1,1,False
com.madeinmexicosuppliers,1,1,False
com.macroaxis,1,1,False
com.machineinbox,1,1,False
com.machineeconomyobservatory,1,1,False
com.macfax,1,1,False
com.mabl,1,1,False
com.maatsii,1,1,False
com.lyssna,1,1,False
com.lyricpatch,1,1,False
com.lyrenth,1,1,False
com.lvlupauto,1,1,False
com.lvlltd,1,1,False
com.luxurylodgingpm.stay,1,1,False
com.lutolearn,1,1,False
com.luthersystems.insideout,1,1,False
com.madvisorfees,1,1,False
com.maggiegeller,1,1,False
com.makometrics,1,1,False
com.magnificentjobs,1,1,False
com.makespdf,1,1,False
com.makerreels,1,1,False
com.make,1,1,False
com.mailyond,1,1,False
com.mailtempo,1,1,False
com.mailrith,1,1,False
com.mailopoly,1,1,False
com.mailmergepdf,1,1,False
com.mailinapp,1,1,False
com.mailfixture,1,1,False
com.mailcheer,1,1,False
com.mailbuttons,1,1,False
com.mailbox-mcp,1,1,False
com.maha-os,1,1,False
com.magstackonline,1,1,False
com.muzecmo,1,1,False
com.my-tv-channel,1,1,False
com.perdiemo,1,1,False
com.orioralabs,1,1,False
com.otherlay,1,1,False
com.osir,1,1,False
com.oshyn,1,1,False
com.osboon,1,1,False
com.oryksa,1,1,False
com.orshot,1,1,False
com.orisha-data,1,1,False
com.origineparis,1,1,False
com.pagegoat,1,1,False
com.orgplanly,1,1,False
com.orgbix,1,1,False
com.organikpi,1,1,False
com.orderpadledger,1,1,False
com.orchyn,1,1,False
com.orbylon,1,1,False
com.orbismo,1,1,False
com.ottotheagent,1,1,False
com.ou-reports,1,1,False
com.outagedeck,1,1,False
com.outliyr,1,1,False
com.pactlio,1,1,False
com.packagento,1,1,False
com.pack4back,1,1,False
com.pacelabintervals,1,1,False
com.ownvscharter,1,1,False
com.ownerspec,1,1,False
com.owlgrouptrading,1,1,False
com.owlcad,1,1,False
com.ovrsea.mcp,1,1,False
com.oviond,1,1,False
com.ovhcloud.eu.mcp,1,1,False
com.overskill,1,1,False
com.overlayqa,1,1,False
com.overlap-ai,1,1,False
com.outsourceditsupportquotes,1,1,False
com.opuslumiere,1,1,False
com.optionsbell,1,1,False
com.optionsanalysissuite,1,1,False
com.oolkin,1,1,False
com.onvexia,1,1,False
com.ontonym,1,1,False
com.ontarioprotocol,1,1,False
com.onrender.coverintent-network,1,1,False
com.onlyworlds,1,1,False
com.onlyharness,1,1,False
com.onlineshippingcalculator,1,1,False
com.onlinecomponents,1,1,False
com.onkernel,1,1,False
com.onestori,1,1,False
com.oneshotpacks,1,1,False
com.ones,1,1,False
com.onepagecrm,1,1,False
com.onelasso,1,1,False
com.oneheartesim.mcp,1,1,False
com.onymu,1,1,False
com.ootworacle.www,1,1,False
com.opsmill,1,1,False
com.opedd,1,1,False
com.opslevel,1,1,False
com.opexvo,1,1,False
com.openwakeword,1,1,False
com.opentransporthub,1,1,False
com.opentaskrelay,1,1,False
com.opensolr,1,1,False
com.openshopgraph,1,1,False
com.openrevenue,1,1,False
com.openpublica,1,1,False
com.openmedici,1,1,False
com.openmapp,1,1,False
com.openhousecopilot,1,1,False
com.openephemeris,1,1,False
com.openagenda,1,1,False
com.open-and-async,1,1,False
com.padlet,1,1,False
com.pagerankcafe,1,1,False
com.onchaindiligence,1,1,False
com.paywallcompass,1,1,False
com.pdfia,1,1,False
com.pdfhaul.www,1,1,False
com.pdfgate,1,1,False
com.pdf-redaction,1,1,False
com.pcrzero,1,1,False
com.pcblt,1,1,False
com.paywithlocus,1,1,False
com.paysafe-agent,1,1,False
com.pageree,1,1,False
com.payrollservicesquotes,1,1,False
com.payrent,1,1,False
com.paypal.mcp,1,1,False
com.payforapi,1,1,False
com.paxalabs,1,1,False
com.pawlisty,1,1,False
com.patternsradar,1,1,False
com.pdfintact,1,1,False
com.pdfinvoiceapi,1,1,False
com.pdoccalculator,1,1,False
com.pearl.mcp,1,1,False
com.perdiemdesk,1,1,False
com.peptul,1,1,False
com.peppyneuron,1,1,False
com.peppolstatus,1,1,False
com.pepevolution,1,1,False
com.peopleprincipia,1,1,False
com.peoplecanbuild,1,1,False
com.peopleanalyticstoolbox,1,1,False
com.peopleanalyst,1,1,False
com.pentonym,1,1,False
com.pentest-tools,1,1,False
com.pennyocr,1,1,False
com.peerpush,1,1,False
com.peeptrend,1,1,False
com.peek,1,1,False
com.patientvo,1,1,False
com.pathcoursehealth,1,1,False
com.pastesheet,1,1,False
com.parallaxvinc,1,1,False
com.paperswithbacktest,1,1,False
com.papayapay.consumer-production.mcp-agent,1,1,False
com.papacasper,1,1,False
com.pantts,1,1,False
com.pantrypersona,1,1,False
com.pantryaide,1,1,False
com.pangolinfo,1,1,False
com.pandanpc,1,1,False
com.pandadoc.mcp,1,1,False
com.pally,1,1,False
com.palatemcp,1,1,False
com.palaner,1,1,False
com.paladinfi,1,1,False
com.pakistancaselaw,1,1,False
com.pairoa,1,1,False
com.parad1gm,1,1,False
com.parameterfit,1,1,False
com.pastepile,1,1,False
com.parcellaunch,1,1,False
com.pasteapply,1,1,False
com.passportcraft,1,1,False
com.partstable,1,1,False
com.partnro,1,1,False
com.partglyph,1,1,False
com.parsestream,1,1,False
com.parsely.dash,1,1,False
com.parseium,1,1,False
com.parsebounce,1,1,False
com.parseapi,1,1,False
com.parlel,1,1,False
com.parlayx,1,1,False
com.parkinzi,1,1,False
com.parkerfawcett,1,1,False
com.pariflow,1,1,False
com.oneaiguide,1,1,False
com.omniwatchguard,1,1,False
com.myagentda,1,1,False
com.netgenium,1,1,False
com.newrelic,1,1,False
com.neuronsearchlab,1,1,False
com.neuroflash,1,1,False
com.neurocompare,1,1,False
com.neurobird,1,1,False
com.neurarelay,1,1,False
com.netsheetly,1,1,False
com.netentropyscore,1,1,False
com.nivelrisk,1,1,False
com.nessgate,1,1,False
com.nesimplicity,1,1,False
com.neptunecigar,1,1,False
com.neon,1,1,False
com.neilpatelapi,1,1,False
com.neiceban.piay,1,1,False
com.negativeev,1,1,False
com.newscatcherapi,1,1,False
com.newsmcp,1,1,False
com.newtqnia,1,1,False
com.nexaaly,1,1,False
com.nittim,1,1,False
com.nitrosend,1,1,False
com.nirvanahq,1,1,False
com.nintact,1,1,False
com.ninebix,1,1,False
com.nimcoffee,1,1,False
com.nimble.app,1,1,False
com.nilyo,1,1,False
com.nikhilkulkarni1755,1,1,False
com.niftypm,1,1,False
com.nicheangle,1,1,False
com.nicevois,1,1,False
com.nibomo,1,1,False
com.nflmcp,1,1,False
com.nexus-catalyst,1,1,False
com.neblla,1,1,False
com.nearshorefinder,1,1,False
com.naxytra,1,1,False
com.myprivacyagent,1,1,False
com.myncellium.paid,1,1,False
com.mylinedchart,1,1,False
com.myinsurebank,1,1,False
com.myinfluenceai,1,1,False
com.myhuiban.www,1,1,False
com.myhairmailtools,1,1,False
com.mydriverparis,1,1,False
com.mycloudclaw,1,1,False
com.myclawn,1,1,False
com.mycardfolio,1,1,False
com.mybiblecopilot,1,1,False
com.mybankstatementanalysis,1,1,False
com.myappstoreranking,1,1,False
com.myagentmail,1,1,False
com.myagentinbox,1,1,False
com.myoamigo,1,1,False
com.mysherah,1,1,False
com.nautaai,1,1,False
com.mystoq,1,1,False
com.natgaslens,1,1,False
com.natalcompass,1,1,False
com.narrowhighway,1,1,False
com.nanostudiopro,1,1,False
com.nannykeeper.www,1,1,False
com.namingsignal,1,1,False
com.nameshift,1,1,False
com.namebrewery,1,1,False
com.nalpeiron.docs,1,1,False
com.naibul,1,1,False
com.nahook,1,1,False
com.nabarfinder,1,1,False
com.n0brains,1,1,False
com.mythsensus,1,1,False
com.mysupermarket,1,1,False
com.niubiagent,1,1,False
com.nizh,1,1,False
com.omnara,1,1,False
com.oceanalt,1,1,False
com.oddsradarwire,1,1,False
com.oddiwire,1,1,False
com.octurasolutions,1,1,False
com.octoparse,1,1,False
com.octolens,1,1,False
com.octo-dock,1,1,False
com.oceanbuilders,1,1,False
com.obsmetrics.paygent,1,1,False
com.nlqdb,1,1,False
com.obriym-crm,1,1,False
com.obligationsign.mcp,1,1,False
com.obeliskgate,1,1,False
com.o11r,1,1,False
com.nyxory,1,1,False
com.nyx-intelligence,1,1,False
com.nvidia.ngc.nsight.copilot.api,1,1,False
com.odilelabs,1,1,False
com.odooconsole,1,1,False
com.ofacscreen,1,1,False
com.offdayly,1,1,False
com.omeletteindex,1,1,False
com.olympus-bets,1,1,False
com.oliverkiss,1,1,False
com.oldcarsdata,1,1,False
com.oksigenia,1,1,False
com.oklahomafoundationrepaircost,1,1,False
com.okdocai,1,1,False
com.okareo,1,1,False
com.ohioroofreplacementcost,1,1,False
com.ohfax,1,1,False
com.oheyinc,1,1,False
com.ogstamp,1,1,False
com.offnadir-delta,1,1,False
com.offlinecreatorstudio,1,1,False
com.offensive360,1,1,False
com.nuverlabs,1,1,False
com.nusii,1,1,False
com.nursinghomedatabase,1,1,False
com.norvstar,1,1,False
com.northerngo,1,1,False
com.normatia,1,1,False
com.nooticr,1,1,False
com.nontoxicnook,1,1,False
com.nomnaviet,1,1,False
com.nombrio,1,1,False
com.nomadforecast,1,1,False
com.nolizi.calendar,1,1,False
com.nofovo,1,1,False
com.nocticas,1,1,False
com.noctaracorp,1,1,False
com.nocompensation,1,1,False
com.nocodeexits,1,1,False
com.nobleblocks,1,1,False
com.nmjib,1,1,False
com.northreachinteractive,1,1,False
com.noseforleads,1,1,False
com.numezis,1,1,False
com.noteboxd,1,1,False
com.numeratica,1,1,False
com.numbru,1,1,False
com.nullpath,1,1,False
com.nuevedediciembre,1,1,False
com.nuditok,1,1,False
com.nudgehost,1,1,False
com.ntop,1,1,False
com.npledger,1,1,False
com.nowgetitdone,1,1,False
com.nourishvedha,1,1,False
com.notion,1,1,False
com.noticeperiodireland,1,1,False
com.noticeperiodaustralia,1,1,False
com.notepom,1,1,False
com.notemcp,1,1,False
com.clauxel.hyperframesrender,1,1,False
com.clauxel.genaispanmapper,1,1,False
com.clauxel.geminiupgradeqa,1,1,False
ai.tegas,1,1,False
ai.testiv,1,1,False
ai.tessen,1,1,False
ai.tenderhunt,1,1,False
ai.tellers.mcp,1,1,False
ai.tellas.bip,1,1,False
ai.telbase,1,1,False
ai.tekboss,1,1,False
ai.teentherapy,1,1,False
ai.tinyfish.agent,1,1,False
ai.teenpsychiatry,1,1,False
ai.teenanxiety,1,1,False
ai.teenadhd,1,1,False
ai.taskive,1,1,False
ai.taskforcehq,1,1,False
ai.taskfolk,1,1,False
ai.taskaid,1,1,False
ai.tetrees.ex,1,1,False
ai.theaggregate,1,1,False
ai.theautomators,1,1,False
ai.thebetterhire,1,1,False
ai.timix,1,1,False
ai.timeplex,1,1,False
ai.timeml,1,1,False
ai.tickettailor,1,1,False
ai.tickerscout,1,1,False
ai.thrivee,1,1,False
ai.threadminder,1,1,False
ai.thoughtbox.api,1,1,False
ai.thiri,1,1,False
ai.thinkpattern,1,1,False
ai.thinkneo,1,1,False
ai.thewholetorah,1,1,False
ai.thesingulariti,1,1,False
ai.thedrain,1,1,False
ai.thebotique.www,1,1,False
ai.syntology,1,1,False
ai.syntitan,1,1,False
ai.syntheticbrew,1,1,False
ai.starsinger,1,1,False
ai.stackeasy,1,1,False
ai.ssid,1,1,False
ai.spritecook,1,1,False
ai.spmos,1,1,False
ai.spiderbrain,1,1,False
ai.spicygen,1,1,False
ai.spendline,1,1,False
ai.speko,1,1,False
ai.specproof,1,1,False
ai.spala,1,1,False
ai.sovantica,1,1,False
ai.solenium,1,1,False
ai.social-api,1,1,False
ai.snowsure,1,1,False
ai.snowdata,1,1,False
ai.starreel,1,1,False
ai.statemind,1,1,False
ai.synlake,1,1,False
ai.statey,1,1,False
ai.synchronex,1,1,False
ai.switchapp,1,1,False
ai.svtr,1,1,False
ai.susurration,1,1,False
ai.surfingdog,1,1,False
ai.superfact,1,1,False
ai.supercut,1,1,False
ai.sugra,1,1,False
ai.subscribr,1,1,False
ai.stumpy,1,1,False
ai.structupath,1,1,False
ai.strix,1,1,False
ai.streamclipping,1,1,False
ai.stompy,1,1,False
ai.statshawk,1,1,False
ai.timothe,1,1,False
ai.titleman,1,1,False
ai.snaphost,1,1,False
ai.vanticlabs,1,1,False
ai.verificate,1,1,False
ai.vergio,1,1,False
ai.verant,1,1,False
ai.velvt,1,1,False
ai.velarion,1,1,False
ai.veecle,1,1,False
ai.variel,1,1,False
ai.vaaya,1,1,False
ai.toffu,1,1,False
ai.v-safe,1,1,False
ai.uxgen,1,1,False
ai.uxbert,1,1,False
ai.uwear,1,1,False
ai.uttera,1,1,False
ai.usesuperflow,1,1,False
ai.usestring,1,1,False
ai.verifox,1,1,False
ai.verlon,1,1,False
ai.verticalmarketplace,1,1,False
ai.vetaid,1,1,False
ai.voxplo,1,1,False
ai.voxell,1,1,False
ai.vortexiq,1,1,False
ai.voris.mcp,1,1,False
ai.vokse,1,1,False
ai.vocci,1,1,False
ai.visuary,1,1,False
ai.viralspin,1,1,False
ai.villiers,1,1,False
ai.viite,1,1,False
ai.vidofy,1,1,False
ai.vidocu,1,1,False
ai.videozero.engine,1,1,False
ai.vibe-bi,1,1,False
ai.vexa,1,1,False
ai.usertold,1,1,False
ai.userintuition,1,1,False
ai.usepromise,1,1,False
ai.truverif,1,1,False
ai.trustgrowth,1,1,False
ai.tru-stock,1,1,False
ai.trovefield,1,1,False
ai.trent,1,1,False
ai.trayo,1,1,False
ai.travelminds,1,1,False
ai.tradesearcher,1,1,False
ai.traderouter,1,1,False
ai.trackradar,1,1,False
ai.toothnote,1,1,False
ai.toolprint,1,1,False
ai.tooldirectory,1,1,False
ai.toohardbasket,1,1,False
ai.tokonomix,1,1,False
ai.tokenarcade,1,1,False
ai.trustysquire,1,1,False
ai.trycanonical,1,1,False
ai.usenotch,1,1,False
ai.trydock,1,1,False
ai.uselamina,1,1,False
ai.usegoro,1,1,False
ai.usegigi,1,1,False
ai.usealloy,1,1,False
ai.urlcheck,1,1,False
ai.upriver,1,1,False
ai.upgradeagent,1,1,False
ai.unulu,1,1,False
ai.unquant,1,1,False
ai.unpaper,1,1,False
ai.unlimitless,1,1,False
ai.undetectedgpt,1,1,False
ai.twistly,1,1,False
ai.tuteliq,1,1,False
ai.turingtap,1,1,False
ai.snipget,1,1,False
ai.snapdiff,1,1,False
ai.vuela,1,1,False
ai.readypermit,1,1,False
ai.regulations,1,1,False
ai.reglayer,1,1,False
ai.refd,1,1,False
ai.reduck,1,1,False
ai.redditgrow,1,1,False
ai.rechtssysteem,1,1,False
ai.realastat,1,1,False
ai.rcll,1,1,False
ai.rocketlist,1,1,False
ai.rayana,1,1,False
ai.ravenmcp,1,1,False
ai.rapportscore,1,1,False
ai.rapay,1,1,False
ai.rams,1,1,False
ai.rallyprop,1,1,False
ai.raisonn,1,1,False
ai.reka,1,1,False
ai.relaystation,1,1,False
ai.responsibleailabs,1,1,False
ai.resumax,1,1,False
ai.robutler,1,1,False
ai.robowrite,1,1,False
ai.robomart,1,1,False
ai.robinlawyer,1,1,False
ai.roamtime,1,1,False
ai.rithmo,1,1,False
ai.riskstate,1,1,False
ai.rise2,1,1,False
ai.rightcard,1,1,False
ai.rfsrisk,1,1,False
ai.rfp,1,1,False
ai.rfix,1,1,False
ai.revuo,1,1,False
ai.revelara,1,1,False
ai.retrodiffusion,1,1,False
ai.radmail,1,1,False
ai.radixia,1,1,False
ai.radiusos.www,1,1,False
ai.promptsharp,1,1,False
ai.prome,1,1,False
ai.projectlaunch,1,1,False
ai.projectdata,1,1,False
ai.productnow,1,1,False
ai.probr,1,1,False
ai.probitylabs,1,1,False
ai.primeta,1,1,False
ai.primaxiom.memory,1,1,False
ai.primateintelligence,1,1,False
ai.preuve,1,1,False
ai.presentations,1,1,False
ai.prepublish,1,1,False
ai.preclick,1,1,False
ai.preape,1,1,False
ai.powerline,1,1,False
ai.promptarch,1,1,False
ai.proofslip,1,1,False
ai.raccha,1,1,False
ai.proreach,1,1,False
ai.quotefirst,1,1,False
ai.quillhub,1,1,False
ai.quantifyme,1,1,False
ai.qualityclouds,1,1,False
ai.qr-manager,1,1,False
ai.qlane,1,1,False
ai.qcdatabase,1,1,False
ai.pyrimid,1,1,False
ai.purrplan,1,1,False
ai.pullpush,1,1,False
ai.publishwith,1,1,False
ai.pubfi,1,1,False
ai.proxyllm,1,1,False
ai.proxygate,1,1,False
ai.provenskills,1,1,False
ai.roc,1,1,False
ai.rocketsloth,1,1,False
ai.smry.r,1,1,False
ai.seomatic,1,1,False
ai.shiplight,1,1,False
ai.shipeasy,1,1,False
ai.sharewatch,1,1,False
ai.sharebench,1,1,False
ai.sessionkeeper,1,1,False
ai.servana,1,1,False
ai.serff,1,1,False
ai.seocrawl,1,1,False
ai.rockmoon,1,1,False
ai.sentvia,1,1,False
ai.sentisense,1,1,False
ai.sentfrom,1,1,False
ai.sentedge,1,1,False
ai.sendraven,1,1,False
ai.sendinel,1,1,False
ai.sendfast,1,1,False
ai.shippp,1,1,False
ai.shipstar,1,1,False
ai.shotclick,1,1,False
ai.shumi,1,1,False
ai.slideless,1,1,False
ai.sleepwalker,1,1,False
ai.skilltotal,1,1,False
ai.skilder,1,1,False
ai.sixta,1,1,False
ai.sitepulsar,1,1,False
ai.sitectrl,1,1,False
ai.simstim,1,1,False
ai.simsense,1,1,False
ai.simpleserve,1,1,False
ai.simplepages,1,1,False
ai.signalnodus,1,1,False
ai.signalharness,1,1,False
ai.signal8,1,1,False
ai.sig.foodlog,1,1,False
ai.sendafax,1,1,False
ai.senaro,1,1,False
ai.seltz,1,1,False
ai.satohub,1,1,False
ai.saltapp,1,1,False
ai.safe4,1,1,False
ai.saascloud,1,1,False
ai.ryla,1,1,False
ai.rxmanager,1,1,False
ai.runx,1,1,False
ai.roxels,1,1,False
ai.routing24,1,1,False
ai.router,1,1,False
ai.rosterresolve,1,1,False
ai.roryplans,1,1,False
ai.rootdata,1,1,False
ai.roopslaw,1,1,False
ai.rolli,1,1,False
ai.roic,1,1,False
ai.saltybytes,1,1,False
ai.satoshidata,1,1,False
ai.sellermate,1,1,False
ai.saymaker,1,1,False
ai.sellerforge,1,1,False
ai.seldons,1,1,False
ai.selda,1,1,False
ai.seendb,1,1,False
ai.secapi,1,1,False
ai.searchshop.www,1,1,False
ai.searchshop,1,1,False
ai.searcheros,1,1,False
ai.searchconsole,1,1,False
ai.seaotter,1,1,False
ai.sealgate,1,1,False
ai.scout7,1,1,False
ai.scite,1,1,False
ai.schemalabs,1,1,False
ai.scamverify,1,1,False
ai.vruum,1,1,False
ai.vulx,1,1,False
ai.postfleet,1,1,False
app.kanbai,1,1,False
app.lasers.guildcontrol,1,1,False
app.lance,1,1,False
app.knowtis,1,1,False
app.kezai,1,1,False
app.katla,1,1,False
app.kangram,1,1,False
app.kanera,1,1,False
app.joinways,1,1,False
app.mailtea,1,1,False
app.joinlayer,1,1,False
app.john11,1,1,False
app.jadenote,1,1,False
app.ip,1,1,False
app.iomarkets,1,1,False
app.interbang,1,1,False
app.inoh,1,1,False
app.leadsmarts,1,1,False
app.learnwithagents,1,1,False
app.ledgy,1,1,False
app.lediv,1,1,False
app.mahonia,1,1,False
app.made,1,1,False
app.lukija,1,1,False
app.luckdrop,1,1,False
app.lucid.mcp,1,1,False
app.loveoracle,1,1,False
app.locize.mcp,1,1,False
app.llmaudit,1,1,False
app.livtakt,1,1,False
app.listentosadhu,1,1,False
app.liquidvision,1,1,False
app.linear,1,1,False
app.limonene,1,1,False
app.lightgen,1,1,False
app.letx,1,1,False
app.indicia,1,1,False
app.immoapi,1,1,False
app.idiolect,1,1,False
app.gridar,1,1,False
app.goshipyard,1,1,False
app.goaichat,1,1,False
app.glif,1,1,False
app.gingerguide,1,1,False
app.getsalta,1,1,False
app.getquieta,1,1,False
app.getengram,1,1,False
app.getdomus,1,1,False
app.getdialer,1,1,False
app.getcallme,1,1,False
app.getandiamo,1,1,False
app.geometry,1,1,False
app.ganty,1,1,False
app.g-guest,1,1,False
app.futbolatlas,1,1,False
app.govauctions,1,1,False
app.hadl,1,1,False
app.icemoon,1,1,False
app.hamir,1,1,False
app.hykeep,1,1,False
app.hvacbuilder,1,1,False
app.humantaste,1,1,False
app.humanform,1,1,False
app.htmldrop,1,1,False
app.hsingh.snaplab,1,1,False
app.hostbeam,1,1,False
app.hoodex,1,1,False
app.hologallery.pocket,1,1,False
app.hoaster,1,1,False
app.hinducalendar,1,1,False
app.himalayas,1,1,False
app.higgsfield.mizan-bazar,1,1,False
app.health-os,1,1,False
app.havnre,1,1,False
app.mailstream,1,1,False
app.makefx,1,1,False
app.frtracker,1,1,False
app.onesvibe,1,1,False
app.ownyourai,1,1,False
app.owlx,1,1,False
app.ottodata,1,1,False
app.opendealer,1,1,False
app.openclip,1,1,False
app.onvaou,1,1,False
app.onlinefitness,1,1,False
app.onehaus,1,1,False
app.malinois,1,1,False
app.once,1,1,False
app.ofia,1,1,False
app.offendersearch,1,1,False
app.odyssey365,1,1,False
app.octopad,1,1,False
app.octapi,1,1,False
app.nudgebell,1,1,False
app.paichart,1,1,False
app.pandough,1,1,False
app.papertext.app,1,1,False
app.partli,1,1,False
app.pumpx,1,1,False
app.pulltrader,1,1,False
app.promvia,1,1,False
app.promptfax,1,1,False
app.priorify,1,1,False
app.potto,1,1,False
app.postpone,1,1,False
app.portamora,1,1,False
app.podstow,1,1,False
app.pixly,1,1,False
app.pinsuite,1,1,False
app.performix,1,1,False
app.percher,1,1,False
app.penlog,1,1,False
app.peil,1,1,False
app.novumos,1,1,False
app.nomadpoint,1,1,False
app.noemic,1,1,False
app.morphed,1,1,False
app.miromiro,1,1,False
app.miniaccountant,1,1,False
app.mhai,1,1,False
app.metadock,1,1,False
app.merron,1,1,False
app.mermail,1,1,False
app.memol,1,1,False
app.melodygenie,1,1,False
app.meistron,1,1,False
app.meepo,1,1,False
app.mastheads,1,1,False
app.mashop,1,1,False
app.marketgenius,1,1,False
app.manilo,1,1,False
app.manawa,1,1,False
app.mochify,1,1,False
app.morya,1,1,False
app.newsmind,1,1,False
app.movemate,1,1,False
app.neurorank,1,1,False
app.netlify.tenderdelta,1,1,False
app.netlify.shigoto-dogu,1,1,False
app.netlify.micropay-test-suite,1,1,False
app.netlify.meinlem,1,1,False
app.netlify.japan-data-mcp,1,1,False
app.netlify.gleaming-cassata-d41682,1,1,False
app.netlify.agent-rescue-desk,1,1,False
app.neotic.www,1,1,False
app.nd-x,1,1,False
app.nausika,1,1,False
app.nanocorp.invoke,1,1,False
app.nanocorp.bidswarm,1,1,False
app.nanocorp.agentarena,1,1,False
app.myghosts,1,1,False
app.fryd,1,1,False
app.frankki,1,1,False
ai.waiter24,1,1,False
ai.zipquote,1,1,False
app.3dstreet,1,1,False
app.2ools,1,1,False
am.sublime,1,1,False
am.mana,1,1,False
al.square,1,1,False
al.flytravel,1,1,False
ai.zrev,1,1,False
ai.zine,1,1,False
app.aspirelearning,1,1,False
ai.zimac,1,1,False
ai.zihin,1,1,False
ai.zevari,1,1,False
ai.zentrik,1,1,False
ai.zensation,1,1,False
ai.zencap,1,1,False
ai.zdte,1,1,False
app.acornonaut,1,1,False
app.actiondock,1,1,False
app.agencyai,1,1,False
app.agentbit,1,1,False
app.askqa,1,1,False
app.askloop,1,1,False
app.arbitron,1,1,False
app.applybolt,1,1,False
app.aplusz,1,1,False
app.apiguru,1,1,False
app.anjal,1,1,False
app.anamneseai,1,1,False
app.anakior,1,1,False
app.alterphone,1,1,False
app.aiponge,1,1,False
app.aiconduit,1,1,False
app.agentsknow,1,1,False
app.agentrendezvous,1,1,False
app.agentnexus,1,1,False
ai.zairalabs,1,1,False
ai.youtube-transcript,1,1,False
ai.yourhuman,1,1,False
ai.windsock,1,1,False
ai.wild-card,1,1,False
ai.whysaid,1,1,False
ai.wem3,1,1,False
ai.wellnessproject,1,1,False
ai.weftly,1,1,False
ai.webuplink,1,1,False
ai.websitepublisher,1,1,False
ai.webrun,1,1,False
ai.webmatik,1,1,False
ai.webhound,1,1,False
ai.webanatomy,1,1,False
ai.wavn,1,1,False
ai.wavespeed,1,1,False
ai.waterr,1,1,False
ai.walterwrites,1,1,False
ai.willform,1,1,False
ai.windsor,1,1,False
ai.yetty,1,1,False
ai.wiplash,1,1,False
ai.yentaknows,1,1,False
ai.yempik,1,1,False
ai.xurprise,1,1,False
ai.xr-utilities,1,1,False
ai.xpoz,1,1,False
ai.wubble,1,1,False
ai.writingmate,1,1,False
ai.wpconvert,1,1,False
ai.workledge,1,1,False
ai.workingmemory,1,1,False
ai.workforcegpt,1,1,False
ai.wizideo,1,1,False
ai.wiv,1,1,False
ai.withone,1,1,False
ai.wiretensors,1,1,False
app.asmhunter,1,1,False
app.auditfellow,1,1,False
app.framebench,1,1,False
app.eigma,1,1,False
app.evertrain,1,1,False
app.everpop,1,1,False
app.everjust,1,1,False
app.eurolytics,1,1,False
app.eurocomply,1,1,False
app.era,1,1,False
app.elasticflow,1,1,False
app.edgelock,1,1,False
app.aveiro,1,1,False
app.easykanb,1,1,False
app.dreamhall,1,1,False
app.dreamfare,1,1,False
app.donelane,1,1,False
app.docwand,1,1,False
app.docbin,1,1,False
app.devmargin,1,1,False
app.evlek,1,1,False
app.factscanai,1,1,False
app.fairstash,1,1,False
app.faqai,1,1,False
app.fotohub,1,1,False
app.fotify,1,1,False
app.formmy,1,1,False
app.formedge,1,1,False
app.formatika,1,1,False
app.forgeengine,1,1,False
app.fojin,1,1,False
app.fluentive,1,1,False
app.flowral.mcp,1,1,False
app.flaim,1,1,False
app.finfam,1,1,False
app.filmee,1,1,False
app.fftcompanion,1,1,False
app.fawtar,1,1,False
app.favorize,1,1,False
app.deviceshelf,1,1,False
app.desktopcommander,1,1,False
app.deepsearch,1,1,False
app.cleanor,1,1,False
app.cherrynotes,1,1,False
app.certman,1,1,False
app.causely,1,1,False
app.cardog,1,1,False
app.cannonstudio,1,1,False
app.busymail,1,1,False
app.busyboard,1,1,False
app.businys,1,1,False
app.brickway,1,1,False
app.branddock,1,1,False
app.bonsave,1,1,False
app.blip-board,1,1,False
app.bestappify,1,1,False
app.bauta,1,1,False
app.baozugong,1,1,False
app.citeme,1,1,False
app.clearpolicy,1,1,False
app.decibelshield,1,1,False
app.clicon,1,1,False
app.dealermax,1,1,False
app.dazbench,1,1,False
app.datasnipe,1,1,False
app.dailystudio,1,1,False
app.creatordb,1,1,False
app.creatica,1,1,False
app.crawlio,1,1,False
app.crawlie,1,1,False
app.courtrules,1,1,False
app.countlink,1,1,False
app.cooperpetcare.www,1,1,False
app.contendeo,1,1,False
app.conduitmail,1,1,False
app.cnvs,1,1,False
app.cloudmindmaps,1,1,False
ai.povver,1,1,False
ai.postey,1,1,False
app.qwady,1,1,False
ai.dataforb2b,1,1,False
ai.decisionlog,1,1,False
ai.decimal,1,1,False
ai.dealfilter,1,1,False
ai.daystruct.api,1,1,False
ai.datavidence,1,1,False
ai.dataparrot,1,1,False
ai.datamerge,1,1,False
ai.dataecho,1,1,False
ai.dragoneye,1,1,False
ai.datacenterindex,1,1,False
ai.dabyte,1,1,False
ai.dablock,1,1,False
ai.d50,1,1,False
ai.customdomain,1,1,False
ai.cueframe,1,1,False
ai.cueapi,1,1,False
ai.deepledger,1,1,False
ai.delega,1,1,False
ai.demanddiscovery,1,1,False
ai.demomagic,1,1,False
ai.doublespeed,1,1,False
ai.donethat,1,1,False
ai.docuwriter,1,1,False
ai.docuguru,1,1,False
ai.docnexus.mcp,1,1,False
ai.djzs,1,1,False
ai.djwizard,1,1,False
ai.directcase,1,1,False
ai.dimetrics,1,1,False
ai.dimensions,1,1,False
ai.diezx,1,1,False
ai.diagramzu,1,1,False
ai.deskcrew,1,1,False
ai.deskclone,1,1,False
ai.deployit,1,1,False
ai.creditpolicy,1,1,False
ai.creativescope,1,1,False
ai.creationloop,1,1,False
ai.compelling,1,1,False
ai.commsync,1,1,False
ai.coingraph,1,1,False
ai.cofoundagent,1,1,False
ai.codenib,1,1,False
ai.cobbles,1,1,False
ai.cnpj,1,1,False
ai.cnaps,1,1,False
ai.clipstudio,1,1,False
ai.clelp,1,1,False
ai.cleanvector,1,1,False
ai.clawterminal,1,1,False
ai.clawfetch,1,1,False
ai.clarx,1,1,False
ai.citybook,1,1,False
ai.cirra,1,1,False
ai.compeller,1,1,False
ai.complyme.mcp,1,1,False
ai.createprints,1,1,False
ai.connectmachine,1,1,False
ai.crayonz,1,1,False
ai.craneledger,1,1,False
ai.cralo,1,1,False
ai.cotal,1,1,False
ai.cosmonote,1,1,False
ai.corduroy-labs,1,1,False
ai.cookiy,1,1,False
ai.conveo,1,1,False
ai.contractorsnearme,1,1,False
ai.contio,1,1,False
ai.contextstudios,1,1,False
ai.context-link,1,1,False
ai.contexel,1,1,False
ai.contentsweep,1,1,False
ai.constellationfinance,1,1,False
ai.draconic,1,1,False
ai.dreamlit,1,1,False
ai.chronary,1,1,False
ai.file2markdown,1,1,False
ai.finestructure,1,1,False
ai.findip,1,1,False
ai.fincontext,1,1,False
ai.financegenius,1,1,False
ai.filtrix.mcp,1,1,False
ai.filepad,1,1,False
ai.filegraph,1,1,False
ai.fiber,1,1,False
ai.drillr,1,1,False
ai.fgac,1,1,False
ai.feedback1,1,1,False
ai.featureboard,1,1,False
ai.fathom.api,1,1,False
ai.fastmetal,1,1,False
ai.fastinsight,1,1,False
ai.fantopy,1,1,False
ai.finstat,1,1,False
ai.fintent,1,1,False
ai.fireflies,1,1,False
ai.firmbrain,1,1,False
ai.fugentic,1,1,False
ai.framethrower,1,1,False
ai.foura,1,1,False
ai.forkmate,1,1,False
ai.foodphoto,1,1,False
ai.foliora,1,1,False
ai.flyvolo,1,1,False
ai.flydocs,1,1,False
ai.fluxink,1,1,False
ai.fluttergo,1,1,False
ai.flowstep,1,1,False
ai.flowcastle,1,1,False
ai.flipdomain,1,1,False
ai.flamel,1,1,False
ai.fiuto,1,1,False
ai.familyofficeknowledgegraph,1,1,False
ai.fairmind,1,1,False
ai.factori,1,1,False
ai.emberverse,1,1,False
ai.elaichi,1,1,False
ai.ekwo,1,1,False
ai.eevy,1,1,False
ai.edusignal,1,1,False
ai.edgechat,1,1,False
ai.edge-agents,1,1,False
ai.echoloc,1,1,False
ai.dynt.api,1,1,False
ai.dynsoft,1,1,False
ai.dynamicfeed,1,1,False
ai.duvera,1,1,False
ai.duami,1,1,False
ai.dsght,1,1,False
ai.droneintelligence,1,1,False
ai.dripmetrics,1,1,False
ai.elfa,1,1,False
ai.emisso,1,1,False
ai.facesign,1,1,False
ai.empiriolabs,1,1,False
ai.ezel,1,1,False
ai.eykon,1,1,False
ai.extend,1,1,False
ai.explorium,1,1,False
ai.example4,1,1,False
ai.exa,1,1,False
ai.everyn,1,1,False
ai.everway,1,1,False
ai.etincel,1,1,False
ai.epinu,1,1,False
ai.eosl,1,1,False
ai.eonik,1,1,False
ai.enyal,1,1,False
ai.entityenricher,1,1,False
ai.enginy,1,1,False
ai.circulara,1,1,False
ai.chinamarketing,1,1,False
ai.fullmakt,1,1,False
ai.akkrudata,1,1,False
ai.analyticslegends,1,1,False
ai.ambix,1,1,False
ai.alpic.test,1,1,False
ai.alpic.mcp,1,1,False
ai.alpic.alpix,1,1,False
ai.alphacreek,1,1,False
ai.aliengiraffe,1,1,False
ai.aivonic,1,1,False
ai.atlaso,1,1,False
ai.airshelf,1,1,False
ai.aient,1,1,False
ai.aidoo,1,1,False
ai.ai-portal,1,1,False
ai.ai-advisors,1,1,False
ai.aginera,1,1,False
ai.agenttrust,1,1,False
ai.anha,1,1,False
ai.anomalyarmor,1,1,False
ai.anzenna,1,1,False
ai.apatero,1,1,False
ai.atako,1,1,False
ai.astrofabric,1,1,False
ai.assetlog,1,1,False
ai.askwatch,1,1,False
ai.askmiles,1,1,False
ai.askline,1,1,False
ai.artidrop,1,1,False
ai.arsentev,1,1,False
ai.arpi,1,1,False
ai.arketo,1,1,False
ai.argushq,1,1,False
ai.arclan,1,1,False
ai.aqta,1,1,False
ai.appdeploy,1,1,False
ai.apithreshold,1,1,False
ai.agentroam,1,1,False
ai.agentrapay,1,1,False
ai.agentplaybooks,1,1,False
ai.adoraads,1,1,False
ai.adako,1,1,False
ai.adadvisor,1,1,False
ai.actwise,1,1,False
ai.abmeter,1,1,False
ai.aarna,1,1,False
ai.aard,1,1,False
ai.1325,1,1,False
agency.thebureauoflostcontext,1,1,False
agency.lona,1,1,False
agency.kesey,1,1,False
agency.goji,1,1,False
ag.hood,1,1,False
ae.propick,1,1,False
ad.inside,1,1,False
ac.tandem,1,1,False
ai.adeu,1,1,False
ai.adplane,1,1,False
ai.agentmesh,1,1,False
ai.adramp,1,1,False
ai.agenticterminal,1,1,False
ai.agenticfabricationnetwork,1,1,False
ai.agenticbooks,1,1,False
ai.agenticaffiliate,1,1,False
ai.agentic-news,1,1,False
ai.agentgates,1,1,False
ai.agentdm,1,1,False
ai.agentberg,1,1,False
ai.afmr,1,1,False
ai.aeviamodeler,1,1,False
ai.aetherwealth,1,1,False
ai.adweave,1,1,False
ai.adtest,1,1,False
ai.adside,1,1,False
ai.adsap,1,1,False
ai.atdev,1,1,False
ai.atlasverified,1,1,False
ai.childpsychiatry,1,1,False
ai.bourdon,1,1,False
ai.buron,1,1,False
ai.bunzee,1,1,False
ai.buildwithorbit,1,1,False
ai.bringyour,1,1,False
ai.bridgeapp,1,1,False
ai.brainattic,1,1,False
ai.bowmark,1,1,False
ai.boundaryai,1,1,False
ai.atlier,1,1,False
ai.botinfo,1,1,False
ai.borealhost,1,1,False
ai.bodenrichtwert,1,1,False
ai.bluenexus,1,1,False
ai.blopus,1,1,False
ai.bloopo,1,1,False
ai.blast-radius,1,1,False
ai.butlerbrain,1,1,False
ai.buyersense,1,1,False
ai.byteask,1,1,False
ai.byteray,1,1,False
ai.childanxiety,1,1,False
ai.childadhd,1,1,False
ai.chatthing,1,1,False
ai.cerebrium,1,1,False
ai.cdbx,1,1,False
ai.ccapi,1,1,False
ai.caulo,1,1,False
ai.canvora,1,1,False
ai.canivibe,1,1,False
ai.canaryusers,1,1,False
ai.callmcp,1,1,False
ai.calfeed,1,1,False
ai.calendarmcp,1,1,False
ai.cactal,1,1,False
ai.cabrini,1,1,False
ai.bizmuse,1,1,False
ai.bizmoon,1,1,False
ai.bittlebits,1,1,False
ai.balancos,1,1,False
ai.backengine,1,1,False
ai.axonagentic,1,1,False
ai.awraiter,1,1,False
ai.awardcast,1,1,False
ai.aviado,1,1,False
ai.avasis,1,1,False
ai.auxen,1,1,False
ai.autorfp,1,1,False
ai.autoposting,1,1,False
ai.authoryze,1,1,False
ai.auralogs,1,1,False
ai.augworlds,1,1,False
ai.augmentev,1,1,False
ai.augenix,1,1,False
ai.audiopod,1,1,False
ai.backrow,1,1,False
ai.bankee,1,1,False
ai.bitroad,1,1,False
ai.bareun,1,1,False
ai.bindry,1,1,False
ai.biel,1,1,False
ai.biddeed,1,1,False
ai.bidclub,1,1,False
ai.bezal,1,1,False
ai.betterpost,1,1,False
ai.betslipdoctor,1,1,False
ai.benroberts,1,1,False
ai.beket,1,1,False
ai.beatra,1,1,False
ai.beatbandit,1,1,False
ai.bcited,1,1,False
ai.bassethound,1,1,False
ai.basethread,1,1,False
ai.baselight,1,1,False
ai.fukushi,1,1,False
ai.funlet,1,1,False
ai.posteverywhere,1,1,False
ai.muffed,1,1,False
ai.myspaice,1,1,False
ai.mysiren,1,1,False
ai.myriade,1,1,False
ai.myplot,1,1,False
ai.mymarky,1,1,False
ai.multinex,1,1,False
ai.multi-turn,1,1,False
ai.msza,1,1,False
ai.norg,1,1,False
ai.mrmarket,1,1,False
ai.mozark,1,1,False
ai.moxt,1,1,False
ai.motiblog,1,1,False
ai.morphareels,1,1,False
ai.morelike,1,1,False
ai.moonlings,1,1,False
ai.mythex,1,1,False
ai.n3tz,1,1,False
ai.name,1,1,False
ai.namewhisper,1,1,False
ai.noevant,1,1,False
ai.nocturnus,1,1,False
ai.ninjachat,1,1,False
ai.ninar,1,1,False
ai.nexustoken,1,1,False
ai.nexez,1,1,False
ai.newdesk,1,1,False
ai.neuroviz,1,1,False
ai.neocapital,1,1,False
ai.nefesh,1,1,False
ai.nebelus,1,1,False
ai.nauro,1,1,False
ai.naumu,1,1,False
ai.nativeads,1,1,False
ai.nashboard,1,1,False
ai.monnet,1,1,False
ai.modulos,1,1,False
ai.modelrunner,1,1,False
ai.meetsquad,1,1,False
ai.meacheal,1,1,False
ai.mcpmyadmin,1,1,False
ai.mcpjunction,1,1,False
ai.mcpcap,1,1,False
ai.mcpanalytics,1,1,False
ai.mazdek,1,1,False
ai.maximem,1,1,False
ai.maxcv,1,1,False
ai.matih,1,1,False
ai.masnavi,1,1,False
ai.masaro,1,1,False
ai.markettrace,1,1,False
ai.marketintell,1,1,False
ai.marketcrew,1,1,False
ai.marketcore,1,1,False
ai.meetlark,1,1,False
ai.megalens,1,1,False
ai.mkna,1,1,False
ai.megastructure,1,1,False
ai.mitosislabs,1,1,False
ai.mirastacklabs,1,1,False
ai.mino,1,1,False
ai.mindola,1,1,False
ai.midplane,1,1,False
ai.merchantflow,1,1,False
ai.mentu,1,1,False
ai.mentionagent,1,1,False
ai.memoryrouter,1,1,False
ai.memoket,1,1,False
ai.memocore,1,1,False
ai.meminal,1,1,False
ai.memestack,1,1,False
ai.memcell,1,1,False
ai.meltstudio,1,1,False
ai.nordax,1,1,False
ai.normhyra,1,1,False
ai.mapmap,1,1,False
ai.partsgraph,1,1,False
ai.perlucem,1,1,False
ai.perfloop,1,1,False
ai.penholder,1,1,False
ai.pdfassistant,1,1,False
ai.payments.managed,1,1,False
ai.pathbound,1,1,False
ai.patentdata,1,1,False
ai.parceled,1,1,False
ai.northlit,1,1,False
ai.paperlantern,1,1,False
ai.palmyr,1,1,False
ai.painspotter,1,1,False
ai.packmind,1,1,False
ai.overwing,1,1,False
ai.outset,1,1,False
ai.outlit,1,1,False
ai.perplexity,1,1,False
ai.petraport,1,1,False
ai.phano,1,1,False
ai.physea,1,1,False
ai.positif,1,1,False
ai.porteur,1,1,False
ai.portablecontext,1,1,False
ai.popdot,1,1,False
ai.ponlo,1,1,False
ai.pocketdrives,1,1,False
ai.plyto,1,1,False
ai.plori,1,1,False
ai.plith,1,1,False
ai.plero,1,1,False
ai.plcs,1,1,False
ai.pipe2,1,1,False
ai.pimea,1,1,False
ai.pictomancer,1,1,False
ai.picsha,1,1,False
ai.outfitmaker,1,1,False
ai.oruk,1,1,False
ai.orq,1,1,False
ai.omnitravel,1,1,False
ai.ohmyfin,1,1,False
ai.offerhopper.mcp,1,1,False
ai.odei,1,1,False
ai.oddsockets,1,1,False
ai.occludra,1,1,False
ai.obris,1,1,False
ai.obaron,1,1,False
ai.nuramem,1,1,False
ai.nullary,1,1,False
ai.nudg3,1,1,False
ai.nowen,1,1,False
ai.noveum,1,1,False
ai.novence,1,1,False
ai.nothumansearch,1,1,False
ai.note1,1,1,False
ai.omnisignal,1,1,False
ai.onelore,1,1,False
ai.origozero,1,1,False
ai.onsa,1,1,False
ai.orgsdk,1,1,False
ai.orggen,1,1,False
ai.organizewith,1,1,False
ai.ordercore,1,1,False
ai.orchis,1,1,False
ai.orangepro,1,1,False
ai.optux,1,1,False
ai.optimly,1,1,False
ai.opinly,1,1,False
ai.openmayhem,1,1,False
ai.openmandate,1,1,False
ai.openaso,1,1,False
ai.openarx,1,1,False
ai.oobeprotocol.sap.mcp,1,1,False
ai.onzero,1,1,False
ai.marchward,1,1,False
ai.mangii,1,1,False
ai.gateco,1,1,False
ai.hyreflow,1,1,False
ai.inblog,1,1,False
ai.immopix,1,1,False
ai.imboard,1,1,False
ai.imaginode,1,1,False
ai.igoyal,1,1,False
ai.iamcoach,1,1,False
ai.i18nagent,1,1,False
ai.hypnothera,1,1,False
ai.jobero,1,1,False
ai.hyperscale0,1,1,False
ai.hypernatural,1,1,False
ai.huntboard,1,1,False
ai.human4ai,1,1,False
ai.hotker,1,1,False
ai.hostprofit,1,1,False
ai.hostlo,1,1,False
ai.inbrix,1,1,False
ai.inflowpay.app,1,1,False
ai.infolang,1,1,False
ai.infrapulse,1,1,False
ai.jaxon,1,1,False
ai.jawz,1,1,False
ai.january,1,1,False
ai.izap,1,1,False
ai.iturri,1,1,False
ai.ironshard,1,1,False
ai.ironscout,1,1,False
ai.inxy,1,1,False
ai.inventoryhero,1,1,False
ai.intuitek.the-stall,1,1,False
ai.intodns,1,1,False
ai.intangible,1,1,False
ai.instantclips,1,1,False
ai.insideralpha,1,1,False
ai.inite,1,1,False
ai.hostingbrain,1,1,False
ai.hoghogh,1,1,False
ai.hivewiki,1,1,False
ai.gigaverse,1,1,False
ai.getthroughline,1,1,False
ai.getperspective,1,1,False
ai.getoptimal,1,1,False
ai.getminds,1,1,False
ai.gethal,1,1,False
ai.getfinsight,1,1,False
ai.getfacade,1,1,False
ai.get-alfred,1,1,False
ai.gessa,1,1,False
ai.geodesiclabs,1,1,False
ai.gentoon,1,1,False
ai.genomicintelligence,1,1,False
ai.gemus,1,1,False
ai.gavelin,1,1,False
ai.gatetest.www,1,1,False
ai.getvet,1,1,False
ai.giljo,1,1,False
ai.hirey,1,1,False
ai.glasser,1,1,False
ai.hiddencontent,1,1,False
ai.heyyumi,1,1,False
ai.hexahq,1,1,False
ai.hermitsh,1,1,False
ai.helixar,1,1,False
ai.harmny,1,1,False
ai.gvrn,1,1,False
ai.gtfi,1,1,False
ai.groundroute,1,1,False
ai.greenlandai,1,1,False
ai.greatarrow,1,1,False
ai.gossiper,1,1,False
ai.good-sport,1,1,False
ai.gondola,1,1,False
ai.gomarble,1,1,False
ai.jeda,1,1,False
ai.joinmultiplayer,1,1,False
ai.makerportal,1,1,False
ai.libers,1,1,False
ai.linkguard,1,1,False
ai.linkdeal.www,1,1,False
ai.line9,1,1,False
ai.limy,1,1,False
ai.limurse,1,1,False
ai.limitguard.api,1,1,False
ai.licensy,1,1,False
ai.levelfour,1,1,False
ai.jurisprudencias,1,1,False
ai.lenshub,1,1,False
ai.lbrain,1,1,False
ai.lazyads,1,1,False
ai.law.mcp,1,1,False
ai.law,1,1,False
ai.lattiq,1,1,False
ai.latticenet,1,1,False
ai.lithtrix,1,1,False
ai.livingmeta,1,1,False
ai.llamanotes,1,1,False
ai.llmhosting,1,1,False
ai.makeaivideo,1,1,False
ai.mainroom,1,1,False
ai.mainbook,1,1,False
ai.mailmcp,1,1,False
ai.mailjunky,1,1,False
ai.maguyva,1,1,False
ai.magnemo,1,1,False
ai.magicinsights,1,1,False
ai.mafdet,1,1,False
ai.lumify,1,1,False
ai.ludo,1,1,False
ai.lucasandersen,1,1,False
ai.lovora,1,1,False
ai.localhero,1,1,False
ai.llmse,1,1,False
ai.latlong,1,1,False
ai.lateos,1,1,False
ai.lamdis,1,1,False
ai.klaaro,1,1,False
ai.kinlab,1,1,False
ai.kikaret,1,1,False
ai.kifly,1,1,False
ai.khwan,1,1,False
ai.kernora,1,1,False
ai.keenable,1,1,False
ai.kawacode,1,1,False
ai.kavel,1,1,False
ai.karmafor,1,1,False
ai.kanonik,1,1,False
ai.justpublish,1,1,False
ai.justonce,1,1,False
ai.justdrop,1,1,False
ai.justdomain,1,1,False
ai.justdeploy,1,1,False
ai.kive,1,1,False
ai.klarix,1,1,False
ai.ladderflow,1,1,False
ai.klavis,1,1,False
ai.kumbuka,1,1,False
ai.kubit,1,1,False
ai.krtr,1,1,False
ai.korey,1,1,False
ai.korely,1,1,False
ai.korala,1,1,False
ai.kooma,1,1,False
ai.kontato,1,1,False
ai.kolonie,1,1,False
ai.kolens,1,1,False
ai.knowledgegrid,1,1,False
ai.knowall,1,1,False
ai.klyf,1,1,False
ai.klodkot,1,1,False
ai.klipy,1,1,False
app.quantcalc,1,1,False
app.qwady.thorns,1,1,False
com.clauxel.geminiomnirights,1,1,False
com.appscreenshotstudio,1,1,False
com.arcalune,1,1,False
com.arcadedb,1,1,False
com.arc-relay,1,1,False
com.aradia,1,1,False
com.appstorecopilot,1,1,False
com.appskyline,1,1,False
com.appsflyer,1,1,False
com.apprendre-les-echecs-24h,1,1,False
com.ashareapi,1,1,False
com.appraisily,1,1,False
com.applyall,1,1,False
com.applivery.docs,1,1,False
com.apple-rag,1,1,False
com.appfigures,1,1,False
com.appendix,1,1,False
com.app-dex,1,1,False
com.arcandledger,1,1,False
com.arcaneforecasting,1,1,False
com.arcanika,1,1,False
com.arcanum-plus,1,1,False
com.asalsold.app,1,1,False
com.arzbin,1,1,False
com.artyfile,1,1,False
com.artifyde,1,1,False
com.artificialwit,1,1,False
com.arizonasolarcostcalculator,1,1,False
com.arizonaroofreplacementcost,1,1,False
com.aribadernatal,1,1,False
com.argosvix,1,1,False
com.argorant,1,1,False
com.arcself,1,1,False
com.arcnautical,1,1,False
com.arcjet,1,1,False
com.arcat,1,1,False
com.arcasos,1,1,False
com.apogeoapi,1,1,False
com.apiverve,1,1,False
com.apiscreenshot,1,1,False
com.animgen,1,1,False
com.anglero,1,1,False
com.angelsforagents,1,1,False
com.angelmoncada,1,1,False
com.andrewsfreebies,1,1,False
com.andiai,1,1,False
com.anchoredip,1,1,False
com.anaxer,1,1,False
com.anahana,1,1,False
com.amplitude,1,1,False
com.americassuretybonds,1,1,False
com.americantradesindex,1,1,False
com.ambermem,1,1,False
com.amalgament,1,1,False
com.am-lich,1,1,False
com.alvrun,1,1,False
com.anglinglines,1,1,False
com.anotepad,1,1,False
com.apify,1,1,False
com.anots,1,1,False
com.apievangelist,1,1,False
com.apidefects,1,1,False
com.apideck,1,1,False
com.apiacre,1,1,False
com.api402x,1,1,False
com.api2cart,1,1,False
com.api-ninjas,1,1,False
com.anywaypossible,1,1,False
com.anymailmcp,1,1,False
com.antideploy,1,1,False
com.anthid,1,1,False
com.anteproof,1,1,False
com.answeringservicequotes,1,1,False
com.answeringservicepicker,1,1,False
com.answeringservicecompare,1,1,False
com.asgolfclothing,1,1,False
com.asharehub,1,1,False
com.altmetric.mcp,1,1,False
com.avahit,1,1,False
com.awardsecrets,1,1,False
com.awardflightdaily,1,1,False
com.avnester.mcp,1,1,False
com.avidquant,1,1,False
com.averray,1,1,False
com.avecindar,1,1,False
com.avaza,1,1,False
com.autoridaddigital.www,1,1,False
com.ashtonforge,1,1,False
com.automox,1,1,False
com.automatedvideoapp,1,1,False
com.automatedclientacquisition.www,1,1,False
com.auto-reader,1,1,False
com.auth0,1,1,False
com.ausca,1,1,False
com.auriniaxo,1,1,False
com.awardtravelfinder,1,1,False
com.awesomeindie,1,1,False
com.axiomatic-ai,1,1,False
com.axiomide,1,1,False
com.balladic,1,1,False
com.bagsthatpay,1,1,False
com.backtest360,1,1,False
com.backquant,1,1,False
com.backpow,1,1,False
com.backgroundcheckquotes,1,1,False
com.babyblueviper,1,1,False
com.babyagecalculator,1,1,False
com.b2bware,1,1,False
com.b20check,1,1,False
com.b0tl1nk,1,1,False
com.azurecarbon,1,1,False
com.ayurak,1,1,False
com.axiorank,1,1,False
com.axiomseal,1,1,False
com.aureum-tech,1,1,False
com.aurelianflo,1,1,False
com.auraspay,1,1,False
com.asyntai,1,1,False
com.astravue,1,1,False
com.astraverify,1,1,False
com.astranl,1,1,False
com.asterwise,1,1,False
com.asternym,1,1,False
com.assetzaar,1,1,False
com.asrmemory,1,1,False
com.asoskill,1,1,False
com.asoatlas,1,1,False
com.asksakina,1,1,False
com.askrentai,1,1,False
com.askmatchbox,1,1,False
com.askedthrice,1,1,False
com.askacharge,1,1,False
com.ask-ai-data-connector,1,1,False
com.astryke,1,1,False
com.atagon,1,1,False
com.augurn,1,1,False
com.atlas-red,1,1,False
com.audioscrape,1,1,False
com.audioeye,1,1,False
com.audiala,1,1,False
com.attrove,1,1,False
com.attribloom,1,1,False
com.attractiontickets.mcp,1,1,False
com.attestwire,1,1,False
com.attendmeet,1,1,False
com.atproto-mcp,1,1,False
com.atom,1,1,False
com.atmita,1,1,False
com.atlassian,1,1,False
com.atlasipholdingsllc.app,1,1,False
com.atlasemoji,1,1,False
com.atlasburn,1,1,False
com.altoviz,1,1,False
com.altesim,1,1,False
com.banditdb,1,1,False
com.agenticpaywall,1,1,False
com.agentnewsstand,1,1,False
com.agentlinkops,1,1,False
com.agentlefs,1,1,False
com.agentixshop,1,1,False
com.agentiscript,1,1,False
com.agentio,1,1,False
com.agentictotem,1,1,False
com.agenticdealernetwork,1,1,False
com.ai-agents-make-money-here,1,1,False
com.agenticcontrolplane,1,1,False
com.agentgrade,1,1,False
com.agentfilings,1,1,False
com.agentfenster,1,1,False
com.agentery,1,1,False
com.agentemaillist.ai,1,1,False
com.agentegalicia,1,1,False
com.agentorist,1,1,False
com.agentpmt,1,1,False
com.agentrux,1,1,False
com.agentry,1,1,False
com.agorean,1,1,False
com.agntpad,1,1,False
com.agiscorecard,1,1,False
com.agilitycms,1,1,False
com.agialpha,1,1,False
com.aggreigator,1,1,False
com.aggors,1,1,False
com.agentworkpad,1,1,False
com.agenttrafficlab,1,1,False
com.agentsprice,1,1,False
com.agentspodium,1,1,False
com.agentsgetpaidmore,1,1,False
com.agentsconsultants.api,1,1,False
com.agents-wiki,1,1,False
com.agents-agents-agents,1,1,False
com.agentdomainsearch,1,1,False
com.agentdatum,1,1,False
com.agentcollect,1,1,False
com.adwhispr,1,1,False
com.advisorppc,1,1,False
com.advisorfinder,1,1,False
com.adviserry,1,1,False
com.aduanafacilandorra.www,1,1,False
com.adsuploader,1,1,False
com.adspirer,1,1,False
com.adsbiq,1,1,False
com.adrianczuczka,1,1,False
com.adpilotmcp,1,1,False
com.adpeekly,1,1,False
com.adologyai,1,1,False
com.admitbase,1,1,False
com.admit-coach,1,1,False
com.adminlanding,1,1,False
com.admaxxer,1,1,False
com.advocatemcp,1,1,False
com.aegeanbot,1,1,False
com.agentcheckoutapi,1,1,False
com.aex402,1,1,False
com.agentcat,1,1,False
com.agentbrink.www,1,1,False
com.agentbookable,1,1,False
com.agentavow,1,1,False
com.agentalog,1,1,False
com.agent-tune,1,1,False
com.agent-preflight,1,1,False
com.agent-observatory,1,1,False
com.agencygrowth,1,1,False
com.ag-bureau,1,1,False
com.aftership.mcp,1,1,False
com.affogata.app,1,1,False
com.affiliaterail,1,1,False
com.afeleos,1,1,False
com.afdinstitute,1,1,False
com.agtnames,1,1,False
com.ai-erd,1,1,False
com.alternomy,1,1,False
com.aivshire,1,1,False
com.alexandrecaramaschi,1,1,False
com.aleeth,1,1,False
com.alderflux,1,1,False
com.alchemy,1,1,False
com.alamavar.taskrail,1,1,False
com.aiwebsitepipeline,1,1,False
com.aiwatercolorgenerator,1,1,False
com.aiurion,1,1,False
com.ai-gist,1,1,False
com.aisurfhut,1,1,False
com.aistackscore,1,1,False
com.aiskills402,1,1,False
com.aishorty,1,1,False
com.aisenseapi,1,1,False
com.airtable,1,1,False
com.airsidelabs,1,1,False
com.alexpolonsky,1,1,False
com.alfanestlabs,1,1,False
com.algeriacertify,1,1,False
com.algo-trade-analytics,1,1,False
com.alternativasia,1,1,False
com.alpinedataworks,1,1,False
com.alphanume,1,1,False
com.alphaassay,1,1,False
com.alpha402x,1,1,False
com.aloudable,1,1,False
com.almured,1,1,False
com.almirall,1,1,False
com.alltimetables,1,1,False
com.allstacks,1,1,False
com.allpdfmagic,1,1,False
com.allgoodinsp,1,1,False
com.alleskralle,1,1,False
com.algovesta,1,1,False
com.algomakers,1,1,False
com.airroi,1,1,False
com.airportloungelist.mcp,1,1,False
com.airport-pickups-london,1,1,False
com.aidemos,1,1,False
com.aicryptosniper,1,1,False
com.aicontentdrop,1,1,False
com.aicandidatehub,1,1,False
com.aibooma,1,1,False
com.aiapplyd,1,1,False
com.aianyone,1,1,False
com.aialtfinder,1,1,False
com.aiakiv,1,1,False
com.aiactradar,1,1,False
com.ai2fin,1,1,False
com.ai-translators.www,1,1,False
com.ai-semantica,1,1,False
com.ai-rook.agents,1,1,False
com.ai-rete-rag,1,1,False
com.ai-law-tracker,1,1,False
com.aidailybrew,1,1,False
com.aidesignblueprint,1,1,False
com.airolloutframework,1,1,False
com.aidevboard,1,1,False
com.airlinestarlinktracker,1,1,False
com.airfreightprice,1,1,False
com.aiqbee,1,1,False
com.aiproperty-phuket,1,1,False
com.aiod-automatic-discount,1,1,False
com.aineedhelpfromotherai,1,1,False
com.aim-journal,1,1,False
com.aikstockdata,1,1,False
com.aiinterviewagents,1,1,False
com.aiinfradecoded,1,1,False
com.aiimplementationcost,1,1,False
com.aihomedesign,1,1,False
com.aigramx,1,1,False
com.aiesphere,1,1,False
com.aidoos,1,1,False
com.balmasai,1,1,False
com.bangermail,1,1,False
com.aditus.developers,1,1,False
com.cautellus,1,1,False
com.cerberusindex,1,1,False
com.centipidbilling,1,1,False
com.celigo,1,1,False
com.cefradar,1,1,False
com.cdata,1,1,False
com.cavyro,1,1,False
com.cavuno,1,1,False
com.caudexcatena,1,1,False
com.checkoutpage,1,1,False
com.catchintent,1,1,False
com.catchdoms,1,1,False
com.catalystedgescanner,1,1,False
com.catalogapi,1,1,False
com.caspio,1,1,False
com.caspchecklist,1,1,False
com.cashflowfrog.mcp,1,1,False
com.cerebrochain,1,1,False
com.chadanalytics,1,1,False
com.chainfolioai,1,1,False
com.chaingrantor,1,1,False
com.cheapestinference,1,1,False
com.cheap409a,1,1,False
com.chateaupedia,1,1,False
com.chasync,1,1,False
com.chartforgeai,1,1,False
com.chartervsown,1,1,False
com.chartercaptain,1,1,False
com.chargt,1,1,False
com.chargerdojo,1,1,False
com.chapsoft,1,1,False
com.chaot-kit,1,1,False
com.changethisfile,1,1,False
com.chalet-montagne,1,1,False
com.chaiz,1,1,False
com.chainstack,1,1,False
com.casemargin,1,1,False
com.cartviral,1,1,False
com.carto,1,1,False
com.canienter,1,1,False
com.canarics,1,1,False
com.canalnav,1,1,False
com.canadapayrollcalculator,1,1,False
com.camdentools,1,1,False
com.cambercloud.camber-mcp,1,1,False
com.calvingwatch,1,1,False
com.calmseo,1,1,False
com.callingly,1,1,False
com.caliuapp,1,1,False
com.californiasolarcostcalculator,1,1,False
com.californiahvacreplacementcost,1,1,False
com.calibvo,1,1,False
com.calibrd,1,1,False
com.calculbrutennet,1,1,False
com.calcfleet,1,1,False
com.candidcost,1,1,False
com.cannonvoip,1,1,False
com.carsmultiverse,1,1,False
com.canonicai,1,1,False
com.cars-data,1,1,False
com.carrepaircostestimator,1,1,False
com.caribooks,1,1,False
com.carhandshake,1,1,False
com.cargovox,1,1,False
com.careranks,1,1,False
com.careplankit,1,1,False
com.careerrift,1,1,False
com.cardcenteringtool,1,1,False
com.car-gene,1,1,False
com.captureoneai,1,1,False
com.captionpipe,1,1,False
com.captiatechnology,1,1,False
com.capitalgainstaxhq,1,1,False
com.capital-workbench,1,1,False
com.checkmarx,1,1,False
com.checkrecall,1,1,False
com.cadencz,1,1,False
com.clauxel.aistudioworkspaceapproval,1,1,False
com.clauxel.bumblebeereceipt,1,1,False
com.clauxel.browserspendguard,1,1,False
com.clauxel.autobrowserapproval,1,1,False
com.clauxel.antigravityrunledger,1,1,False
com.clauxel.antigravityextensiongate,1,1,False
com.clauxel.androidcliagentgate,1,1,False
com.clauxel.aiwaiverdesk,1,1,False
com.clauxel.aistudioandroidreleasegate,1,1,False
com.cherishedbook,1,1,False
com.clauxel.agentskillupdategate,1,1,False
com.clauxel.agentmonitorrelay,1,1,False
com.clauxel.agentmemorymcp,1,1,False
com.clauxel.agentmailrooms,1,1,False
com.clauxel.agentichtmlexportqa,1,1,False
com.clauxel.agenticbudgetrouter,1,1,False
com.clauxel.agentdataboundary,1,1,False
com.clauxel.byterovermemory,1,1,False
com.clauxel.c2padisclosure,1,1,False
com.clauxel.c2paintake,1,1,False
com.clauxel.chromedevtoolsmcp,1,1,False
com.clauxel.futureagievals,1,1,False
com.clauxel.fastmcpruntime,1,1,False
com.clauxel.evalscopebench,1,1,False
com.clauxel.equiblesagent,1,1,False
com.clauxel.decapodkernel,1,1,False
com.clauxel.dbqueryguard,1,1,False
com.clauxel.coralquery,1,1,False
com.clauxel.copilotconnectorledger,1,1,False
com.clauxel.copilotcliswitchgate,1,1,False
com.clauxel.context7docs,1,1,False
com.clauxel.codexrunledger,1,1,False
com.clauxel.codegworkspace,1,1,False
com.clauxel.codegraphcontext,1,1,False
com.clauxel.clianythingharness,1,1,False
com.clauxel.clawmanagerfleet,1,1,False
com.clauxel.a2areplayreceipt,1,1,False
com.clauxel.a2aidentitytoll,1,1,False
com.clauxel.a2adependencyinspector,1,1,False
com.citehawk,1,1,False
com.circleci,1,1,False
com.cintrasupply,1,1,False
com.cinevva,1,1,False
com.cinegenta,1,1,False
com.cinderfi,1,1,False
com.churnsolution,1,1,False
com.chrysai.www,1,1,False
com.chrome-stats,1,1,False
com.choruskeepsake,1,1,False
com.chorilo,1,1,False
com.choosemylo,1,1,False
com.choosehelp,1,1,False
com.chnlsync,1,1,False
com.chilipiper,1,1,False
com.cherokeeai,1,1,False
com.citationsafe,1,1,False
com.citestamp,1,1,False
com.clauderegistry,1,1,False
com.citevana,1,1,False
com.clauderecall,1,1,False
com.claudeimagine,1,1,False
com.claudeers,1,1,False
com.claude-world,1,1,False
com.claritybriefs,1,1,False
com.claribi,1,1,False
com.claraconverts,1,1,False
com.claidex,1,1,False
com.civilquants,1,1,False
com.civic,1,1,False
com.citywalkplan,1,1,False
com.cityparity,1,1,False
com.cituna,1,1,False
com.citlyze,1,1,False
com.citizenshipdescentchecker,1,1,False
com.cajusticewatch,1,1,False
com.cadencercs,1,1,False
com.bankcodelookup,1,1,False
com.bird,1,1,False
com.bitly,1,1,False
com.bitcoinsllm,1,1,False
com.bitcoincreditstack,1,1,False
com.bisibility,1,1,False
com.birkinbagstock,1,1,False
com.birdsift,1,1,False
com.birdieduel,1,1,False
com.binaryandthread,1,1,False
com.blockscout,1,1,False
com.billingserv,1,1,False
com.bilgai,1,1,False
com.bilanceapp,1,1,False
com.bikefuchs,1,1,False
com.bigdata,1,1,False
com.bigballsdata,1,1,False
com.bidsparq,1,1,False
com.bitmovin.mcp.analytics,1,1,False
com.bitpoort,1,1,False
com.bitsweave,1,1,False
com.bitvoya,1,1,False
com.blixtworks.www,1,1,False
com.blitzreels,1,1,False
com.blinkcodes,1,1,False
com.blindpay,1,1,False
com.blicht,1,1,False
com.blendduck,1,1,False
com.blbestate,1,1,False
com.blazesportsintel,1,1,False
com.blackwaterwindowcleaning,1,1,False
com.blackveilsecurity,1,1,False
com.blacklabelbots.continuum,1,1,False
com.blackduck,1,1,False
com.blackdogranch,1,1,False
com.bizworthcalculator,1,1,False
com.biz-planner,1,1,False
com.bidskim,1,1,False
com.bids44,1,1,False
com.bidda,1,1,False
com.beforevibe,1,1,False
com.bedrocktap,1,1,False
com.bedrocknews,1,1,False
com.beauticslab,1,1,False
com.beaubitw,1,1,False
com.beamtrace,1,1,False
com.beacio,1,1,False
com.bavlio,1,1,False
com.basischarts,1,1,False
com.basedash,1,1,False
com.base167,1,1,False
com.barvinca,1,1,False
com.barisasa.earlywire,1,1,False
com.bankstatementsheet,1,1,False
com.bankruptcyobserver,1,1,False
com.banking-mcp,1,1,False
com.beeimg,1,1,False
com.beleeg,1,1,False
com.biaedge,1,1,False
com.belindoc,1,1,False
com.beyourcover,1,1,False
com.beyondfolder,1,1,False
com.beycome,1,1,False
com.besttimetobookhotels,1,1,False
com.bestsanityagency,1,1,False
com.bestekitools,1,1,False
com.bestcarfinder,1,1,False
com.bespree,1,1,False
com.besot,1,1,False
com.besewbizzy,1,1,False
com.bernuvia,1,1,False
com.bereviewable,1,1,False
com.benriscore,1,1,False
com.benawf,1,1,False
com.bellwethermetrics,1,1,False
com.blocklottos,1,1,False
com.blockventurechaincapital,1,1,False
com.cache-boost,1,1,False
com.btcdcaengine,1,1,False
com.bullpenstrategygroup.rotunda,1,1,False
com.builtwithjon,1,1,False
com.built2winweb,1,1,False
com.buffrota,1,1,False
com.budgeyapp,1,1,False
com.budgetpixel,1,1,False
com.buckybuild,1,1,False
com.browserssh,1,1,False
com.blotato,1,1,False
com.browserforest,1,1,False
com.browser-use,1,1,False
com.brontir,1,1,False
com.bronjoy,1,1,False
com.brokervsadvisor,1,1,False
com.brokerchooser,1,1,False
com.brixastudio,1,1,False
com.bunny,1,1,False
com.burnesatelier,1,1,False
com.burnlore,1,1,False
com.busabase,1,1,False
com.cabal-hunter.api,1,1,False
com.bzigo,1,1,False
com.bynn,1,1,False
com.bykaranteli,1,1,False
com.byjg,1,1,False
com.byimprint,1,1,False
com.buzzradr,1,1,False
com.buyukesim,1,1,False
com.buylater,1,1,False
com.buyerawareapp,1,1,False
com.butterflydelta,1,1,False
com.bustup-monitor,1,1,False
com.businessvaluenow,1,1,False
com.businessmcp,1,1,False
com.bushdrum,1,1,False
com.brightsec,1,1,False
com.brightmoot,1,1,False
com.bridgetoagent,1,1,False
com.boostermage,1,1,False
com.bookingmaven,1,1,False
com.bonizu,1,1,False
com.bonebenders,1,1,False
com.boltena,1,1,False
com.bolotstudio,1,1,False
com.bokendell,1,1,False
com.boatvaluecalculator,1,1,False
com.boathousecloud,1,1,False
com.boardrepo,1,1,False
com.bmikit,1,1,False
com.bmcxiv,1,1,False
com.blvigil,1,1,False
com.blueticked,1,1,False
com.bluepillow,1,1,False
com.bluecloudcyber,1,1,False
com.boostedchat,1,1,False
com.boosthis,1,1,False
com.brick-byte,1,1,False
com.boothcheck,1,1,False
com.brianbooms,1,1,False
com.brewmypdf,1,1,False
com.brelsfordsoftware.agentweb,1,1,False
com.brelsfordsoftware,1,1,False
com.breckenwander,1,1,False
com.brazilmacro,1,1,False
com.bravos-ai,1,1,False
com.branderux,1,1,False
com.brainonbnb,1,1,False
com.bozfix,1,1,False
com.boxtoplay,1,1,False
com.bouncewatch,1,1,False
com.bounceprotect.www,1,1,False
com.bouldercountydryervent,1,1,False
com.bota-chat,1,1,False
com.admakeai,1,1,False
com.adcreator-ai,1,1,False
app.racecalendar,1,1,False
bio.esst,1,1,False
biz.soeru,1,1,False
biz.nibiashara,1,1,False
biz.keepingtrack,1,1,False
biz.icecat,1,1,False
bio.untangle,1,1,False
bio.lnk,1,1,False
bio.irishealth,1,1,False
bio.atlarium,1,1,False
br.com.adseditor,1,1,False
bible.void,1,1,False
bible.vineverse,1,1,False
bg.namerimidom,1,1,False
best.uneed,1,1,False
best.creditcards,1,1,False
be.vibedeploy,1,1,False
be.tripnet.mnemosyne,1,1,False
biz.sri-test,1,1,False
blog.tenjin,1,1,False
blue.brick,1,1,False
bo.paralelo,1,1,False
br.com.acorridadosbairros,1,1,False
br.com.9bot,1,1,False
br.app.classificado,1,1,False
bot.yeehaw,1,1,False
bot.ttrpg,1,1,False
bot.ranch,1,1,False
bot.persnickety,1,1,False
bot.myagi,1,1,False
bot.meet,1,1,False
bot.mailbox,1,1,False
bot.loro,1,1,False
bot.goodbotbad,1,1,False
bot.forum,1,1,False
bot.402,1,1,False
bond.gonna,1,1,False
be.realbam,1,1,False
be.lexgo,1,1,False
be.florealholidays,1,1,False
au.com.microburbs,1,1,False
au.com.insuro,1,1,False
au.com.iknowthepilot,1,1,False
au.com.horsetruth,1,1,False
au.com.feasibly,1,1,False
au.com.digitaldarts,1,1,False
au.com.cryptobuddy,1,1,False
au.com.casaintelligence,1,1,False
au.com.cameronwilson.camfeed,1,1,False
au.com.ato-mcp,1,1,False
au.com.arthr,1,1,False
au.com.appgenie,1,1,False
au.com.aiframework,1,1,False
au.bricktrack,1,1,False
at.uurl,1,1,False
at.sporthotelideal,1,1,False
au.com.manageyourloans,1,1,False
au.com.ministryofgems,1,1,False
be.errand,1,1,False
au.com.motorloop,1,1,False
bar.theagent,1,1,False
bar.alerts,1,1,False
baby.namesake,1,1,False
az.trend,1,1,False
aws.api.us-east-1.eks-mcp,1,1,False
aws.api.us-east-1.ecs-mcp,1,1,False
au.com.wattscope,1,1,False
au.com.vividads,1,1,False
au.com.truo,1,1,False
au.com.trip-planner,1,1,False
au.com.travellersgroup,1,1,False
au.com.totalparks,1,1,False
au.com.rtopacks,1,1,False
au.com.nexwin,1,1,False
au.com.nempulse,1,1,False
br.com.adoteca,1,1,False
br.com.brasilnfe,1,1,False
at.gridbert,1,1,False
ca.creditgps,1,1,False
ca.maplev,1,1,False
ca.lovethenorth,1,1,False
ca.honkio,1,1,False
ca.garagedoorman,1,1,False
ca.freelancertax,1,1,False
ca.entogo,1,1,False
ca.dinilu,1,1,False
ca.commercialgaragedoorman,1,1,False
br.com.bridgeaibrasil,1,1,False
ca.clevertech,1,1,False
ca.ccpcrate,1,1,False
ca.canada-payroll,1,1,False
ca.bluecraneworks,1,1,False
ca.bakhour,1,1,False
ca.artsdata,1,1,False
ca.airiskmanagement,1,1,False
ca.mattherbert,1,1,False
ca.movahedi,1,1,False
ca.myoutfitters,1,1,False
ca.netgrant,1,1,False
care.vide.shop,1,1,False
care.fysio,1,1,False
cards.klaro,1,1,False
cards.dearhuman,1,1,False
ca.wiremi,1,1,False
ca.veilpoint,1,1,False
ca.tradebasis,1,1,False
ca.taparcelle,1,1,False
ca.swiftsign,1,1,False
ca.structureclerk,1,1,False
ca.sreddy,1,1,False
ca.parksopen,1,1,False
ca.omniapps,1,1,False
ca.omniaauto,1,1,False
ca.oathready,1,1,False
ca.ai-arena,1,1,False
ca.agenceelan,1,1,False
ca.905trades,1,1,False
br.com.signdocs,1,1,False
br.com.pushinpay,1,1,False
br.com.obraaberta,1,1,False
br.com.nvoip,1,1,False
br.com.notaguard,1,1,False
br.com.nineoneninetwo,1,1,False
br.com.music360.app,1,1,False
br.com.mupag,1,1,False
br.com.minutaia,1,1,False
br.com.metroquadradosc,1,1,False
br.com.lensas,1,1,False
br.com.jettracker,1,1,False
br.com.foxnfe,1,1,False
br.com.fipex,1,1,False
br.com.escoladeradio.www,1,1,False
br.com.carpedia,1,1,False
br.com.redentia,1,1,False
br.com.upcampo,1,1,False
bzh.mana,1,1,False
br.com.vpnchebib,1,1,False
bz.manda,1,1,False
by.authorized,1,1,False
business.mastermindshq,1,1,False
builders.bridgetown,1,1,False
build.uplink,1,1,False
build.swapi,1,1,False
build.pdfs,1,1,False
build.naru,1,1,False
build.fabricate,1,1,False
build.exascale,1,1,False
build.aurora,1,1,False
build.arca.mcp,1,1,False
brussels.toots,1,1,False
br.ia.cnpj,1,1,False
br.com.wikijuridica,1,1,False
at.memebo,1,1,False
at.designare,1,1,False
casa.find-me.sub1,1,1,False
app.soclo,1,1,False
app.srift,1,1,False
app.squadride,1,1,False
app.sprkly,1,1,False
app.spoonjoy,1,1,False
app.sparkscribe,1,1,False
app.sorsa,1,1,False
app.somvia,1,1,False
app.socialrainbow,1,1,False
app.thesignup,1,1,False
app.sitejar,1,1,False
app.signsimple,1,1,False
app.showitworks,1,1,False
app.shotlee,1,1,False
app.sharemypage,1,1,False
app.sentn,1,1,False
app.sentinelx,1,1,False
app.steadywrk,1,1,False
app.steep,1,1,False
app.strikemission,1,1,False
app.studio99,1,1,False
app.term,1,1,False
app.teleboost,1,1,False
app.tectonicplates,1,1,False
app.tbrp,1,1,False
app.tbit,1,1,False
app.tasg,1,1,False
app.tanjiren,1,1,False
app.takehub,1,1,False
app.tabtree,1,1,False
app.swissdeals,1,1,False
app.surewhynot.quartermaster,1,1,False
app.surewhynot.quantum-artificer,1,1,False
app.superdocs,1,1,False
app.subdomain,1,1,False
app.studiohaus,1,1,False
app.sensefold,1,1,False
app.sendhey,1,1,False
app.sellerassistant,1,1,False
app.roughsketch,1,1,False
app.robohub,1,1,False
app.robisie,1,1,False
app.roamward,1,1,False
app.rezee,1,1,False
app.resumequick,1,1,False
app.repopilot,1,1,False
app.replit.austere-unsteady-pdf,1,1,False
app.repage,1,1,False
app.remoote,1,1,False
app.recao,1,1,False
app.reassign,1,1,False
app.readwithleaf,1,1,False
app.raster,1,1,False
app.railway.up.engine-production-3bdc,1,1,False
app.railway.up.airy-enthusiasm-production,1,1,False
app.rombik,1,1,False
app.rovyn,1,1,False
app.selis.mcp,1,1,False
app.rowb.ai-visibility,1,1,False
app.seatcanvas,1,1,False
app.screenies,1,1,False
app.schedulin,1,1,False
app.schedii,1,1,False
app.scfcontrolsplatform,1,1,False
app.scanbim,1,1,False
app.scalesystema,1,1,False
app.savedthat,1,1,False
app.safeship,1,1,False
app.saber.mcp,1,1,False
app.run.europe-west1.x402-seller-202595743428,1,1,False
app.rumors,1,1,False
app.rowb.stampcard,1,1,False
app.rowb.oganvil,1,1,False
app.rowb.auth-posture,1,1,False
app.terravue,1,1,False
app.thoughtspot,1,1,False
at.blckalpaca,1,1,False
app.worldmonitor,1,1,False
app.zooza,1,1,False
app.zenable,1,1,False
app.zaklad,1,1,False
app.ytbulktranscript,1,1,False
app.youb,1,1,False
app.yapl,1,1,False
app.xtiles,1,1,False
app.work-handler,1,1,False
app.tinkrr,1,1,False
app.wonbuddhism,1,1,False
app.witwiki,1,1,False
app.withglint.recallradar,1,1,False
app.wisepenny,1,1,False
app.wemoveat,1,1,False
app.web.mindset-502113,1,1,False
app.wasync,1,1,False
app.zwier,1,1,False
ar.almanac,1,1,False
ar.com.consignatarias,1,1,False
ar.com.escaparate,1,1,False
at.baeck,1,1,False
at.aamio,1,1,False
asia.aifu,1,1,False
art.travel,1,1,False
art.thisisstill,1,1,False
art.sprite-ai,1,1,False
art.maddegen.agent,1,1,False
art.allover,1,1,False
archi.den,1,1,False
ar.mueblito,1,1,False
ar.indicadores,1,1,False
ar.energetica,1,1,False
ar.com.sofiaferro,1,1,False
ar.com.ninox,1,1,False
ar.com.muovi,1,1,False
app.warplink,1,1,False
app.wallek,1,1,False
app.waapi,1,1,False
app.vercel.agent-svg-registry,1,1,False
app.uploadcheck,1,1,False
app.undisk.mcp,1,1,False
app.twiceshy,1,1,False
app.turnale,1,1,False
app.trysonar,1,1,False
app.trustydata,1,1,False
app.trustrails,1,1,False
app.triplogistics,1,1,False
app.tripeak,1,1,False
app.traderspy,1,1,False
app.tradeit,1,1,False
app.toptik,1,1,False
app.toongen,1,1,False
app.toolsnap,1,1,False
app.toofi,1,1,False
app.vayapin,1,1,False
app.vercel.agentready-rho,1,1,False
app.vixai,1,1,False
app.vercel.auditflag-lac,1,1,False
app.vifo,1,1,False
app.vibecom,1,1,False
app.veteranhq,1,1,False
app.vercel.triageshield,1,1,False
app.vercel.stripecheckup,1,1,False
app.vercel.slopcheck-one,1,1,False
app.vercel.renewalmatrix,1,1,False
app.vercel.proof-stack-lake,1,1,False
app.vercel.ora-x402-gateway,1,1,False
app.vercel.interesting-concepts-ventures,1,1,False
app.vercel.groundtruth-ruby,1,1,False
app.vercel.flightsweeper-webmcp,1,1,False
app.vercel.filingcheck-bot,1,1,False
app.vercel.exploitwatch-kappa,1,1,False
app.vercel.cloakcheck-wheat,1,1,False
care.vitena,1,1,False
cash.forage,1,1,False
com.adbutler,1,1,False
co.okahu.mcp-registry,1,1,False
co.policyforge,1,1,False
co.pepys,1,1,False
co.pentatrail,1,1,False
co.parahuman,1,1,False
co.orbilo,1,1,False
co.openwebhook,1,1,False
co.oneschema,1,1,False
co.obto,1,1,False
co.spark-apps,1,1,False
co.nexalink,1,1,False
co.netstate,1,1,False
co.net.conexcol.mcp,1,1,False
co.nautilinks,1,1,False
co.mycheck,1,1,False
co.mindlify,1,1,False
co.milemarker.lp,1,1,False
co.promptguard,1,1,False
co.promptui,1,1,False
co.quibbly,1,1,False
co.quickpeek,1,1,False
co.sofya,1,1,False
co.skillsandagents,1,1,False
co.sivut.pay,1,1,False
co.sickslip.www,1,1,False
co.ship-safe,1,1,False
co.servicegraph.mcp,1,1,False
co.schoolscope,1,1,False
co.sailrides,1,1,False
co.rulebase,1,1,False
co.rho,1,1,False
co.respawnmedia.signal,1,1,False
co.rapidly,1,1,False
co.rakuda.atlas,1,1,False
co.raisekit,1,1,False
co.radicadouno,1,1,False
co.milemarker,1,1,False
co.mantrana,1,1,False
co.majorlabs,1,1,False
co.incarn,1,1,False
co.hilead,1,1,False
co.heyspark.mcp,1,1,False
co.herafertility,1,1,False
co.heista,1,1,False
co.haveny,1,1,False
co.golfdata,1,1,False
co.godmodeai,1,1,False
co.glide,1,1,False
co.gleanit,1,1,False
co.gitresume,1,1,False
co.geztio,1,1,False
co.getvalyou,1,1,False
co.getrefine,1,1,False
co.getlasso,1,1,False
co.getbasin,1,1,False
co.huggingface,1,1,False
co.itseasy,1,1,False
co.machins,1,1,False
co.jacktrade,1,1,False
co.lovie,1,1,False
co.loopgolf,1,1,False
co.listdrop,1,1,False
co.leafwright,1,1,False
co.leadproof,1,1,False
co.lbm,1,1,False
co.launchtrust,1,1,False
co.laboriq,1,1,False
co.kymac.shelf,1,1,False
co.kymac.pdf,1,1,False
co.kymac.ocr,1,1,False
co.kymac.inbox,1,1,False
co.kymac.feeds,1,1,False
co.kuickr,1,1,False
co.junely,1,1,False
co.solsniperbot,1,1,False
co.split.mcp,1,1,False
co.foodose,1,1,False
com.808bits,1,1,False
com.aave,1,1,False
com.a3eecosystem.neurotrade,1,1,False
com.a2a2p,1,1,False
com.a11ychk,1,1,False
com.869biz.data-vending,1,1,False
com.83blue.upload,1,1,False
com.80percentsilver,1,1,False
com.7275,1,1,False
co.superforms,1,1,False
com.6ducklearn,1,1,False
com.636865636b73756d,1,1,False
com.53on,1,1,False
com.530amodel,1,1,False
com.409aproviders,1,1,False
com.409acost,1,1,False
com.402oracle,1,1,False
com.abbyseo,1,1,False
com.ablakunio,1,1,False
com.abundanceapis,1,1,False
com.abyssale,1,1,False
com.adbloop,1,1,False
com.adaptlypost,1,1,False
com.adadiamonds,1,1,False
com.acuris-geo,1,1,False
com.acuiq,1,1,False
com.actuato,1,1,False
com.actuallycare,1,1,False
com.acquislaw,1,1,False
com.acprompt,1,1,False
com.acornreply,1,1,False
com.achriom,1,1,False
com.accountingqb,1,1,False
com.accountingfirmvalue,1,1,False
com.accountancyvaluation,1,1,False
com.abyssfallgame,1,1,False
com.402cron,1,1,False
com.3gppscout,1,1,False
com.3doptix,1,1,False
co.yungle,1,1,False
co.workix,1,1,False
co.widgy,1,1,False
co.whooshly,1,1,False
co.webhook,1,1,False
co.vantaj,1,1,False
co.usegro,1,1,False
co.ultraprompt,1,1,False
co.trypitch,1,1,False
co.truncus,1,1,False
co.truerent,1,1,False
co.truemarkets,1,1,False
co.trawlia,1,1,False
co.thisdot.docusign-navigator,1,1,False
co.tenderly,1,1,False
co.tempguru,1,1,False
co.yougame,1,1,False
coach.freddy,1,1,False
com.25karats,1,1,False
coach.prose,1,1,False
com.1stdibs,1,1,False
com.1stcollab,1,1,False
com.1inch.business,1,1,False
com.1099policy,1,1,False
com.101soundboards,1,1,False
com.100hires,1,1,False
com.1001locals,1,1,False
com.0xpi.sdsentry,1,1,False
com.0xpi.scholar,1,1,False
com.0xpi.pantrypos,1,1,False
com.0dteconfluence,1,1,False
com.00widget,1,1,False
coffee.402,1,1,False
codes.qrflow,1,1,False
codes.find,1,1,False
co.g3m,1,1,False
co.flyweel,1,1,False
cat.2022,1,1,False
chat.avva,1,1,False
cheap.doc,1,1,False
chat.uproar,1,1,False
chat.trilo,1,1,False
chat.prowl,1,1,False
chat.prelim,1,1,False
chat.muro,1,1,False
chat.mumo,1,1,False
ch.zenarion,1,1,False
cloud.factry.portal,1,1,False
ch.wejob,1,1,False
ch.valetvoisin,1,1,False
ch.the-orbit,1,1,False
ch.swisslivingindex,1,1,False
ch.stratta,1,1,False
ch.prospex,1,1,False
ch.pfx,1,1,False
church.ai.mcp,1,1,False
ci.git,1,1,False
city.close,1,1,False
cl.alfabot,1,1,False
cloud.clawspan,1,1,False
cloud.bisque,1,1,False
cloud.basebalance,1,1,False
cloud.atatravel,1,1,False
cloud.artibot,1,1,False
cloud.anythink,1,1,False
cloud.agkit,1,1,False
cloud.agenteconomy,1,1,False
cloud.agentdomain,1,1,False
cloud.aevia,1,1,False
clinic.enmente,1,1,False
click.toolcall,1,1,False
click.tabula.www,1,1,False
cl.tuki,1,1,False
cl.repuestia,1,1,False
ch.opencaselaw,1,1,False
ch.martinelli,1,1,False
ch.lundio,1,1,False
cc.ssave,1,1,False
cc.roboparts,1,1,False
cc.pipic,1,1,False
cc.orionlabsone,1,1,False
cc.operandi,1,1,False
cc.joules,1,1,False
cc.halite,1,1,False
cc.easydata,1,1,False
cc.deplion,1,1,False
cc.contexta,1,1,False
cc.captcha,1,1,False
cc.bestaffiliateprograms,1,1,False
cc.basile,1,1,False
cc.accrue,1,1,False
cat.idescat,1,1,False
cat.churchofai,1,1,False
cc.servelink,1,1,False
cc.ssearch,1,1,False
ch.lumabill,1,1,False
cc.thecolony,1,1,False
ch.latzerus,1,1,False
ch.jassverband,1,1,False
ch.immoswipe,1,1,False
ch.getsharepa,1,1,False
ch.firmenwatch,1,1,False
ch.fedlex-connector,1,1,False
ch.entscheidsuche,1,1,False
ch.elevai,1,1,False
ch.dinilu,1,1,False
ch.cowork24,1,1,False
ch.blust,1,1,False
ch.arvi,1,1,False
center.mylink,1,1,False
cc.wealthos,1,1,False
cc.ticktape,1,1,False
cloud.easybits,1,1,False
cloud.fetcher,1,1,False
co.flow2,1,1,False
co.axiom,1,1,False
co.chatbase,1,1,False
co.canopyapi,1,1,False
co.callendar,1,1,False
co.bulktranscripts,1,1,False
co.brightkey,1,1,False
co.bizverify,1,1,False
co.betterchess,1,1,False
co.avagama,1,1,False
cloud.fikst,1,1,False
co.asksteps,1,1,False
co.apillow,1,1,False
co.altorank,1,1,False
co.aistoryhub,1,1,False
co.ainumbers,1,1,False
co.addressintel,1,1,False
co.addcal,1,1,False
co.churnkey,1,1,False
co.clutch,1,1,False
co.com.meteor,1,1,False
co.connic,1,1,False
co.fingersai,1,1,False
co.finalpeace,1,1,False
co.fastgpu,1,1,False
co.fastaf,1,1,False
co.everypage,1,1,False
co.dockai,1,1,False
co.dijin,1,1,False
co.dealwize,1,1,False
co.datafiniti,1,1,False
co.cuvo,1,1,False
co.curie,1,1,False
co.crevio,1,1,False
co.creativeclaw,1,1,False
co.cookie-compliance,1,1,False
co.contraption,1,1,False
cn.whylingxi,1,1,False
cn.syln.ai,1,1,False
cn.narracore,1,1,False
cloud.spider,1,1,False
cloud.serpent,1,1,False
cloud.redu,1,1,False
cloud.prince,1,1,False
cloud.nttzen.secdb,1,1,False
cloud.nordicdata,1,1,False
cloud.mynextadventure,1,1,False
cloud.metrifyr,1,1,False
cloud.mengi,1,1,False
cloud.massdriver,1,1,False
cloud.krova,1,1,False
cloud.kodshop,1,1,False
cloud.iox,1,1,False
cloud.gagarin,1,1,False
cloud.freebase,1,1,False
cloud.findagent,1,1,False
cloud.servicepal,1,1,False
cloud.theprotocol,1,1,False
cn.moonlybox,1,1,False
cloud.tiniest,1,1,False
cn.housingsentinel,1,1,False
cn.3ceng,1,1,False
club.worldorder,1,1,False
club.pilotex,1,1,False
club.parser,1,1,False
club.lity,1,1,False
club.inite,1,1,False
club.goodleads,1,1,False
club.elron,1,1,False
club.boringstuff,1,1,False
club.atlasyield,1,1,False
cloud.wavehouse,1,1,False
cloud.verifi,1,1,False
cloud.tri2b,1,1,False
cloud.tocbien,1,1,False
com.sophomath,1,1,False
com.sopvo,1,1,False
com.soracom,1,1,False
io.github.K1ta141k,1,1,False
io.github.KNambiarDJsc,1,1,False
io.github.KN0WBOT,1,1,False
io.github.KKazuhaK,1,1,False
io.github.KIOKO-LAB,1,1,False
io.github.KIM-ocean-HZ,1,1,False
io.github.KG-NINJA,1,1,False
io.github.KBD26,1,1,False
io.github.K-Cupples,1,1,False
io.github.KeibiSoft,1,1,False
io.github.JuzzyDee,1,1,False
io.github.JustinBStrong,1,1,False
io.github.Justice219,1,1,False
io.github.JustasMonkev,1,1,False
io.github.JustJuice55,1,1,False
io.github.JustAiAgent0809,1,1,False
io.github.Just-Moh-it,1,1,False
io.github.KStreak2026,1,1,False
io.github.KSym04,1,1,False
io.github.KVANTRA-dev,1,1,False
io.github.Kaanthan24,1,1,False
io.github.Kaydeep0,1,1,False
io.github.Kavachh,1,1,False
io.github.KatoMato65,1,1,False
io.github.Kastalien-Research,1,1,False
io.github.Karzone,1,1,False
io.github.KarstenKreh,1,1,False
io.github.Karniej,1,1,False
io.github.Kapeli,1,1,False
io.github.KamnevVladimir,1,1,False
io.github.KallistoX,1,1,False
io.github.Kajdep,1,1,False
io.github.Kaiserunix,1,1,False
io.github.Kaeva-labs,1,1,False
io.github.Kabzhanov,1,1,False
io.github.Kabrawala,1,1,False
io.github.Just-Fix,1,1,False
io.github.Juniper,1,1,False
io.github.Junhui20,1,1,False
io.github.Joseph-CEO,1,1,False
io.github.JosejuX,1,1,False
io.github.Jorgeperez0825,1,1,False
io.github.JordanRO2,1,1,False
io.github.Jordan-Horner,1,1,False
io.github.Joonsense,1,1,False
io.github.Jonnyton,1,1,False
io.github.JonesRobM,1,1,False
io.github.Jonathanmberg,1,1,False
io.github.JonathanWeerakkody,1,1,False
io.github.JonathanB555,1,1,False
io.github.JonasRackl,1,1,False
io.github.JonasHeinickeBio,1,1,False
io.github.JonasFuchss,1,1,False
io.github.Jonahbkerr,1,1,False
io.github.JonahAlexanian,1,1,False
io.github.Josepavese,1,1,False
io.github.Joshanihub,1,1,False
io.github.Junemind,1,1,False
io.github.Joshua-Stapleton,1,1,False
io.github.JunHwan-Kwon,1,1,False
io.github.Juliusolsson05,1,1,False
io.github.JulienRabault,1,1,False
io.github.Jujitae,1,1,False
io.github.JuhongPark,1,1,False
io.github.Judgment-Pack,1,1,False
io.github.Jubstaaa,1,1,False
io.github.JubaKitiashvili,1,1,False
io.github.JuanCF,1,1,False
io.github.Jthora,1,1,False
io.github.Jrigada,1,1,False
io.github.Joyall-au,1,1,False
io.github.Jott2121,1,1,False
io.github.Josusanz,1,1,False
io.github.JosueM1109,1,1,False
io.github.Keesan12,1,1,False
io.github.Keiko-Dev-LCAI,1,1,False
io.github.JonJam,1,1,False
io.github.KrystalView,1,1,False
io.github.KunaniGaming,1,1,False
io.github.KultMember6Banger,1,1,False
io.github.Kujirafu,1,1,False
io.github.Kubedoll-Heavy-Industries,1,1,False
io.github.KubaOpoczka,1,1,False
io.github.Ktryberceo,1,1,False
io.github.Krzysztof318,1,1,False
io.github.KrystalUnity,1,1,False
io.github.KeithWyatt,1,1,False
io.github.Krv-Labs,1,1,False
io.github.KrushnaVardhanReddy,1,1,False
io.github.Kromatic-Innovation,1,1,False
io.github.KozakHou,1,1,False
io.github.KoyoYeager,1,1,False
io.github.KoumeKoubou,1,1,False
io.github.Korext,1,1,False
io.github.Kurok1,1,1,False
io.github.KushPatil22,1,1,False
io.github.KuvopLLC,1,1,False
io.github.KyTheKitty,1,1,False
io.github.LLM-Pulse,1,1,False
io.github.LJaysk,1,1,False
io.github.LIONMASTER20,1,1,False
io.github.LEOyrh,1,1,False
io.github.LE-VAI,1,1,False
io.github.LBZ558,1,1,False
io.github.LAXY9887,1,1,False
io.github.L337-org,1,1,False
io.github.L1ch404,1,1,False
io.github.Kzino,1,1,False
io.github.Kyrzin,1,1,False
io.github.KynuxDev,1,1,False
io.github.KylinMountain,1,1,False
io.github.Kylewilson04,1,1,False
io.github.KyleTaggart,1,1,False
io.github.Kopaev,1,1,False
io.github.Komdosh,1,1,False
io.github.KojimaHyui01,1,1,False
io.github.KingMandase,1,1,False
io.github.Kind-ling,1,1,False
io.github.KincaidYang,1,1,False
io.github.KimHyeongRae0,1,1,False
io.github.KilaWattCloud,1,1,False
io.github.KifoPL,1,1,False
io.github.Kibetho,1,1,False
io.github.KiMiGuel,1,1,False
io.github.KhizarShabir1,1,1,False
io.github.KhiipAI,1,1,False
io.github.Khamel83,1,1,False
io.github.KeyanGroup,1,1,False
io.github.KeyID-AI,1,1,False
io.github.Kevthetech143,1,1,False
io.github.Kentucky-ai,1,1,False
io.github.Kelows,1,1,False
io.github.Kindora-PBC,1,1,False
io.github.KingPeque,1,1,False
io.github.Kochava,1,1,False
io.github.Kinglions,1,1,False
io.github.Koala-Studios,1,1,False
io.github.KnockOutEZ,1,1,False
io.github.KmOnBeIbI31,1,1,False
io.github.Kloudle,1,1,False
io.github.KlossKarl,1,1,False
io.github.Klievan,1,1,False
io.github.Klawdik,1,1,False
io.github.Kjopstad-IT,1,1,False
io.github.KittyCAD,1,1,False
io.github.KitDevUA,1,1,False
io.github.Kisyntra,1,1,False
io.github.Kirusshenkin,1,1,False
io.github.Kirchlive,1,1,False
io.github.Kinnectd,1,1,False
io.github.Kingtriton92,1,1,False
io.github.JonTelep,1,1,False
io.github.Jolymmiles,1,1,False
io.github.Lab94,1,1,False
io.github.IngTian,1,1,False
io.github.IntelCue,1,1,False
io.github.Integrity-Os,1,1,False
io.github.InstaNode-dev,1,1,False
io.github.InsForge,1,1,False
io.github.InnarM,1,1,False
io.github.InitechSoftware,1,1,False
io.github.Inistate,1,1,False
io.github.Infrawise,1,1,False
io.github.IvanMurzak,1,1,False
io.github.InfoTrackGlobal,1,1,False
io.github.Inflectra,1,1,False
io.github.Infinihash,1,1,False
io.github.InferIndex,1,1,False
io.github.Inefavel,1,1,False
io.github.IndirectTek,1,1,False
io.github.Indhar01,1,1,False
io.github.Intellics-ai,1,1,False
io.github.InterAILabs,1,1,False
io.github.Intina47,1,1,False
io.github.IntrepidServicesLLC,1,1,False
io.github.ItzxFin2323,1,1,False
io.github.ItsBreeze,1,1,False
io.github.Its-fortunatefolly,1,1,False
io.github.Itr3k,1,1,False
io.github.Iteksmart,1,1,False
io.github.Isometric-Architect,1,1,False
io.github.Islomzoda,1,1,False
io.github.IrtezaAsadRizvi,1,1,False
io.github.IronSecCo,1,1,False
io.github.Iron-Mark,1,1,False
io.github.Iqbalahmed7,1,1,False
io.github.Ipayx-stellar,1,1,False
io.github.Iomed-commits,1,1,False
io.github.Invaro,1,1,False
io.github.Intuition-Lab,1,1,False
io.github.Incultnitollc,1,1,False
io.github.IncorporatedPartners,1,1,False
io.github.IncodeTechnologies,1,1,False
io.github.IbrahimKhaled19,1,1,False
io.github.IamNishant51,1,1,False
io.github.IPv6,1,1,False
io.github.IPGeolocation,1,1,False
io.github.IONIS-AI,1,1,False
io.github.INo-xious,1,1,False
io.github.INJprotocol,1,1,False
io.github.IMRRD,1,1,False
io.github.IMNMV,1,1,False
io.github.IMAGINstudio,1,1,False
io.github.IIxauII,1,1,False
io.github.IDTitanium,1,1,False
io.github.IDNSIDNS,1,1,False
io.github.IBazylchuk,1,1,False
io.github.IAfanasov,1,1,False
io.github.I4cTime,1,1,False
io.github.IamWi11,1,1,False
io.github.IcaroBichir,1,1,False
io.github.Implem,1,1,False
io.github.IceyWu,1,1,False
io.github.Imgrund,1,1,False
io.github.ImJaineel,1,1,False
io.github.ImDeepaksingh,1,1,False
io.github.IlyasKhallouki,1,1,False
io.github.IlyaIvanchikov,1,1,False
io.github.Ilya-a-sergeyev-ger,1,1,False
io.github.IlumCI,1,1,False
io.github.Ilmar7786,1,1,False
io.github.IlkhamFY,1,1,False
io.github.Ikalus1988,1,1,False
io.github.IgorShutko,1,1,False
io.github.IgnatiusTheYoungerAI,1,1,False
io.github.Ifeanyiejindu,1,1,False
io.github.IdoAzaCalls,1,1,False
io.github.Ideelab,1,1,False
io.github.IvGolovach,1,1,False
io.github.IvanRublev,1,1,False
io.github.Joinware,1,1,False
io.github.JdPG23,1,1,False
io.github.JerBouma,1,1,False
io.github.Jeomon,1,1,False
io.github.Jenpo,1,1,False
io.github.Jemplayer82,1,1,False
io.github.Jegoba90,1,1,False
io.github.JeenyJAI,1,1,False
io.github.JeanFrancoisGagne,1,1,False
io.github.Jcorderop02,1,1,False
io.github.IvandeMurard,1,1,False
io.github.Jcjimenezglez,1,1,False
io.github.JcJamet,1,1,False
io.github.Jbelieve,1,1,False
io.github.Jaywestphilly,1,1,False
io.github.JaysonAIOnline,1,1,False
io.github.JayQuan-McCleary,1,1,False
io.github.JaviMaligno,1,1,False
io.github.JerponHR,1,1,False
io.github.JerryLiu369,1,1,False
io.github.JesseGdotIO,1,1,False
io.github.JessieJanie,1,1,False
io.github.John0n1,1,1,False
io.github.JoeyBrar,1,1,False
io.github.Jodes81,1,1,False
io.github.JoaoBerne,1,1,False
io.github.JoJoLaBagarre,1,1,False
io.github.Jmpy-me,1,1,False
io.github.Jmeg8r,1,1,False
io.github.JinyangWang27,1,1,False
io.github.JimothySnicket,1,1,False
io.github.Jimdrews,1,1,False
io.github.JigSawFr,1,1,False
io.github.JienWeng,1,1,False
io.github.JhostinAleck,1,1,False
io.github.Jhackman2019,1,1,False
io.github.JesusGarcia9009,1,1,False
io.github.JasonCZMeng,1,1,False
io.github.Jarvis-27,1,1,False
io.github.Jarroslav,1,1,False
io.github.JPMarhefka,1,1,False
io.github.JOHNZhang-ui,1,1,False
io.github.JMLEE850623,1,1,False
io.github.JGPAS,1,1,False
io.github.JDoornink,1,1,False
io.github.JDWilliums,1,1,False
io.github.JCrossman,1,1,False
io.github.JAIPilot,1,1,False
io.github.J8k3,1,1,False
io.github.J0401,1,1,False
io.github.J-MaFf,1,1,False
io.github.Izyuusya,1,1,False
io.github.IzikLisbon,1,1,False
io.github.Ivy-Innovation,1,1,False
io.github.IvenKooLab,1,1,False
io.github.Ivanolegvak,1,1,False
io.github.JOYLINK-LTD,1,1,False
io.github.JRA-zachpennington,1,1,False
io.github.Jannis-E,1,1,False
io.github.JSJFIN,1,1,False
io.github.Janicezhhhh,1,1,False
io.github.James-Chahwan,1,1,False
io.github.JakubTrousil,1,1,False
io.github.Jakolo121,1,1,False
io.github.Jaketdaniels,1,1,False
io.github.JakeLiuMe,1,1,False
io.github.JajuanX,1,1,False
io.github.JadeSparrow,1,1,False
io.github.JacobBruce,1,1,False
io.github.Jacob-J-Thomas,1,1,False
io.github.Jackxiaozhiren,1,1,False
io.github.Jackson-Brooks,1,1,False
io.github.JackVitick,1,1,False
io.github.JXUE0,1,1,False
io.github.JUNKDOGE-JOE,1,1,False
io.github.LaZZy0v0,1,1,False
io.github.LabForgeDev,1,1,False
io.github.HypnoLabs-io,1,1,False
io.github.MetaBrain-Labs,1,1,False
io.github.Michael-Drake,1,1,False
io.github.MicaelJarniac,1,1,False
io.github.Mgnlockii,1,1,False
io.github.MetriLLM,1,1,False
io.github.Metatronsdoob369,1,1,False
io.github.Metadrama,1,1,False
io.github.MetaLift-AI,1,1,False
io.github.Mesteriis,1,1,False
io.github.Mingye-Lu,1,1,False
io.github.MervinPraison,1,1,False
io.github.Merit-Systems,1,1,False
io.github.MerchantGuard,1,1,False
io.github.MendleM,1,1,False
io.github.Memphora,1,1,False
io.github.MemoriLabs,1,1,False
io.github.Melvynx,1,1,False
io.github.MichaelCrowe11,1,1,False
io.github.MichaelS1011,1,1,False
io.github.MichielDeRuiter,1,1,False
io.github.Mickdownunder,1,1,False
io.github.MindscapeHQ,1,1,False
io.github.MinaProtocol,1,1,False
io.github.Mimirs402,1,1,False
io.github.MilnaOS,1,1,False
io.github.MikhailHal,1,1,False
io.github.MikeyPetrillo,1,1,False
io.github.Mikerichardmail,1,1,False
io.github.Mikehzp,1,1,False
io.github.MikeRecognex,1,1,False
io.github.MikeDorian375,1,1,False
io.github.MikeAshtonEILLC,1,1,False
io.github.Mike25app,1,1,False
io.github.Mike05102,1,1,False
io.github.Mihkel00,1,1,False
io.github.MihaiBuilds,1,1,False
io.github.Melusi-M,1,1,False
io.github.Melgencer,1,1,False
io.github.MelanieABC,1,1,False
io.github.MauricioPerera,1,1,False
io.github.MatthewTracy,1,1,False
io.github.MatthewSherlin,1,1,False
io.github.MattStellisoft,1,1,False
io.github.MattKilmer,1,1,False
io.github.MattJeff,1,1,False
io.github.MatsushitaTokitsugu,1,1,False
io.github.MathiasPaulenko,1,1,False
io.github.MaterialModel,1,1,False
io.github.MatanYemini,1,1,False
io.github.Mastercard,1,1,False
io.github.MasterPlayspots,1,1,False
io.github.Massed-Compute,1,1,False
io.github.MasonChow,1,1,False
io.github.Mason-Levyy,1,1,False
io.github.Masmedeam,1,1,False
io.github.MauriceIsrael,1,1,False
io.github.MauroDruwel,1,1,False
io.github.Mehmoodqureshi,1,1,False
io.github.Maverick7,1,1,False
io.github.MegaPanchamZ,1,1,False
io.github.Meet-Bhalodiya,1,1,False
io.github.Mediaeater,1,1,False
io.github.MediaShareORG,1,1,False
io.github.Medhovarsh,1,1,False
io.github.MeasureSpace,1,1,False
io.github.Mearman,1,1,False
io.github.MealMasteryAI,1,1,False
io.github.MeMikko,1,1,False
io.github.McSlaine,1,1,False
io.github.MaxisTechnology-Dev,1,1,False
io.github.Maxence,1,1,False
io.github.MaxMLang,1,1,False
io.github.MaxFreedomPollard,1,1,False
io.github.MaxEllis,1,1,False
io.github.MinglesAI,1,1,False
io.github.MiniCodeTeam,1,1,False
io.github.Marvy101,1,1,False
io.github.MusaddiqueHussainLabs,1,1,False
io.github.NANDI-Services,1,1,False
io.github.N747AI,1,1,False
io.github.MyTelescope,1,1,False
io.github.MuzikayiseKhuzwayo,1,1,False
io.github.Mustafashehab,1,1,False
io.github.Muse-Nexus,1,1,False
io.github.Musaraf-M,1,1,False
io.github.Murugarajr,1,1,False
io.github.Mintii-Labs,1,1,False
io.github.MuratKus,1,1,False
io.github.MurariAmbati,1,1,False
io.github.MunchausenGrup,1,1,False
io.github.Multi-DAC,1,1,False
io.github.MuhammadTalhaMT,1,1,False
io.github.MrWizardlyLoaf,1,1,False
io.github.MrViolets,1,1,False
io.github.NBhey,1,1,False
io.github.NELPROINC,1,1,False
io.github.NEVELSK65,1,1,False
io.github.NIKX-Tech,1,1,False
io.github.Narazgul,1,1,False
io.github.Narashiman-K,1,1,False
io.github.Nantiai,1,1,False
io.github.Nano-Nimbus,1,1,False
io.github.NanaKabu,1,1,False
io.github.NanaGyamfiPrempeh30,1,1,False
io.github.NameetP,1,1,False
io.github.Nagarjuna2997,1,1,False
io.github.Nadeus,1,1,False
io.github.NacoSolutions,1,1,False
io.github.NabheetCloud,1,1,False
io.github.NaNMesh,1,1,False
io.github.NVIDIA,1,1,False
io.github.NSF-Simons-CosmicAI-Institute,1,1,False
io.github.NKO-STUDIO,1,1,False
io.github.MrTalecky,1,1,False
io.github.MrJamescot,1,1,False
io.github.MrCerq,1,1,False
io.github.Modelglass,1,1,False
io.github.ModelBound,1,1,False
io.github.Mobiss11,1,1,False
io.github.MobileReality,1,1,False
io.github.MobAI-App,1,1,False
io.github.Mnymann,1,1,False
io.github.Mnexa-AI,1,1,False
io.github.Mnemosyne-OS,1,1,False
io.github.MnemeHQ,1,1,False
io.github.MkTurner74,1,1,False
io.github.MixxyAI,1,1,False
io.github.Misterio070,1,1,False
io.github.Mistakili,1,1,False
io.github.MirrorEthic,1,1,False
io.github.MirrorEdgeAI,1,1,False
io.github.MintwareDevelopers,1,1,False
io.github.ModelPiper,1,1,False
io.github.Modellix,1,1,False
io.github.MrBridgeHQ,1,1,False
io.github.Mohabdo21,1,1,False
io.github.MrAnderson323,1,1,False
io.github.Mouthfully,1,1,False
io.github.Mostov82,1,1,False
io.github.Morous-Dev,1,1,False
io.github.Morouna1,1,1,False
io.github.Mora-AI-Content-Studio,1,1,False
io.github.MoltyCel,1,1,False
io.github.MoleCare,1,1,False
io.github.Moin105,1,1,False
io.github.MohitBansal321,1,1,False
io.github.MohibShaikh,1,1,False
io.github.MohdSaleh,1,1,False
io.github.Mohammed-Jameal-J,1,1,False
io.github.MohamedAbdisamed,1,1,False
io.github.MohamedAbdallah-14,1,1,False
io.github.Marysbrain,1,1,False
io.github.MarvelNwachukwu,1,1,False
io.github.Labs64,1,1,False
io.github.Ljunqiang,1,1,False
io.github.Lohithry,1,1,False
io.github.LogicTreeInc,1,1,False
io.github.LogicLabsAI,1,1,False
io.github.LofiFren,1,1,False
io.github.Lodewijkheemskerk,1,1,False
io.github.LockSpec,1,1,False
io.github.LocalProDev,1,1,False
io.github.LizzleChen,1,1,False
io.github.Lucrumist,1,1,False
io.github.Liyux3,1,1,False
io.github.Litenova-Solutions,1,1,False
io.github.Lisleabrahams,1,1,False
io.github.LiquiHog,1,1,False
io.github.Liplus-Project,1,1,False
io.github.Lipdog,1,1,False
io.github.LinuxSuRen,1,1,False
io.github.Lokeshwaranramu,1,1,False
io.github.LokmenoWer,1,1,False
io.github.LonelyTraderBay,1,1,False
io.github.Looney-tic,1,1,False
io.github.Lucky44k,1,1,False
io.github.Lucid-Systems-LLC,1,1,False
io.github.Luci-hue,1,1,False
io.github.Lucav21,1,1,False
io.github.LucasGorgal,1,1,False
io.github.LucaRSdeCo,1,1,False
io.github.LucaIaconelli,1,1,False
io.github.Luca-Blight,1,1,False
io.github.Luca-003,1,1,False
io.github.LouisVanh,1,1,False
io.github.LouisLin0723,1,1,False
io.github.LorgAI,1,1,False
io.github.Lorenzino69,1,1,False
io.github.Lore-Context,1,1,False
io.github.LordMendes,1,1,False
io.github.LinVireo,1,1,False
io.github.Limited-Horizon,1,1,False
io.github.Lightyear-Technologies-Limited,1,1,False
io.github.LedgerProof,1,1,False
io.github.LeadFox-Shay,1,1,False
io.github.LeadDelta,1,1,False
io.github.LeBorgneAntoine,1,1,False
io.github.LayUp-Sport,1,1,False
io.github.LatentNoise,1,1,False
io.github.LastSearch-HQ,1,1,False
io.github.LassiB999,1,1,False
io.github.LarsCowe,1,1,False
io.github.LarryWalkerDEV,1,1,False
io.github.LareLabs,1,1,False
io.github.LanceRoylo,1,1,False
io.github.LamboPoewert,1,1,False
io.github.LambdaTest,1,1,False
io.github.Lakshmi-Chakradhar-Vijayarao,1,1,False
io.github.Laika-Dynamics-Ltd,1,1,False
io.github.LeassTaTT,1,1,False
io.github.Legorobotdude,1,1,False
io.github.LightsOutWorks,1,1,False
io.github.LemmaLemming,1,1,False
io.github.LightSpeedPlusOne,1,1,False
io.github.LifeAbundantly,1,1,False
io.github.Licium-ai,1,1,False
io.github.Licinexus,1,1,False
io.github.LicentiumIO,1,1,False
io.github.Libres-coder,1,1,False
io.github.Lfaykus,1,1,False
io.github.Lexus2016,1,1,False
io.github.Leximo-AI,1,1,False
io.github.Lex-API,1,1,False
io.github.Leviathan0x0,1,1,False
io.github.LetsFG,1,1,False
io.github.LeonardoCesca,1,1,False
io.github.LeonardMichalas,1,1,False
io.github.LeoMbm,1,1,False
io.github.Luckycat133,1,1,False
io.github.LufeMC,1,1,False
io.github.MartyMcFlyJr,1,1,False
io.github.MagneticDogSon,1,1,False
io.github.MaisonCHAPE,1,1,False
io.github.MailboxValidator,1,1,False
io.github.MailFlat,1,1,False
io.github.Mahfod-dev,1,1,False
io.github.Mahesvannan,1,1,False
io.github.Maher-Reven,1,1,False
io.github.Maha-Strategies,1,1,False
io.github.Madia333,1,1,False
io.github.LuiggiVal08,1,1,False
io.github.Mad-Man-Dan,1,1,False
io.github.MaartenRischen,1,1,False
io.github.MaFady,1,1,False
io.github.MShekow,1,1,False
io.github.MS-Teja,1,1,False
io.github.MRNAQA,1,1,False
io.github.MPP32,1,1,False
io.github.MakeaMouse,1,1,False
io.github.Malnati,1,1,False
io.github.Mameta29,1,1,False
io.github.ManSio,1,1,False
io.github.MartinSA04,1,1,False
io.github.Marsmanleo,1,1,False
io.github.MarshallBear1,1,1,False
io.github.Mars-proj,1,1,False
io.github.MarkovianProtocol,1,1,False
io.github.MariusAure,1,1,False
io.github.MarcioKorpHub,1,1,False
io.github.MarcellM01,1,1,False
io.github.Mapika,1,1,False
io.github.Manuciao88,1,1,False
io.github.ManuOtel,1,1,False
io.github.Mangomunchr,1,1,False
io.github.ManddarinShop,1,1,False
io.github.MananSingh2001,1,1,False
io.github.ManaBuyTeam,1,1,False
io.github.MP-Tool,1,1,False
io.github.MNKIAgentOS,1,1,False
io.github.MMasey,1,1,False
io.github.M0Rf30,1,1,False
io.github.LuxorLabs,1,1,False
io.github.LuxAlgo,1,1,False
io.github.LuuOW,1,1,False
io.github.Luqueee,1,1,False
io.github.LuptonM,1,1,False
io.github.Lungshot,1,1,False
io.github.LunarPerovskite,1,1,False
io.github.Luminaire1337,1,1,False
io.github.LumiRx,1,1,False
io.github.LumabyteCo,1,1,False
io.github.Lukie-81,1,1,False
io.github.Lukehal,1,1,False
io.github.LuizEduPP,1,1,False
io.github.LuisEnVilla,1,1,False
io.github.LuisEBautistaR,1,1,False
io.github.M-China-Official,1,1,False
io.github.M2M-Sentinel,1,1,False
io.github.MM-sheng,1,1,False
io.github.MAG-Cie,1,1,False
io.github.MLTCorp,1,1,False
io.github.MKirovBG,1,1,False
io.github.MK3Core,1,1,False
io.github.MITDEVPRO,1,1,False
io.github.MICONNM,1,1,False
io.github.MGM-FALCON,1,1,False
io.github.MDataAccess,1,1,False
io.github.MDMagic-MCP,1,1,False
io.github.MCPower-Security,1,1,False
io.github.MCPShield-Dev,1,1,False
io.github.MCPServings,1,1,False
io.github.MCP-Hive,1,1,False
io.github.MAMubeenKhan,1,1,False
io.github.MALeitch,1,1,False
io.github.MAIAS-project,1,1,False
io.github.HzaCode,1,1,False
io.github.Hyperiux-Immersion-Labs,1,1,False
io.github.NathanYoshua,1,1,False
io.github.Declade,1,1,False
io.github.Deesmo,1,1,False
io.github.Deepfreezechill,1,1,False
io.github.DeepakumarSubbian,1,1,False
io.github.DeepSearch-Common,1,1,False
io.github.DeepAgentLabs,1,1,False
io.github.Deep-Identity-Inc,1,1,False
io.github.Decodo,1,1,False
io.github.DeanWard,1,1,False
io.github.Deviank88,1,1,False
io.github.DealMachine,1,1,False
io.github.DeJo90,1,1,False
io.github.DeHor-Labs,1,1,False
io.github.DeFiRe-business,1,1,False
io.github.Dcroyalty,1,1,False
io.github.Daydreamnationtechlabs,1,1,False
io.github.Dayananda-D,1,1,False
io.github.Defenter-AI,1,1,False
io.github.Defozo,1,1,False
io.github.Degrudv,1,1,False
io.github.DekryptLabs,1,1,False
io.github.DevInder1,1,1,False
io.github.DevHusnainAi,1,1,False
io.github.DevDs1989,1,1,False
io.github.DevDizzle,1,1,False
io.github.DeusData,1,1,False
io.github.DeusAcc,1,1,False
io.github.Destrayon,1,1,False
io.github.DesMartin01,1,1,False
io.github.Densys,1,1,False
io.github.DennisPrediger,1,1,False
io.github.DenisRaimondi,1,1,False
io.github.Dempty-glitch,1,1,False
io.github.DemigodDSK,1,1,False
io.github.DeloraProtocol,1,1,False
io.github.Delego-Dev,1,1,False
io.github.Davmunrey,1,1,False
io.github.Davison-Francis,1,1,False
io.github.DavidSirota,1,1,False
io.github.Damso74,1,1,False
io.github.DamianoTobasco,1,1,False
io.github.DamianTodorovic,1,1,False
io.github.DalecB,1,1,False
io.github.Dakera-AI,1,1,False
io.github.Dairus01,1,1,False
io.github.Daichi-Kudo,1,1,False
io.github.Dahliyaal,1,1,False
io.github.Daghis,1,1,False
io.github.Dach3r,1,1,False
io.github.DaVinciPicks,1,1,False
io.github.DYZCODE,1,1,False
io.github.DV1-321,1,1,False
io.github.DSHCorrectover,1,1,False
io.github.DSGPT2024,1,1,False
io.github.DROOdotFOO,1,1,False
io.github.Damien829,1,1,False
io.github.Dan-Cleary,1,1,False
io.github.DavidPivert,1,1,False
io.github.DanMat,1,1,False
io.github.DavidOrpeli,1,1,False
io.github.DavidFuchs,1,1,False
io.github.Davedat-110105,1,1,False
io.github.DataAssistIO,1,1,False
io.github.Data-Alchemy-Labs,1,1,False
io.github.DashankaNadeeshanDeSilva,1,1,False
io.github.DarthSander,1,1,False
io.github.Darshan972,1,1,False
io.github.Darkchild88,1,1,False
io.github.DareDev256,1,1,False
io.github.DanielTomaro13,1,1,False
io.github.DanielOrtiz0220,1,1,False
io.github.DanielGuru,1,1,False
io.github.DanielBlomma,1,1,False
io.github.Daniel-Cherny,1,1,False
io.github.Developyn,1,1,False
io.github.DevinoSolutions,1,1,False
io.github.DLeibner,1,1,False
io.github.DrRataplan,1,1,False
io.github.DunkelCloud,1,1,False
io.github.Dumdart,1,1,False
io.github.DuhoKim,1,1,False
io.github.Dudude-bit,1,1,False
io.github.Dswane,1,1,False
io.github.Dror-Bengal,1,1,False
io.github.Dreiev,1,1,False
io.github.Dr-Deploy,1,1,False
io.github.Devrajsinh-Jhala,1,1,False
io.github.DoughyJoeyD,1,1,False
io.github.Doucs91,1,1,False
io.github.DottedSign-Official,1,1,False
io.github.DotNova,1,1,False
io.github.DorianChn,1,1,False
io.github.Doran56,1,1,False
io.github.Dongwu259,1,1,False
io.github.Dusheh,1,1,False
io.github.DustinTrap,1,1,False
io.github.Dw-Dwain,1,1,False
io.github.Dxfory,1,1,False
io.github.Ecocitizenz,1,1,False
io.github.Eclipse-Cj,1,1,False
io.github.Echoqili,1,1,False
io.github.Echolonius,1,1,False
io.github.Easysend-co,1,1,False
io.github.Easy8com,1,1,False
io.github.Easton-OU,1,1,False
io.github.ERROR403agent,1,1,False
io.github.EQIQs,1,1,False
io.github.EOX-A,1,1,False
io.github.ENTERPILOT,1,1,False
io.github.EDKarlsson,1,1,False
io.github.Dynatrace,1,1,False
io.github.DynamikOrbits,1,1,False
io.github.DynamicDeals,1,1,False
io.github.Domirep,1,1,False
io.github.DollhouseMCP,1,1,False
io.github.DojoGenesis,1,1,False
io.github.DigiCatalyst-Systems,1,1,False
io.github.DiffCI,1,1,False
io.github.Diegomul,1,1,False
io.github.DiegoLopez0208,1,1,False
io.github.DiegoBr4nd,1,1,False
io.github.Diego-Costa-Tech,1,1,False
io.github.DiceHoldingsInc,1,1,False
io.github.Diabloluo,1,1,False
io.github.DiaaAj,1,1,False
io.github.Dhi13man,1,1,False
io.github.Dhevenddra,1,1,False
io.github.Dgotlieb,1,1,False
io.github.Dfskid,1,1,False
io.github.DeweyCox369,1,1,False
io.github.Dewars30,1,1,False
io.github.Devwares-Team,1,1,False
io.github.DigbyO,1,1,False
io.github.Digilac,1,1,False
io.github.DockerDiscordControl,1,1,False
io.github.Digital-Threads,1,1,False
io.github.DocSlicer,1,1,False
io.github.DocMinus,1,1,False
io.github.Doc-API-LLC,1,1,False
io.github.DmytroRybka,1,1,False
io.github.DmytroMitin,1,1,False
io.github.DmitriyGolub,1,1,False
io.github.DivoomDevelop,1,1,False
io.github.Distribea,1,1,False
io.github.Disseveru,1,1,False
io.github.Disane87,1,1,False
io.github.Dionisselami,1,1,False
io.github.Diogoup26,1,1,False
io.github.DinanathDash,1,1,False
io.github.DigitalDefiance,1,1,False
io.github.DigitalCurrensy,1,1,False
io.github.DMontgomery40,1,1,False
io.github.DLJRealty,1,1,False
io.github.EdonZo,1,1,False
io.github.Churman1113,1,1,False
io.github.CleanSlice,1,1,False
io.github.CleanDev-Fix,1,1,False
io.github.Clawallex-Tech,1,1,False
io.github.ClawCall-Dev,1,1,False
io.github.Cipher208,1,1,False
io.github.Cigarfinder,1,1,False
io.github.Cifero74,1,1,False
io.github.ChunSam,1,1,False
io.github.CodingWithJoseph,1,1,False
io.github.ChromeDevTools,1,1,False
io.github.Chromatic0618,1,1,False
io.github.ChristopherZYX,1,1,False
io.github.Christopher-AS,1,1,False
io.github.Christebob,1,1,False
io.github.Chriscorp,1,1,False
io.github.Chris85appding,1,1,False
io.github.ClicheFactory,1,1,False
io.github.ClickHouse,1,1,False
io.github.ClimStefan,1,1,False
io.github.Clipform,1,1,False
io.github.CodesWhat,1,1,False
io.github.Codecraft-Ops,1,1,False
io.github.CodePhantom-1,1,1,False
io.github.CodeLogicIncEngineering,1,1,False
io.github.CodeCraftersLLC,1,1,False
io.github.CodeAlive-AI,1,1,False
io.github.Cocabadger,1,1,False
io.github.Coaspe,1,1,False
io.github.Coalesce-Software-Inc,1,1,False
io.github.CoReason-AI,1,1,False
io.github.Cmoen11,1,1,False
io.github.Cloto-dev,1,1,False
io.github.Clocknext,1,1,False
io.github.ClockNext,1,1,False
io.github.CloakedAgent,1,1,False
io.github.Chris221,1,1,False
io.github.Chris-Eaccountability,1,1,False
io.github.ChrBoebel,1,1,False
io.github.Cassette-Editor,1,1,False
io.github.Case-resolve-tech,1,1,False
io.github.CartonPliant,1,1,False
io.github.CarbonCashmere,1,1,False
io.github.Carbon-Arc,1,1,False
io.github.Caplia-Tech,1,1,False
io.github.CapitalX,1,1,False
io.github.Capital-W-Holdings,1,1,False
io.github.Capataina,1,1,False
io.github.CanopyHQ,1,1,False
io.github.CallMarcus,1,1,False
io.github.CalBearKen,1,1,False
io.github.Cal-Dev-Tech,1,1,False
io.github.CakeRepository,1,1,False
io.github.Cail726,1,1,False
io.github.Cafelatte1,1,1,False
io.github.CaseyYahbara,1,1,False
io.github.Cast-Hub,1,1,False
io.github.ChocoData-com,1,1,False
io.github.Casterdly,1,1,False
io.github.ChiragBachani,1,1,False
io.github.Chill-AI-Space,1,1,False
io.github.Chidi09,1,1,False
io.github.ChiR24,1,1,False
io.github.ChevalGrand520,1,1,False
io.github.ChesterHsu,1,1,False
io.github.ChengJiale150,1,1,False
io.github.ChasenKai,1,1,False
io.github.ChangkeunJ,1,1,False
io.github.Chaixueyuan,1,1,False
io.github.ChainAware,1,1,False
io.github.CesarObedFL,1,1,False
io.github.Centrify-Internal,1,1,False
io.github.Cavinooo,1,1,False
io.github.Cavendo-AI,1,1,False
io.github.CodingSelim,1,1,False
io.github.CodyWatters,1,1,False
io.github.DIALLOUBE-RESEARCH,1,1,False
io.github.CrossPad,1,1,False
io.github.CryptoSuess,1,1,False
io.github.CryptoLibertus,1,1,False
io.github.Crypto-Goatz,1,1,False
io.github.CrumbtrailDev,1,1,False
io.github.Crumbedsausage,1,1,False
io.github.CrowdStrike,1,1,False
io.github.Crossave,1,1,False
io.github.Cropgraph,1,1,False
io.github.CogitatorTech,1,1,False
io.github.CristianFagarasan,1,1,False
io.github.Cripacx,1,1,False
io.github.Crindo2,1,1,False
io.github.Credda-io,1,1,False
io.github.Creator-API,1,1,False
io.github.Creativestefan,1,1,False
io.github.Createya-ai,1,1,False
io.github.CseperkePapp,1,1,False
io.github.CsoftTarun,1,1,False
io.github.Cubenest,1,1,False
io.github.Cubiczan,1,1,False
io.github.DHEBP,1,1,False
io.github.DGOnlineCode,1,1,False
io.github.DELIGHT-LABS,1,1,False
io.github.DDYRich72,1,1,False
io.github.DB-25,1,1,False
io.github.DAMediaCo,1,1,False
io.github.D4umak,1,1,False
io.github.D4Vinci,1,1,False
io.github.CydVilla,1,1,False
io.github.Cyberweasel777,1,1,False
io.github.Cyberdyne-OS,1,1,False
io.github.CustomBlinds,1,1,False
io.github.Custodia-Admin,1,1,False
io.github.CursorTouch,1,1,False
io.github.Cuneiform-LLC,1,1,False
io.github.CrazymakER23,1,1,False
io.github.Crawleo,1,1,False
io.github.CrashBytes,1,1,False
io.github.ContentWriterco,1,1,False
io.github.Computersmarts1,1,1,False
io.github.ComposioHQ,1,1,False
io.github.ComplyEdge,1,1,False
io.github.CommonNinja,1,1,False
io.github.ComeHomeAI,1,1,False
io.github.Combjellyshen,1,1,False
io.github.ComPDF-Youna,1,1,False
io.github.CollectorGuru,1,1,False
io.github.ColinVaughn,1,1,False
io.github.Coinyak,1,1,False
io.github.Coinversaa,1,1,False
io.github.Coinlooter,1,1,False
io.github.CoinRithm,1,1,False
io.github.Cohexa-ai,1,1,False
io.github.Cogniledger,1,1,False
io.github.ConanMcN,1,1,False
io.github.Contentrain,1,1,False
io.github.Crash-ept,1,1,False
io.github.Contextual-Laboratories,1,1,False
io.github.Cranot,1,1,False
io.github.Craig-Horton,1,1,False
io.github.Craftiee,1,1,False
io.github.Crackx17,1,1,False
io.github.CourtimusPrime,1,1,False
io.github.Courouge,1,1,False
io.github.CoralLips,1,1,False
io.github.Copenhagen0x,1,1,False
io.github.Cope-Labs,1,1,False
io.github.Coooolinz,1,1,False
io.github.Coolver,1,1,False
io.github.CoolSapiens,1,1,False
io.github.Convrgent,1,1,False
io.github.ConvergentMethods,1,1,False
io.github.Conv-AI,1,1,False
io.github.Edison-Watch,1,1,False
io.github.Edu963,1,1,False
io.github.Hyperion-GPU,1,1,False
io.github.Gorp405,1,1,False
io.github.Gren70,1,1,False
io.github.Green-Gooding-Marketplace,1,1,False
io.github.GreatQuestion,1,1,False
io.github.Graphmaxer,1,1,False
io.github.Graphiker-Australia,1,1,False
io.github.GrabzIt,1,1,False
io.github.Gowthaman90,1,1,False
io.github.Gorgon-Cyber,1,1,False
io.github.HTTPayer,1,1,False
io.github.GordonHal,1,1,False
io.github.Goran-Arsov,1,1,False
io.github.GoogleCloudPlatform,1,1,False
io.github.GoodJobwilliam,1,1,False
io.github.GoneTone,1,1,False
io.github.Gomess8,1,1,False
io.github.GoldMineX,1,1,False
io.github.GreptimeTeam,1,1,False
io.github.Griffden,1,1,False
io.github.Growi-DeFi,1,1,False
io.github.Grubbomatic,1,1,False
io.github.HOTAgithub,1,1,False
io.github.HO44-PROJECT,1,1,False
io.github.HEUSAI,1,1,False
io.github.HCS412,1,1,False
io.github.HBarefoot,1,1,False
io.github.H129hj,1,1,False
io.github.Guruprasath-Annadurai,1,1,False
io.github.GuruPDF,1,1,False
io.github.Gunsmith-Academy,1,1,False
io.github.Guitarmaniac24,1,1,False
io.github.GuillaumeLessard,1,1,False
io.github.Guffawaffle,1,1,False
io.github.Guava-Research,1,1,False
io.github.GuangminJu,1,1,False
io.github.GstXu,1,1,False
io.github.Godzilla-lab,1,1,False
io.github.Godalo-ai,1,1,False
io.github.GoatInAHat,1,1,False
io.github.GetCacheOverflow,1,1,False
io.github.GerritRoska,1,1,False
io.github.GerardoBarrera,1,1,False
io.github.Georgi-Petkov,1,1,False
io.github.GeoEDGE-git,1,1,False
io.github.Gentleelephant,1,1,False
io.github.Gemberkoekje,1,1,False
io.github.Geepers4242,1,1,False
io.github.Gearotons,1,1,False
io.github.GbadeboMotunrayo,1,1,False
io.github.GavinLucas,1,1,False
io.github.GavinLee1,1,1,False
io.github.GavMason,1,1,False
io.github.Gareth1953,1,1,False
io.github.GarAlex,1,1,False
io.github.Gandr-AI,1,1,False
io.github.Get-Concord-AI,1,1,False
io.github.GetDial-AI,1,1,False
io.github.GoPlasmatic,1,1,False
io.github.GetHaki,1,1,False
io.github.GoDavai01,1,1,False
io.github.GlobKurier-pl,1,1,False
io.github.Gliana-Labs,1,1,False
io.github.GlassCaseOfEmotion,1,1,False
io.github.Glade-tool,1,1,False
io.github.GiulioDER,1,1,False
io.github.GitSerge-crypto,1,1,False
io.github.Gingiris-1031,1,1,False
io.github.Gingiris,1,1,False
io.github.GimbalGoats,1,1,False
io.github.Gildaraio,1,1,False
io.github.GigantesHJI,1,1,False
io.github.Gi0tto,1,1,False
io.github.Ghostkey316,1,1,False
io.github.GetMystAdmin,1,1,False
io.github.HQBase,1,1,False
io.github.HUANGCHIHHUNGLeo,1,1,False
io.github.GammaThreeTrading,1,1,False
io.github.HomenShum,1,1,False
io.github.HowardZheni,1,1,False
io.github.Hovsteder,1,1,False
io.github.HoussemMak,1,1,False
io.github.HostTracker,1,1,False
io.github.Hormonaly-ai,1,1,False
io.github.Hookwarden,1,1,False
io.github.Honeyfield-Org,1,1,False
io.github.Hlobo-dev,1,1,False
io.github.HZYAI,1,1,False
io.github.HitTheRoad-Git,1,1,False
io.github.HiroyukiFuruno,1,1,False
io.github.Hiroshi-Ichiyanagi,1,1,False
io.github.HireNimbus,1,1,False
io.github.Higangssh,1,1,False
io.github.HiAi-gg,1,1,False
io.github.HeshamFS,1,1,False
io.github.Hoya25,1,1,False
io.github.HrRodan,1,1,False
io.github.HrishiKabra,1,1,False
io.github.HsergeyF,1,1,False
io.github.Hylouis233,1,1,False
io.github.Hyg900928,1,1,False
io.github.Hyeonu-Cha,1,1,False
io.github.Hybirdss,1,1,False
io.github.HwangByeongSeon,1,1,False
io.github.HuynhKhanh1402,1,1,False
io.github.Hustada,1,1,False
io.github.Hushlor,1,1,False
io.github.HurleySk,1,1,False
io.github.Humanleap,1,1,False
io.github.HumanLineage,1,1,False
io.github.HugoF1234,1,1,False
io.github.HuginnIndustries,1,1,False
io.github.Hugegreencandle,1,1,False
io.github.Hug0x0,1,1,False
io.github.HeroSizy,1,1,False
io.github.HelpCode-ai,1,1,False
io.github.Helm-Protocol,1,1,False
io.github.Hasan-Laraib,1,1,False
io.github.Harshyadav442277,1,1,False
io.github.HarleyCoops,1,1,False
io.github.HarimxChoi,1,1,False
io.github.HariharRengan,1,1,False
io.github.Har50,1,1,False
io.github.Happygallo,1,1,False
io.github.HappyMealSteak,1,1,False
io.github.HandyS11,1,1,False
io.github.HanbeenMoon,1,1,False
io.github.HanWei30,1,1,False
io.github.Hamzaaamin,1,1,False
io.github.HalidSaglam,1,1,False
io.github.Haiku-Trading,1,1,False
io.github.Hafeok,1,1,False
io.github.HaD0Yun,1,1,False
io.github.Harusame64,1,1,False
io.github.HaseebKhalid1507,1,1,False
io.github.HelloSafe,1,1,False
io.github.Hashi-Kazu,1,1,False
io.github.HelloElo-Fr,1,1,False
io.github.HelloBooksAIAgents,1,1,False
io.github.HelgDemidov,1,1,False
io.github.Heirloomz,1,1,False
io.github.Heintzsight,1,1,False
io.github.HectorGuerilla,1,1,False
io.github.Hebline,1,1,False
io.github.Headdao,1,1,False
io.github.HazloPosible,1,1,False
io.github.Hawkeye-Zaragsoft,1,1,False
io.github.Havix0101,1,1,False
io.github.HatmanStack,1,1,False
io.github.Hasned-spec,1,1,False
io.github.Hasilt,1,1,False
io.github.Hashlock-Tech,1,1,False
io.github.Gammell53,1,1,False
io.github.GalenGoodwick,1,1,False
io.github.EduBase,1,1,False
io.github.Evanciel,1,1,False
io.github.Exchange-RateAPI,1,1,False
io.github.ExaDev,1,1,False
io.github.Evin009,1,1,False
io.github.Evilander,1,1,False
io.github.Evil-Bane,1,1,False
io.github.Everyways,1,1,False
io.github.EverMint-app,1,1,False
io.github.EvanNison,1,1,False
io.github.FastAlertNow,1,1,False
io.github.Euda1mon1a,1,1,False
io.github.EtienneChollet,1,1,False
io.github.Ethersflow,1,1,False
io.github.EthanQC,1,1,False
io.github.EthanAckerman-git,1,1,False
io.github.Etha0916,1,1,False
io.github.Eternalcodertanishq3,1,1,False
io.github.Exekiel179,1,1,False
io.github.Extelligence-ai,1,1,False
io.github.Exzentttt,1,1,False
io.github.EziServices,1,1,False
io.github.FarzamHabibi,1,1,False
io.github.FarseenSh,1,1,False
io.github.Faouzi122,1,1,False
io.github.FantasyLab-ai,1,1,False
io.github.Fannon,1,1,False
io.github.FalsifyLab,1,1,False
io.github.FadingLight9291117,1,1,False
io.github.Fabric-Protocol,1,1,False
io.github.Fabio662,1,1,False
io.github.FabianSchurig,1,1,False
io.github.FSHolmberg,1,1,False
io.github.FROWNINGdev,1,1,False
io.github.FGC-Shreyansh-Chachaundiya,1,1,False
io.github.FE-Engineer-Youtube,1,1,False
io.github.F-loat,1,1,False
io.github.EternaHybridExchange,1,1,False
io.github.Eszetael,1,1,False
io.github.Estaite-Solutions,1,1,False
io.github.EnioAguiar,1,1,False
io.github.Engr-FaizanAli,1,1,False
io.github.Energixe,1,1,False
io.github.EmperorMew,1,1,False
io.github.EmiyaKatuz,1,1,False
io.github.Elnora-AI,1,1,False
io.github.Elmoaid,1,1,False
io.github.ElliotPadfield,1,1,False
io.github.Elinaseri,1,1,False
io.github.Elemzir,1,1,False
io.github.ElToro1855,1,1,False
io.github.Ekioo,1,1,False
io.github.Eilodon,1,1,False
io.github.EigenCharlie,1,1,False
io.github.Efistoffeles,1,1,False
io.github.Edward-CH-Wang,1,1,False
io.github.Enigma-52,1,1,False
io.github.EnkiduHub,1,1,False
io.github.Eshwarravula,1,1,False
io.github.Enreign,1,1,False
io.github.Eshller,1,1,False
io.github.EruditeIntelligence,1,1,False
io.github.Eronmmer,1,1,False
io.github.Erodenn,1,1,False
io.github.ErnestaLabs,1,1,False
io.github.Ernesmar,1,1,False
io.github.ErikEJ,1,1,False
io.github.EricSpencer00,1,1,False
io.github.Erebuzzz,1,1,False
io.github.Eqvitta,1,1,False
io.github.EquateItAu,1,1,False
io.github.Epochal-dev,1,1,False
io.github.EntityAdam,1,1,False
io.github.Ensi81,1,1,False
io.github.Enrico55,1,1,False
io.github.Fashad-Ahmed,1,1,False
io.github.Fato07,1,1,False
io.github.Gajarthan,1,1,False
io.github.Froydinger,1,1,False
io.github.Furowu,1,1,False
io.github.FurlPay,1,1,False
io.github.Furhworld,1,1,False
io.github.FunseaAI,1,1,False
io.github.Fund-z,1,1,False
io.github.FullEnrich,1,1,False
io.github.Frumane,1,1,False
io.github.FrontlineSystems,1,1,False
io.github.Fauxetine,1,1,False
io.github.Friezaaaa,1,1,False
io.github.FreyaBit,1,1,False
io.github.FreeGuy-AI,1,1,False
io.github.Franksterino,1,1,False
io.github.FrankXMX,1,1,False
io.github.FrankThomasTveter,1,1,False
io.github.FrankShen18,1,1,False
io.github.FutureAiIndustries,1,1,False
io.github.FuzulsFriend,1,1,False
io.github.G0Osey99,1,1,False
io.github.GATSV-tech,1,1,False
io.github.GaetanGermain,1,1,False
io.github.Gadriel-ai,1,1,False
io.github.GabrielaHdzMicrosoft,1,1,False
io.github.GabrielRw,1,1,False
io.github.GabrielBBaldez,1,1,False
io.github.GabrielAllit1,1,1,False
io.github.Gabothefounder,1,1,False
io.github.GabiUp2,1,1,False
io.github.GabMJ23,1,1,False
io.github.GSMS-B,1,1,False
io.github.GPTNowLLC,1,1,False
io.github.GPTHuman-ai,1,1,False
io.github.GOLayerone,1,1,False
io.github.GLips,1,1,False
io.github.GCTRL-TECH,1,1,False
io.github.France-Care,1,1,False
io.github.FractionEstate,1,1,False
io.github.Fractera,1,1,False
io.github.FlagQuantum,1,1,False
io.github.First-Touch-Inc,1,1,False
io.github.First-CH,1,1,False
io.github.Firou91,1,1,False
io.github.Firefloco,1,1,False
io.github.FinishKit,1,1,False
io.github.Finanzgoblin,1,1,False
io.github.Final-Commerce,1,1,False
io.github.FinStudio-png,1,1,False
io.github.FilippoPilo,1,1,False
io.github.Filip-Pajalic,1,1,False
io.github.FieldmodeLLC,1,1,False
io.github.Fibery-inc,1,1,False
io.github.FelixWaweru,1,1,False
io.github.FedgeNo,1,1,False
io.github.Feason-com,1,1,False
io.github.FixemBCN,1,1,False
io.github.FlawlessByte,1,1,False
io.github.Fr4nZ82,1,1,False
io.github.FlayedOne,1,1,False
io.github.FortuneCasablancas,1,1,False
io.github.Formative-Sum41,1,1,False
io.github.ForkastPredict,1,1,False
io.github.For-Sunny,1,1,False
io.github.FoodXDevelopment,1,1,False
io.github.Fonteum,1,1,False
io.github.Fokuus,1,1,False
io.github.FlywheelStudio,1,1,False
io.github.FlynnLachendro,1,1,False
io.github.Fluke-Studio,1,1,False
io.github.Fluenta-Team,1,1,False
io.github.FlowboardStudio,1,1,False
io.github.Flotapponnier,1,1,False
io.github.Flikah,1,1,False
io.github.Flightradar24,1,1,False
io.github.NasserAlbusaidi,1,1,False
io.github.Nativ-Technologies,1,1,False
io.github.CWhittemore1010,1,1,False
io.github.Top5StocksAPI,1,1,False
io.github.TradeRouter,1,1,False
io.github.TrackingTime,1,1,False
io.github.TourAround,1,1,False
io.github.Totti0135,1,1,False
io.github.Toraastrta,1,1,False
io.github.TopoLift,1,1,False
io.github.TopLocalAI,1,1,False
io.github.TonyWang-hub,1,1,False
io.github.TurkerYakup,1,1,False
io.github.TonySimonovsky,1,1,False
io.github.TonyGJJ,1,1,False
io.github.TonyC23,1,1,False
io.github.TommyBez,1,1,False
io.github.TommoHCIO,1,1,False
io.github.TomasLucasUTN,1,1,False
io.github.Tomalarrrr,1,1,False
io.github.Trainzilla,1,1,False
io.github.TranHoaiHung,1,1,False
io.github.TranQui004,1,1,False
io.github.TravelType,1,1,False
io.github.TsvetanG2,1,1,False
io.github.TsukumoHQ,1,1,False
io.github.Tsubaki414,1,1,False
io.github.TryReelEstate,1,1,False
io.github.TruthStack1,1,1,False
io.github.Trusty-Squire,1,1,False
io.github.Trushtonfactory,1,1,False
io.github.Trusgent,1,1,False
io.github.Trupe-Rs,1,1,False
io.github.Truebases,1,1,False
io.github.Tristan-tech-ai,1,1,False
io.github.TrigGuard-AI,1,1,False
io.github.TrendTweekers,1,1,False
io.github.Travisswop,1,1,False
io.github.Traviseric,1,1,False
io.github.TomD4vs,1,1,False
io.github.TomAtAP,1,1,False
io.github.Tom409114,1,1,False
io.github.ThoughtProof,1,1,False
io.github.ThomasGorisse,1,1,False
io.github.ThomasCrouzet,1,1,False
io.github.ThoTischner,1,1,False
io.github.ThisisBankole,1,1,False
io.github.This-Is-Hellgate,1,1,False
io.github.Thinkode,1,1,False
io.github.ThiagoDataEngineer,1,1,False
io.github.TheoEwzZer,1,1,False
io.github.Thefirstmannnn,1,1,False
io.github.TheWhiteWater,1,1,False
io.github.TheTsungYing,1,1,False
io.github.TheStreamCode,1,1,False
io.github.TheStevenJohnstone,1,1,False
io.github.TheSnakeFang,1,1,False
io.github.TheSethRose,1,1,False
io.github.ThomasViennet,1,1,False
io.github.Thourum,1,1,False
io.github.Tom-R-Main,1,1,False
io.github.Thrivestack-public,1,1,False
io.github.Tolomere21,1,1,False
io.github.Toloka,1,1,False
io.github.Tokenectomy-Labs,1,1,False
io.github.TokDar2410621,1,1,False
io.github.Toinedotcom,1,1,False
io.github.Tlalvarez,1,1,False
io.github.TizonaMCP,1,1,False
io.github.Timothymycompc,1,1,False
io.github.Timluogit,1,1,False
io.github.Tim-Projekt,1,1,False
io.github.TickTockBent,1,1,False
io.github.TickDB,1,1,False
io.github.Thx93,1,1,False
io.github.ThunderEagle,1,1,False
io.github.Thunder-Compute,1,1,False
io.github.Tulipe1735,1,1,False
io.github.TurtleTech-ehf,1,1,False
io.github.TheRoboMaster123,1,1,False
io.github.Verifa-Solutions,1,1,False
io.github.VestOSAI,1,1,False
io.github.VessellTech,1,1,False
io.github.Vessark,1,1,False
io.github.Veselin15,1,1,False
io.github.Vertisky,1,1,False
io.github.VermontForest,1,1,False
io.github.VerifiedDR,1,1,False
io.github.Ventrova,1,1,False
io.github.Tuurio,1,1,False
io.github.VelvetSP,1,1,False
io.github.VelixarAi,1,1,False
io.github.Velaris-CSM,1,1,False
io.github.Vektoris-AI,1,1,False
io.github.Vee3io,1,1,False
io.github.Vedant2254,1,1,False
io.github.VectifyAI,1,1,False
io.github.VeyrForge,1,1,False
io.github.VibeCheckAIOfficial,1,1,False
io.github.VibeCodingInc,1,1,False
io.github.VibeKit-Bot,1,1,False
io.github.VladUZH,1,1,False
io.github.Viventine-Space,1,1,False
io.github.Vitexus,1,1,False
io.github.Vist233,1,1,False
io.github.Vishisht16,1,1,False
io.github.VirusTotal,1,1,False
io.github.VinvAI,1,1,False
io.github.VineetV2,1,1,False
io.github.VikrantSingh01,1,1,False
io.github.Vigile-ai,1,1,False
io.github.VidhiJav,1,1,False
io.github.VicThor-wpp,1,1,False
io.github.VibeTensor,1,1,False
io.github.VibeTechnologies,1,1,False
io.github.VibeProgramm,1,1,False
io.github.Vasilispapg,1,1,False
io.github.Varpost,1,1,False
io.github.VanguardiaAI,1,1,False
io.github.UnCooe,1,1,False
io.github.UlyssesModel,1,1,False
io.github.UltralayerHQ,1,1,False
io.github.UltimaPhoenix,1,1,False
io.github.UliRCS,1,1,False
io.github.UladzKha,1,1,False
io.github.USTechAutomations,1,1,False
io.github.USDVCapital,1,1,False
io.github.US1929,1,1,False
io.github.UNIPaaS,1,1,False
io.github.UModeler,1,1,False
io.github.Tyox-all,1,1,False
io.github.TylerCoxDruin,1,1,False
io.github.TychiWallet,1,1,False
io.github.TwitterAPIs,1,1,False
io.github.TweedBeetle,1,1,False
io.github.Un3x,1,1,False
io.github.UnMarkdown,1,1,False
io.github.VamsiSudhakaran1,1,1,False
io.github.UnboundCompute,1,1,False
io.github.Valyay,1,1,False
io.github.ValmoDev,1,1,False
io.github.Val7h,1,1,False
io.github.Va1bhav512,1,1,False
io.github.VZezelin,1,1,False
io.github.VOYAGER-Inc,1,1,False
io.github.VLab-Software,1,1,False
io.github.VCoder25,1,1,False
io.github.VAAS-X,1,1,False
ac.snag,1,1,False
io.github.Utilify-io,1,1,False
io.github.User0856,1,1,False
io.github.Unima3x,1,1,False
io.github.UniRate-API,1,1,False
io.github.UncleTIM-GZ,1,1,False
io.github.TheSandemon,1,1,False
io.github.TheRealFloatDev,1,1,False
io.github.Vladyslav-webDev,1,1,False
io.github.Stryk91,1,1,False
io.github.SunFlash12,1,1,False
io.github.SumCodeAI,1,1,False
io.github.Suigar-Gaming,1,1,False
io.github.Subotiz,1,1,False
io.github.StulkovLD,1,1,False
io.github.StudiousXiaoYu,1,1,False
io.github.Studio-Moser,1,1,False
io.github.Strutterai,1,1,False
io.github.Syfer-web,1,1,False
io.github.StructLabs-io,1,1,False
io.github.StroybatPing,1,1,False
io.github.Strom-Capital,1,1,False
io.github.Streamize-llc,1,1,False
io.github.Stratogenic-AI,1,1,False
io.github.StraightLineGolfPro,1,1,False
io.github.StooryBot,1,1,False
io.github.SunRainSnow,1,1,False
io.github.Sundeepg98,1,1,False
io.github.SuperAgentic,1,1,False
io.github.SuperboxAI,1,1,False
io.github.SwikingSWE,1,1,False
io.github.Swih,1,1,False
io.github.Swathi-MuraliSrinivasan,1,1,False
io.github.Swarmwage,1,1,False
io.github.Swap-API,1,1,False
io.github.SvenLC,1,1,False
io.github.Sushegaad,1,1,False
io.github.SurgeX-Labs,1,1,False
io.github.SurgeEnterpriseAI,1,1,False
io.github.SurfEther,1,1,False
io.github.SuresoftTechnologies,1,1,False
io.github.SureshKhemka,1,1,False
io.github.Surendhar-23,1,1,False
io.github.SupplyMaven-SCR,1,1,False
io.github.SupercmoHQ,1,1,False
io.github.StonesofCreation,1,1,False
io.github.Steveser1989,1,1,False
io.github.Steven3265,1,1,False
io.github.Sprintra-io,1,1,False
io.github.SpicyRiceCakes,1,1,False
io.github.Speeron-Polska,1,1,False
io.github.SpecLeft,1,1,False
io.github.SpearmanMODE,1,1,False
io.github.SparkLaunch-Dev,1,1,False
io.github.SpaceFrontiers,1,1,False
io.github.Space-Raven,1,1,False
io.github.Sowiedu,1,1,False
io.github.SourceParts,1,1,False
io.github.Souhar-dya,1,1,False
io.github.Sou0327,1,1,False
io.github.Sorsa-io,1,1,False
io.github.SorcRR,1,1,False
io.github.SorataYang,1,1,False
io.github.Sooler-Studio,1,1,False
io.github.SpikeyCoder,1,1,False
io.github.Squidboy30,1,1,False
io.github.Stevegriswoldatl,1,1,False
io.github.Sra1Phani,1,1,False
io.github.StelarDigital,1,1,False
io.github.StelaSpace,1,1,False
io.github.StefanKnol,1,1,False
io.github.StefDCL,1,1,False
io.github.Stavros65,1,1,False
io.github.Starksood,1,1,False
io.github.Staringatthesun1996,1,1,False
io.github.StarHawkMK1,1,1,False
io.github.StanimirTenev,1,1,False
io.github.Stahldavid,1,1,False
io.github.Stackbilt-dev,1,1,False
io.github.Srishesh-Archik,1,1,False
io.github.Sriram-PR,1,1,False
io.github.Srinivasan-78,1,1,False
io.github.Sreelal727,1,1,False
io.github.Syedomershah99,1,1,False
io.github.SymbioticSec,1,1,False
io.github.TheGoatPsy,1,1,False
io.github.TencentCloudBase,1,1,False
io.github.Testinat0r,1,1,False
io.github.Terobyte,1,1,False
io.github.TerminallyLazy,1,1,False
io.github.Terminal49,1,1,False
io.github.Termi24,1,1,False
io.github.TeodorMCP,1,1,False
io.github.TensorsWillFlow,1,1,False
io.github.Temple-of-Epiphany,1,1,False
io.github.SynapseNetworkAI,1,1,False
io.github.TemplateFoxPDF,1,1,False
io.github.TeleKashOracle,1,1,False
io.github.TeleAI-UAGI,1,1,False
io.github.TelcharFromNogrod,1,1,False
io.github.TedoNeObichaJavaScript,1,1,False
io.github.TecniForgeMaryam,1,1,False
io.github.Techmatic-sys,1,1,False
io.github.Tetef,1,1,False
io.github.Tethral-Inc,1,1,False
io.github.TethralAI,1,1,False
io.github.Texan-NXTassist,1,1,False
io.github.TheDoxaWay,1,1,False
io.github.TheDesignFounder,1,1,False
io.github.TheBurdz,1,1,False
io.github.TheBlueHouse75,1,1,False
io.github.TheBarmaEffect,1,1,False
io.github.TheAliphant,1,1,False
io.github.TheAiSingularity,1,1,False
io.github.TheAgenticUniverse,1,1,False
io.github.The-RFP-Hub,1,1,False
io.github.The-Pixel-Boys,1,1,False
io.github.The-OpenROAD-Project,1,1,False
io.github.The-Context-Company,1,1,False
io.github.ThatDudeFreak,1,1,False
io.github.Thang1710,1,1,False
io.github.ThaiTrevor,1,1,False
io.github.Teamdayplay,1,1,False
io.github.TeamTixxly,1,1,False
io.github.TeamK2K,1,1,False
io.github.TN0123,1,1,False
io.github.TKMD,1,1,False
io.github.TJLDC,1,1,False
io.github.TCRichards,1,1,False
io.github.TANTIOPE,1,1,False
io.github.TAMA-FIT,1,1,False
io.github.SystemCraftsman,1,1,False
io.github.System-R-AI,1,1,False
io.github.Syronius,1,1,False
io.github.Synvoya,1,1,False
io.github.Synthenova,1,1,False
io.github.Synter-Media-AI,1,1,False
io.github.Synlake-ai,1,1,False
io.github.Synergic-APIs,1,1,False
io.github.Synclub-tech,1,1,False
io.github.SyncTekLLC,1,1,False
io.github.TMCHALK,1,1,False
io.github.TONresistor,1,1,False
io.github.TeamDev-IP,1,1,False
io.github.TVLSS,1,1,False
io.github.Team23gm,1,1,False
io.github.Taump,1,1,False
io.github.TarteelAI,1,1,False
io.github.Tarotoo-com,1,1,False
io.github.TargetGrps,1,1,False
io.github.TaplioOfficial,1,1,False
io.github.TapAds,1,1,False
io.github.Tanshaydar,1,1,False
io.github.TanerTalas,1,1,False
io.github.Tanbir404,1,1,False
io.github.Tampermonkey,1,1,False
io.github.TamTunnel,1,1,False
io.github.TakoData,1,1,False
io.github.TadFuji,1,1,False
io.github.TZ24cloud,1,1,False
io.github.VladimirWrites,1,1,False
io.github.VoidNullable,1,1,False
io.github.SonarSource,1,1,False
io.github.aboul3ata,1,1,False
io.github.acee-ventures,1,1,False
io.github.accentist,1,1,False
io.github.acarchidi,1,1,False
io.github.acamolese,1,1,False
io.github.acabala,1,1,False
io.github.absolutejs,1,1,False
io.github.abryfs,1,1,False
io.github.aborruso,1,1,False
io.github.adanb13,1,1,False
io.github.abnegate,1,1,False
io.github.abm9111,1,1,False
io.github.abm-dev-git,1,1,False
io.github.abhishekjkrsna,1,1,False
io.github.abhishekbhakat,1,1,False
io.github.abhishek2432001,1,1,False
io.github.abhinavteja123,1,1,False
io.github.achildrenmile,1,1,False
io.github.achiya-automation,1,1,False
io.github.achreftlili,1,1,False
io.github.achsaf6,1,1,False
io.github.adamrowles1996,1,1,False
io.github.adamperlis,1,1,False
io.github.adamorad,1,1,False
io.github.adamhudson777,1,1,False
io.github.adamgusky,1,1,False
io.github.adamdecaf,1,1,False
io.github.adamVass,1,1,False
io.github.adam121393,1,1,False
io.github.adam-messinger,1,1,False
io.github.adakov589,1,1,False
io.github.adacapo21,1,1,False
io.github.ad0750,1,1,False
io.github.activeing123,1,1,False
io.github.acrylicfiddle,1,1,False
io.github.acromoney888,1,1,False
io.github.abhinavala,1,1,False
io.github.abhinandansethi,1,1,False
io.github.abhinand-adviciya,1,1,False
io.github.aaronte,1,1,False
io.github.aarna-ai,1,1,False
io.github.aarifmms,1,1,False
io.github.aardappvark,1,1,False
io.github.aapd-studio,1,1,False
io.github.aanari,1,1,False
io.github.aahlijia,1,1,False
io.github.aaglis,1,1,False
io.github.aadeshrao123,1,1,False
io.github.aabxtract,1,1,False
io.github.aaadjrbr,1,1,False
io.github.aa0101181514,1,1,False
io.github.aa-on-ai,1,1,False
io.github.a4webdev,1,1,False
io.github.a2cr,1,1,False
io.github.a2al,1,1,False
io.github.aaronlou,1,1,False
io.github.aarwitz,1,1,False
io.github.abhijitjavelin,1,1,False
io.github.aataqi-boop,1,1,False
io.github.abhichandra21,1,1,False
io.github.abhibavishi,1,1,False
io.github.abhaymettu,1,1,False
io.github.abenassi,1,1,False
io.github.abelljs,1,1,False
io.github.abelce,1,1,False
io.github.abe238,1,1,False
io.github.abdulrahimiqbal,1,1,False
io.github.abd3lraouf-studios,1,1,False
io.github.abcxz,1,1,False
io.github.abbacusgroup,1,1,False
io.github.abaiii168,1,1,False
io.github.abahocodes,1,1,False
io.github.aayoawoyemi,1,1,False
io.github.aatharva16,1,1,False
io.github.adamsjack711-ux,1,1,False
io.github.addiinnocent,1,1,False
io.github.a1245582339,1,1,False
io.github.agentailor,1,1,False
io.github.agentic-hil,1,1,False
io.github.agenthustler,1,1,False
io.github.agenthotspot,1,1,False
io.github.agentgraph-co,1,1,False
io.github.agente-dev,1,1,False
io.github.agentc22,1,1,False
io.github.agentbodegastore,1,1,False
io.github.agentIgris,1,1,False
io.github.addiplus,1,1,False
io.github.agent-resolve,1,1,False
io.github.agent-polis,1,1,False
io.github.agent-idx,1,1,False
io.github.agenerationforwordz-tech,1,1,False
io.github.ag3ntlab-ai,1,1,False
io.github.afurlane,1,1,False
io.github.africanmarketos591,1,1,False
io.github.agentic-income-bot,1,1,False
io.github.agenticempire,1,1,False
io.github.agenticmail,1,1,False
io.github.agenticsrclab,1,1,False
io.github.agraciag,1,1,False
io.github.agourakis82,1,1,False
io.github.agorapassadoagora-debug,1,1,False
io.github.agntor,1,1,False
io.github.agntcy,1,1,False
io.github.agnicpay-prog,1,1,False
io.github.aggrete,1,1,False
io.github.agentzeny,1,1,False
io.github.agenttrust-ai,1,1,False
io.github.agentready-market,1,1,False
io.github.agentndx,1,1,False
io.github.agentmark-ai,1,1,False
io.github.agentlux,1,1,False
io.github.agentindexworld,1,1,False
io.github.agenticsubstrate,1,1,False
io.github.africa-api,1,1,False
io.github.afredenslund,1,1,False
io.github.afrazja,1,1,False
io.github.adlane-app,1,1,False
io.github.adkit,1,1,False
io.github.adityankale190895,1,1,False
io.github.aditya201551,1,1,False
io.github.aditya-ariosity,1,1,False
io.github.adigold,1,1,False
io.github.adididitagain,1,1,False
io.github.adicted07-lang,1,1,False
io.github.adiaz0511,1,1,False
io.github.adelpro,1,1,False
io.github.adelinamart,1,1,False
io.github.adeiltonpessini,1,1,False
io.github.adecubed,1,1,False
io.github.adebayojuwon200-pixel,1,1,False
io.github.addychang,1,1,False
io.github.addozhang,1,1,False
io.github.adlai88,1,1,False
io.github.admin-rstechie,1,1,False
io.github.aficiomaquinas,1,1,False
io.github.admin978,1,1,False
io.github.afghanfansmedia-ai,1,1,False
io.github.affset,1,1,False
io.github.afferens,1,1,False
io.github.afable702,1,1,False
io.github.aezizhu,1,1,False
io.github.aethynio,1,1,False
io.github.aeronlabs,1,1,False
io.github.aerolalit,1,1,False
io.github.aemery13,1,1,False
io.github.adwiteeymauriya,1,1,False
io.github.adrida,1,1,False
io.github.adriancisnerosspeed-hub,1,1,False
io.github.adorbistech,1,1,False
io.github.adopteunconteneur,1,1,False
io.github.admiralpunk,1,1,False
io.github.a202-protocol,1,1,False
io.github.a0985344368-glitch,1,1,False
io.github.VomeshAtukuri,1,1,False
io.github.WizzyDev,1,1,False
io.github.WorldWeatherOnline,1,1,False
io.github.World-999-Labs,1,1,False
io.github.Workofarttattoo,1,1,False
io.github.Wopee-io,1,1,False
io.github.Wonderfulian,1,1,False
io.github.Wolflangis,1,1,False
io.github.Wokelo-AI,1,1,False
io.github.Witzelfitz,1,1,False
io.github.Xerolo44,1,1,False
io.github.WirterNow,1,1,False
io.github.WingedGuardian,1,1,False
io.github.Willyfab,1,1,False
io.github.WilliamWAudio,1,1,False
io.github.WillNigri,1,1,False
io.github.WillHeadlee,1,1,False
io.github.Whoisjson,1,1,False
io.github.Wowstorelive,1,1,False
io.github.Writbase,1,1,False
io.github.Writehand-AI,1,1,False
io.github.Wuesteon,1,1,False
io.github.Xeakaes,1,1,False
io.github.Xavierfok,1,1,False
io.github.XavierFabregat,1,1,False
io.github.XZXZZX-Ai,1,1,False
io.github.XXO47OXX,1,1,False
io.github.XWeaponX7,1,1,False
io.github.XRPL-Utilities,1,1,False
io.github.XRPDomains,1,1,False
io.github.XFuel-Lab,1,1,False
io.github.XCP,1,1,False
io.github.XBP-Europe,1,1,False
io.github.X1pheR,1,1,False
io.github.X-PACT,1,1,False
io.github.Wynelson94,1,1,False
io.github.Wy2926,1,1,False
io.github.WhoSoEverM8,1,1,False
io.github.Which-Model,1,1,False
io.github.WhenLabs-org,1,1,False
io.github.WattCoin-Org,1,1,False
io.github.WardenPoint,1,1,False
io.github.WarTech9,1,1,False
io.github.Wangggym,1,1,False
io.github.Wandersonjack,1,1,False
io.github.WagoAlex,1,1,False
io.github.WCAG-Compliance,1,1,False
io.github.WBXWHT,1,1,False
io.github.Vublox,1,1,False
io.github.Vrun-design,1,1,False
io.github.VovikP,1,1,False
io.github.Vovala14,1,1,False
io.github.VouchlyAI,1,1,False
io.github.Vorim-AI-Labs,1,1,False
io.github.VonderVuflya,1,1,False
io.github.Vonage,1,1,False
io.github.Warmplane,1,1,False
io.github.Wavix,1,1,False
io.github.Whawi,1,1,False
io.github.WayforthOfficial,1,1,False
io.github.WhaleCupl,1,1,False
io.github.Wenyveo,1,1,False
io.github.WenyuChiou,1,1,False
io.github.WellApp-ai,1,1,False
io.github.WeeCi,1,1,False
io.github.WebforMike,1,1,False
io.github.Webeyez-analytics,1,1,False
io.github.WebbaLuca,1,1,False
io.github.Webba-Creative-Technologies,1,1,False
io.github.Webb-Ventures,1,1,False
io.github.Web3kaneco,1,1,False
io.github.Web3Auth,1,1,False
io.github.WeCodeBase,1,1,False
io.github.WeAreBraveLabs,1,1,False
io.github.Waysway-app,1,1,False
io.github.Xenmark,1,1,False
io.github.XianDAO-Labs,1,1,False
io.github.a-tarasoff,1,1,False
io.github.ZachLaik,1,1,False
io.github.ZenRows,1,1,False
io.github.ZebpayRajesh,1,1,False
io.github.Zayden16,1,1,False
io.github.Zarklab-AI,1,1,False
io.github.Zahid-Abbas-Ali-Baig,1,1,False
io.github.ZaguanLabs,1,1,False
io.github.Zachary-1012,1,1,False
io.github.ZachDreamZ,1,1,False
io.github.XogZ3,1,1,False
io.github.Z333Q,1,1,False
io.github.Z-Han-Z,1,1,False
io.github.Yveshby27,1,1,False
io.github.YuzuKyouma,1,1,False
io.github.Yuuqq,1,1,False
io.github.Yuni9959,1,1,False
io.github.Yummybait-fin,1,1,False
io.github.ZengLiangYi,1,1,False
io.github.ZentricProtocol,1,1,False
io.github.Zero-nium,1,1,False
io.github.Zhao73,1,1,False
io.github.a-mashiro-art,1,1,False
io.github.a-church-ai,1,1,False
io.github.Zyxel89,1,1,False
io.github.Zwondra,1,1,False
io.github.Zw-awa,1,1,False
io.github.Zsadigzade,1,1,False
io.github.ZsTs119,1,1,False
io.github.Zoominfo,1,1,False
io.github.ZohaibCodez,1,1,False
io.github.ZoeLinUTS,1,1,False
io.github.Zman504,1,1,False
io.github.ZlaylowZ,1,1,False
io.github.Zk-nd3r,1,1,False
io.github.ZionHopkins,1,1,False
io.github.ZiggsAI,1,1,False
io.github.YummyTastyCode,1,1,False
io.github.YuliiaKovalova,1,1,False
io.github.Yuikij,1,1,False
io.github.YasuakiOmokawa,1,1,False
io.github.YashvantHange,1,1,False
io.github.Yash-0620,1,1,False
io.github.YarnSh39,1,1,False
io.github.Yambr,1,1,False
io.github.YakupEmreYerli,1,1,False
io.github.Yadheedhya06,1,1,False
io.github.YUZU-Hub,1,1,False
io.github.YS-projectcalc,1,1,False
io.github.YOLKINS,1,1,False
io.github.YGao2005,1,1,False
io.github.YG3-ai,1,1,False
io.github.YAMA-TANA,1,1,False
io.github.Xyz3R,1,1,False
io.github.Xvvln,1,1,False
io.github.Xplo8E,1,1,False
io.github.YashviGupta15,1,1,False
io.github.Yercko,1,1,False
io.github.YugantM,1,1,False
io.github.Yersat,1,1,False
io.github.YourLifewithAI,1,1,False
io.github.Younghef,1,1,False
io.github.Youjg25,1,1,False
io.github.YottaMeta,1,1,False
io.github.Yoshyaes,1,1,False
io.github.Yoodaekyung,1,1,False
io.github.YonasValentin,1,1,False
io.github.YonGs-AI,1,1,False
io.github.YokuApp,1,1,False
io.github.YogiAdhik,1,1,False
io.github.YoanWai,1,1,False
io.github.Ynewtime,1,1,False
io.github.YinTokey,1,1,False
io.github.YimingYAN,1,1,False
io.github.YforC,1,1,False
io.github.SonoTommy,1,1,False
io.github.SomexAI-Applications-Group,1,1,False
io.github.NavinAgrawal,1,1,False
io.github.Pavelsiba,1,1,False
io.github.PedroMarianoAlmeida,1,1,False
io.github.PedramMadani,1,1,False
io.github.Pearl-Passport,1,1,False
io.github.Payotte-com,1,1,False
io.github.Paydirt-AI,1,1,False
io.github.PayRam,1,1,False
io.github.Pawansingh3889,1,1,False
io.github.PaulSeth,1,1,False
io.github.PiotrAleksander,1,1,False
io.github.PaulRichez,1,1,False
io.github.Pattyboi101,1,1,False
io.github.Patrickbo19,1,1,False
io.github.PatrickPi1312,1,1,False
io.github.Patrax,1,1,False
io.github.Patheras,1,1,False
io.github.Patent-PreCheck,1,1,False
io.github.PedroQuatro,1,1,False
io.github.Perf-AI,1,1,False
io.github.Periskop-ai,1,1,False
io.github.PersonAIzer,1,1,False
io.github.Piloxa,1,1,False
io.github.PilotSuite,1,1,False
io.github.Pikaivan,1,1,False
io.github.PierreJanineh,1,1,False
io.github.Piccolo123,1,1,False
io.github.PiQrypt,1,1,False
io.github.PhoenixFeuer32,1,1,False
io.github.PhoenixClaw01,1,1,False
io.github.Philongevity,1,1,False
io.github.PhilipAnd,1,1,False
io.github.PhilipAD,1,1,False
io.github.PhilflowIO,1,1,False
io.github.PetriLahdelma,1,1,False
io.github.PeterPirog,1,1,False
io.github.PeterAtPondo,1,1,False
io.github.Patdolitse,1,1,False
io.github.PasiutusVovere,1,1,False
io.github.PascaleBeier,1,1,False
io.github.PagerDuty,1,1,False
io.github.Packrift,1,1,False
io.github.PackkitLabs,1,1,False
io.github.PackkitJS,1,1,False
io.github.PaSympa,1,1,False
io.github.PV-Bhat,1,1,False
io.github.PStryder,1,1,False
io.github.PRDicta,1,1,False
io.github.POP24,1,1,False
io.github.POLONIBOI,1,1,False
io.github.PKaldone,1,1,False
io.github.PJW2004,1,1,False
io.github.PCfVW,1,1,False
io.github.PCBZ,1,1,False
io.github.PB-Digital-LLC,1,1,False
io.github.Ozymandias-Owens-2,1,1,False
io.github.PageLens-AI,1,1,False
io.github.PaidSync,1,1,False
io.github.ParthJadhav,1,1,False
io.github.Pak209,1,1,False
io.github.Parsons-ai,1,1,False
io.github.ParkerDiamond,1,1,False
io.github.ParkSangGwon,1,1,False
io.github.Parisi-Labs,1,1,False
io.github.Pardesco,1,1,False
io.github.ParadoxInfinite,1,1,False
io.github.PapiScholz,1,1,False
io.github.Pantheon-Security,1,1,False
io.github.Pantheon-LadderWorks,1,1,False
io.github.PantelisGeorgiadis,1,1,False
io.github.PanosSalt,1,1,False
io.github.Pangolin-spg,1,1,False
io.github.Panelica,1,1,False
io.github.PalabreX,1,1,False
io.github.Pakvothe,1,1,False
io.github.Pink707Legendary,1,1,False
io.github.PistachioPony,1,1,False
io.github.OyadotAI,1,1,False
io.github.ProtoTeemo,1,1,False
io.github.PsychQuant,1,1,False
io.github.Pseudogiant-xr,1,1,False
io.github.Psalmustrack,1,1,False
io.github.PsYcGoD,1,1,False
io.github.Prudai,1,1,False
io.github.ProvenonceAI,1,1,False
io.github.ProvarTesting,1,1,False
io.github.Prophet-git,1,1,False
io.github.PitchGhost,1,1,False
io.github.ProofStreamai,1,1,False
io.github.ProntoHQ,1,1,False
io.github.PromptPartner,1,1,False
io.github.PromptExecution,1,1,False
io.github.PromptBranch,1,1,False
io.github.ProjectAILiberation,1,1,False
io.github.Project-Gifted1,1,1,False
io.github.Ptrgit1,1,1,False
io.github.PulseBet,1,1,False
io.github.PuppyChris,1,1,False
io.github.PurpleDirective,1,1,False
io.github.QoreNext-IT,1,1,False
io.github.QiuwenZheng,1,1,False
io.github.QasperAI,1,1,False
io.github.QWarranto,1,1,False
io.github.QVerisAI,1,1,False
io.github.QBT-Labs,1,1,False
io.github.QAtlasHub,1,1,False
io.github.QAInsights,1,1,False
io.github.Q00,1,1,False
io.github.PytechNo,1,1,False
io.github.PyModel,1,1,False
io.github.PyJudge,1,1,False
io.github.Py2755,1,1,False
io.github.PxyUp,1,1,False
io.github.Pushary,1,1,False
io.github.ProgenyAlpha,1,1,False
io.github.ProfessionalWiki,1,1,False
io.github.ProductOfAmerica,1,1,False
io.github.Power-Portals-Pro,1,1,False
io.github.Postcept,1,1,False
io.github.PostSyncer,1,1,False
io.github.PostHog,1,1,False
io.github.Portaltocoding,1,1,False
io.github.PonzuTech,1,1,False
io.github.Polyrama,1,1,False
io.github.Polsia-Inc,1,1,False
io.github.Pollamin,1,1,False
io.github.Poiuyhje,1,1,False
io.github.PnLlabs,1,1,False
io.github.PlanetScariv,1,1,False
io.github.PlanExeOrg,1,1,False
io.github.Pixel-Aly,1,1,False
io.github.Pixapi-AI,1,1,False
io.github.Piwe,1,1,False
io.github.Potarix,1,1,False
io.github.Praket7,1,1,False
io.github.ProAgentStore,1,1,False
io.github.PranavNagrecha,1,1,False
io.github.PrithviSeran,1,1,False
io.github.PritaS,1,1,False
io.github.Prismor,1,1,False
io.github.Prismer-AI,1,1,False
io.github.PrintrFi,1,1,False
io.github.Print-one,1,1,False
io.github.PrinceGabriel-lgtm,1,1,False
io.github.PresentJay,1,1,False
io.github.PremierInc,1,1,False
io.github.Prem5123,1,1,False
io.github.PrefectHQ,1,1,False
io.github.Preethi0716,1,1,False
io.github.PrashantBtkl,1,1,False
io.github.Prasanthpalaniswamy,1,1,False
io.github.Pranavj17,1,1,False
io.github.OzorOwn,1,1,False
io.github.OxygenBubbles,1,1,False
io.github.QrMakerIO,1,1,False
io.github.Nithish1206,1,1,False
io.github.Nodemint-dev,1,1,False
io.github.Nodeflare-app,1,1,False
io.github.NodeDex,1,1,False
io.github.Nitrych,1,1,False
io.github.NitroRCr,1,1,False
io.github.Nitmi,1,1,False
io.github.NitishGourishetty,1,1,False
io.github.Niteowlpt,1,1,False
io.github.Nuruvala,1,1,False
io.github.Nitairevivo,1,1,False
io.github.Nishant-Chaudhary5338,1,1,False
io.github.Nirmal2000,1,1,False
io.github.Ninjabeam20,1,1,False
io.github.NimishRangani,1,1,False
io.github.Nilesh9783,1,1,False
io.github.Nikolife2016,1,1,False
io.github.Noderail,1,1,False
io.github.Nolpak14,1,1,False
io.github.NomaCMS,1,1,False
io.github.NomadBuilder,1,1,False
io.github.Nowah-xyz,1,1,False
io.github.Noveum,1,1,False
io.github.Noves-Inc,1,1,False
io.github.NovanBaillif,1,1,False
io.github.NovaLux12,1,1,False
io.github.NotNull92,1,1,False
io.github.Nosmoht,1,1,False
io.github.Northy9,1,1,False
io.github.NorthWest999,1,1,False
io.github.NormiHQ,1,1,False
io.github.Nordvei,1,1,False
io.github.Noquarter6,1,1,False
io.github.Noord-Ventures,1,1,False
io.github.NonicaTeam,1,1,False
io.github.Nomadu27,1,1,False
io.github.NikolaNddTesla,1,1,False
io.github.Nikitosina,1,1,False
io.github.NikitaDatar,1,1,False
io.github.NeuZhou,1,1,False
io.github.NeruoticFarrow,1,1,False
io.github.NeousAxis,1,1,False
io.github.NeoZi12,1,1,False
io.github.NeoResearchAI,1,1,False
io.github.NeoDrew,1,1,False
io.github.NeoDemosHQ,1,1,False
io.github.NeoAIResearch,1,1,False
io.github.Neo1228,1,1,False
io.github.Nekzus,1,1,False
io.github.Neko1313,1,1,False
io.github.Neji402,1,1,False
io.github.Negimaru1025,1,1,False
io.github.NeetPatel,1,1,False
io.github.NeerajG03,1,1,False
io.github.NayakwadiS,1,1,False
io.github.NetApp,1,1,False
io.github.NeurFlow-Oy,1,1,False
io.github.NicolasPrimeau,1,1,False
io.github.NeuraLegion,1,1,False
io.github.NicolasMartalog,1,1,False
io.github.NicolasIppoliti,1,1,False
io.github.NicolaiJohannesen,1,1,False
io.github.Nicoiakl,1,1,False
io.github.Nicodemus941,1,1,False
io.github.NicoHern,1,1,False
io.github.NickoScope,1,1,False
io.github.NickCirv,1,1,False
io.github.Nicha404,1,1,False
io.github.Nexus-JPF,1,1,False
io.github.NexQL-OSS,1,1,False
io.github.NewPlanetWW,1,1,False
io.github.Neverlow512,1,1,False
io.github.Neurobyteio,1,1,False
io.github.NeuralNexusNote,1,1,False
io.github.NtrpyDev,1,1,False
io.github.Nutlope,1,1,False
io.github.OwenMaine,1,1,False
io.github.OpenImageDebugger,1,1,False
io.github.Ophir-ai-creator,1,1,False
io.github.Openly-Useful,1,1,False
io.github.Openfinanceorg,1,1,False
io.github.OpenWeb-Ninja,1,1,False
io.github.OpenTrain-AI,1,1,False
io.github.OpenRushData,1,1,False
io.github.OpenOSINT,1,1,False
io.github.OpenHeritageOnline,1,1,False
io.github.OCArk,1,1,False
io.github.OpenHCSDev,1,1,False
io.github.OpenCallPortal,1,1,False
io.github.OpenCageData,1,1,False
io.github.OpenAdaptAI,1,1,False
io.github.Ooak21,1,1,False
io.github.Onplana,1,1,False
io.github.OnourImpram,1,1,False
io.github.Opita-Code,1,1,False
io.github.OpsMaxx,1,1,False
io.github.OptionScope,1,1,False
io.github.Optisol-Business,1,1,False
io.github.Ovecc-labs,1,1,False
io.github.OtherVibes,1,1,False
io.github.Osyanne,1,1,False
io.github.Ostico,1,1,False
io.github.OsbornVentures,1,1,False
io.github.OsamaHassouna,1,1,False
io.github.Orphograph,1,1,False
io.github.OrionSmithers,1,1,False
io.github.OrgMentem,1,1,False
io.github.OrdersOfMagnitudeLLC,1,1,False
io.github.OrderlyNetwork,1,1,False
io.github.OrchestraPrime,1,1,False
io.github.OrbiAds,1,1,False
io.github.Oratorian,1,1,False
io.github.OrangeproAI,1,1,False
io.github.OnlineDopamine,1,1,False
io.github.OneNicolas,1,1,False
io.github.OndrejLapes,1,1,False
io.github.Odds7,1,1,False
io.github.Octodamus,1,1,False
io.github.OctoPerf,1,1,False
io.github.Octid-io,1,1,False
io.github.Octen-Team,1,1,False
io.github.ObsidianCorps,1,1,False
io.github.ObligationSign,1,1,False
io.github.Obi49,1,1,False
io.github.Obelinf,1,1,False
io.github.OVDEN13,1,1,False
io.github.OV3RK177,1,1,False
io.github.ONSBR,1,1,False
io.github.ONLYOFFICE,1,1,False
io.github.ONE8943,1,1,False
io.github.OMOPHub,1,1,False
io.github.ODU33104,1,1,False
io.github.Octonove,1,1,False
io.github.OdinBot33,1,1,False
io.github.Oncorporation,1,1,False
io.github.Odrin,1,1,False
io.github.OnChainAIIntel,1,1,False
io.github.Omodaka9375,1,1,False
io.github.Omnipotent6,1,1,False
io.github.Omnidim,1,1,False
io.github.OmniSocKit,1,1,False
io.github.OmarNassar1127,1,1,False
io.github.OmBansod2,1,1,False
io.github.Olum289,1,1,False
io.github.OliverGrabner,1,1,False
io.github.OleksandrKucherenko,1,1,False
io.github.Olddun,1,1,False
io.github.OilpriceAPI,1,1,False
io.github.OguntolaIbrahim,1,1,False
io.github.OfficialTanishSharma,1,1,False
io.github.Odyssey365,1,1,False
io.github.Qovery,1,1,False
io.github.Quality-Max,1,1,False
io.github.SolveaCX,1,1,False
io.github.Sebastianrtj,1,1,False
io.github.Sendmux,1,1,False
io.github.SelfPy,1,1,False
io.github.Selenium39,1,1,False
io.github.Seif-Sameh,1,1,False
io.github.Seey215,1,1,False
io.github.SecurityRonin,1,1,False
io.github.SebastienGal,1,1,False
io.github.SebastianMaciel,1,1,False
io.github.SharpLu,1,1,False
io.github.SebastianBO,1,1,False
io.github.SeanHogg,1,1,False
io.github.SeanFDZ,1,1,False
io.github.Sean-Bravo,1,1,False
io.github.Seamgrin,1,1,False
io.github.ScriptSmith,1,1,False
io.github.ScrapeGraphAI,1,1,False
io.github.Senpi-Station,1,1,False
io.github.Sensie-agents,1,1,False
io.github.Sentinel-Gate,1,1,False
io.github.Sequesign,1,1,False
io.github.Shann5,1,1,False
io.github.Shalimov04,1,1,False
io.github.Shakargy,1,1,False
io.github.Shailesh200,1,1,False
io.github.ShahriarBijoy,1,1,False
io.github.ShaftHQ,1,1,False
io.github.SezerPro,1,1,False
io.github.SeyitKaanGunes,1,1,False
io.github.Severin2k,1,1,False
io.github.SevaSk,1,1,False
io.github.Servicedsi,1,1,False
io.github.SerpstatGlobal,1,1,False
io.github.SerifeusStudio,1,1,False
io.github.SergioRico1,1,1,False
io.github.Serenn-AI,1,1,False
io.github.Scottnine,1,1,False
io.github.Scormave,1,1,False
io.github.Schubeler-Consulting,1,1,False
io.github.SanZiNEO,1,1,False
io.github.SamuelSHernandez,1,1,False
io.github.Samrj12,1,1,False
io.github.Samrajtheailyceum,1,1,False
io.github.SamoraDC,1,1,False
io.github.SamYuan1990,1,1,False
io.github.SamYatesSmith,1,1,False
io.github.SamMorrowDrums,1,1,False
io.github.SamJB123,1,1,False
io.github.SaltyTaro,1,1,False
io.github.SalesforgeAI,1,1,False
io.github.SalZaki,1,1,False
io.github.SakuraCianna,1,1,False
io.github.SajmustafaKe,1,1,False
io.github.Saidiibrahim,1,1,False
io.github.SaiNarayana-B,1,1,False
io.github.SamyTouri,1,1,False
io.github.Sandip124,1,1,False
io.github.Schoasch,1,1,False
io.github.SanggonBoy,1,1,False
io.github.SchematicHQ,1,1,False
io.github.SchedNestCEO,1,1,False
io.github.SceneView,1,1,False
io.github.SaylorInnovations,1,1,False
io.github.Savirinc,1,1,False
io.github.SavantoAI,1,1,False
io.github.SatoshiAPI,1,1,False
io.github.Sathvik-1007,1,1,False
io.github.SatPaingOo,1,1,False
io.github.Sarg338,1,1,False
io.github.SardorbekR,1,1,False
io.github.Sapientropic,1,1,False
io.github.SantoraReplica,1,1,False
io.github.Sanoy24,1,1,False
io.github.SanjhaiPrakash18,1,1,False
io.github.Shareed2k,1,1,False
io.github.Shawn5cents,1,1,False
io.github.Sahil170595,1,1,False
io.github.Skyrxin,1,1,False
io.github.Smartoire,1,1,False
io.github.SmartMobileHouse,1,1,False
io.github.Smart-link-t,1,1,False
io.github.Slowper,1,1,False
io.github.SleepyJP,1,1,False
io.github.SlambertDK,1,1,False
io.github.Skyvern-AI,1,1,False
io.github.Skyline-Roofing,1,1,False
io.github.ShekharBhardwaj,1,1,False
io.github.SkyUnlimit,1,1,False
io.github.Skitchy,1,1,False
io.github.Skills03,1,1,False
io.github.Skillproofdev,1,1,False
io.github.Sitten-Tokyo,1,1,False
io.github.Sisuthros,1,1,False
io.github.SirinivasK,1,1,False
io.github.SmartyJohnway,1,1,False
io.github.Sndevore77,1,1,False
io.github.Snehgabani,1,1,False
io.github.Snipara,1,1,False
io.github.SolveGate,1,1,False
io.github.Solteris-Dev,1,1,False
io.github.SolomonisBlack,1,1,False
io.github.Solara-Snipe-Bot,1,1,False
io.github.Soil911,1,1,False
io.github.Sohlin2,1,1,False
io.github.Softeria,1,1,False
io.github.Sockshead,1,1,False
io.github.SocioLogicAI,1,1,False
io.github.Socialpranker,1,1,False
io.github.SocialAPIsHub,1,1,False
io.github.Soboljem,1,1,False
io.github.SoapyRED,1,1,False
io.github.Snowflake-Labs,1,1,False
io.github.SnowLeopard-AI,1,1,False
io.github.SirMacke,1,1,False
io.github.Sintexer,1,1,False
io.github.Singlishman,1,1,False
io.github.ShunkiOgino,1,1,False
io.github.Shuangshuang007,1,1,False
io.github.Shuaigle,1,1,False
io.github.Shrike-Security,1,1,False
io.github.Shree-varshan-430,1,1,False
io.github.Shree-git,1,1,False
io.github.ShoonEnterprises,1,1,False
io.github.Shiryu-go,1,1,False
io.github.ShirishChinch,1,1,False
io.github.ShirBarZur,1,1,False
io.github.Shipi18n,1,1,False
io.github.ShipOrBleed,1,1,False
io.github.Ship-With-AI,1,1,False
io.github.ShingWong,1,1,False
io.github.ShieldZCash,1,1,False
io.github.ShieldCubed,1,1,False
io.github.Shubochandrosarker,1,1,False
io.github.Shweta-Mishra-ai,1,1,False
io.github.Since-dev,1,1,False
io.github.Shxnque,1,1,False
io.github.SimplyMinimal,1,1,False
io.github.SimplyLiz,1,1,False
io.github.SimoneB79,1,1,False
io.github.SiliconRoshiBill,1,1,False
io.github.SiliconAnalysts,1,1,False
io.github.SiliconAINetworks,1,1,False
io.github.SikamikanikoBG,1,1,False
io.github.SihyeonJeon,1,1,False
io.github.Signato-ai,1,1,False
io.github.SignalEDI,1,1,False
io.github.SigNoz,1,1,False
io.github.Siddhukaushik,1,1,False
io.github.Siddharth-coder13,1,1,False
io.github.Sidd27,1,1,False
io.github.SiTouhemi,1,1,False
io.github.Sahilll15,1,1,False
io.github.Sahib-Sawhney-WH,1,1,False
io.github.Quangsumi,1,1,False
io.github.RdyGaming,1,1,False
io.github.RedHatInsights,1,1,False
io.github.RedDateTech,1,1,False
io.github.Red-Square-Software,1,1,False
io.github.RecallWorks,1,1,False
io.github.Realitim,1,1,False
io.github.Reachpad,1,1,False
io.github.ReGenNow,1,1,False
io.github.Rchari1,1,1,False
io.github.Ricky610329,1,1,False
io.github.Rbfinch,1,1,False
io.github.RbBtSn0w,1,1,False
io.github.Razee4315,1,1,False
io.github.RayNCooper,1,1,False
io.github.RayAKaan,1,1,False
io.github.Ray0907,1,1,False
io.github.RavioleLabs,1,1,False
io.github.RedHold,1,1,False
io.github.Redseb,1,1,False
io.github.Reemedri,1,1,False
io.github.RefugeSwordPublishing,1,1,False
io.github.Richard-Ewing,1,1,False
io.github.Ric-Lavers,1,1,False
io.github.RibatTRW,1,1,False
io.github.RezaSoleymanifar,1,1,False
io.github.Rexcraig,1,1,False
io.github.RevinhoHQ,1,1,False
io.github.RetroRobAI,1,1,False
io.github.Retio-ai,1,1,False
io.github.ResonantCodes,1,1,False
io.github.Rererr,1,1,False
io.github.RepoAssay,1,1,False
io.github.ReplenishRadar,1,1,False
io.github.Rengon0x,1,1,False
io.github.RekklesNA,1,1,False
io.github.Regsorm,1,1,False
io.github.Ravicha2,1,1,False
io.github.RavenWangChina,1,1,False
io.github.RaulSimpetru,1,1,False
io.github.RNVizion,1,1,False
io.github.RFrost19,1,1,False
io.github.REX-codebase,1,1,False
io.github.RECERQA,1,1,False
io.github.RAHULTRIPGAIN,1,1,False
io.github.R2Rlabs,1,1,False
io.github.R1ghtHereWaiting,1,1,False
io.github.R09722akaBennett,1,1,False
io.github.QueryQuarry,1,1,False
io.github.QuasarG,1,1,False
io.github.QuantuLabs,1,1,False
io.github.Quantabble,1,1,False
io.github.QuantSonar,1,1,False
io.github.QuantJourneyOrg,1,1,False
io.github.QuantGist-Technologies,1,1,False
io.github.Quant-M2M,1,1,False
io.github.RLabs-Inc,1,1,False
io.github.RPER2001,1,1,False
io.github.Ratnaditya-J,1,1,False
io.github.RPGMais,1,1,False
io.github.Rarefied-Earth,1,1,False
io.github.RapierCraft,1,1,False
io.github.Ranshiv,1,1,False
io.github.Ranork,1,1,False
io.github.RamaAditya49,1,1,False
io.github.Rama-Digital,1,1,False
io.github.Rajveerx11,1,1,False
io.github.RajeevSirohi,1,1,False
io.github.RajdeepDas43,1,1,False
io.github.RajX-dev,1,1,False
io.github.Raistlin82,1,1,False
io.github.RailKill,1,1,False
io.github.RagingOrangutan,1,1,False
io.github.RaYYeR220,1,1,False
io.github.RRGU26,1,1,False
io.github.RichardLemmon,1,1,False
io.github.Ridadata,1,1,False
io.github.SaharshPamecha,1,1,False
io.github.RyanJamesStewart,1,1,False
io.github.SELISEdigitalplatforms,1,1,False
io.github.SDMcC,1,1,False
io.github.SBolivarLoL,1,1,False
io.github.SAP-samples,1,1,False
io.github.S3bRR,1,1,False
io.github.S2thend,1,1,False
io.github.S2TConsulting,1,1,False
io.github.RyanCardin15,1,1,False
io.github.RidioDevelopment,1,1,False
io.github.RyanByrne,1,1,False
io.github.RyanAlberts,1,1,False
io.github.RuyaaCapital-admin,1,1,False
io.github.RustamIsmail,1,1,False
io.github.Rusender,1,1,False
io.github.Rupert1987,1,1,False
io.github.Runware,1,1,False
io.github.SEODesignLab,1,1,False
io.github.SFHAJJI,1,1,False
io.github.SHARProduction,1,1,False
io.github.SHREESHMAN,1,1,False
io.github.Sagar27888,1,1,False
io.github.Saga-Labs,1,1,False
io.github.SYMBaiEX,1,1,False
io.github.SXQ0607,1,1,False
io.github.SWATGenX,1,1,False
io.github.STiFLeR7,1,1,False
io.github.STR-Consulting,1,1,False
io.github.SRock44,1,1,False
io.github.SPerekrestova,1,1,False
io.github.SPOC-App,1,1,False
io.github.SPIRY-RO,1,1,False
io.github.SLP-DEV1,1,1,False
io.github.SLAtech-IL,1,1,False
io.github.SKurakov,1,1,False
io.github.SKalinin909,1,1,False
io.github.Runewardd,1,1,False
io.github.Runestone-Labs,1,1,False
io.github.RunOnFlux,1,1,False
io.github.RodRomer,1,1,False
io.github.Robocular,1,1,False
io.github.Roberton003,1,1,False
io.github.RobertoHanas,1,1,False
io.github.RobelDev,1,1,False
io.github.RobThePCGuy,1,1,False
io.github.Ritwikjoshi,1,1,False
io.github.RiskThinking,1,1,False
io.github.Rishav0123,1,1,False
io.github.RishabhKodes,1,1,False
io.github.RipperMercs,1,1,False
io.github.Ringer,1,1,False
io.github.RileyCraig14,1,1,False
io.github.RikitoNoto,1,1,False
io.github.RightOnPar-LLC,1,1,False
io.github.RightNow-AI,1,1,False
io.github.Rocketech-Software-Development,1,1,False
io.github.RodrigueDev13,1,1,False
io.github.RuloGB,1,1,False
io.github.Rohan27s,1,1,False
io.github.Rufflet,1,1,False
io.github.RubenTay,1,1,False
io.github.RubenGlez,1,1,False
io.github.Rswcf,1,1,False
io.github.Royalti-io,1,1,False
io.github.Roshan6335,1,1,False
io.github.Rosentic,1,1,False
io.github.RooneyTech,1,1,False
io.github.Ronit-019,1,1,False
io.github.RoninForge,1,1,False
io.github.RonieNeubauer,1,1,False
io.github.RonDaha,1,1,False
io.github.RolloutsAI,1,1,False
io.github.RoleModel,1,1,False
io.github.RohitYajee8076,1,1,False
io.github.CacheCarti,1,1,False
io.github.CWNApps,1,1,False
com.soren,1,1,False
de.dm.mcp,1,1,False
de.gasthof-koller,1,1,False
de.foodtruck-nation,1,1,False
de.fluvigil,1,1,False
de.fibalo,1,1,False
de.fewo-bruno-gap,1,1,False
de.fakturai,1,1,False
de.drgsystem,1,1,False
de.dinilu,1,1,False
de.ugc-vz,1,1,False
de.cronjob,1,1,False
de.claimondo,1,1,False
de.choov,1,1,False
de.cernion,1,1,False
de.carbon-cashmere.api,1,1,False
de.bluraysuchmaschine,1,1,False
de.bibelstudium-mcp,1,1,False
de.honestdog,1,1,False
de.kalender-sync,1,1,False
de.kannkidas,1,1,False
de.kopp-re,1,1,False
de.smartwebchat,1,1,False
de.sessionplan,1,1,False
de.schlingloff-euromovers,1,1,False
de.roboterradar,1,1,False
de.rechnungslotse,1,1,False
de.qrcodly,1,1,False
de.pixdress,1,1,False
de.openwein,1,1,False
de.nomado24,1,1,False
de.netzhandwerker.energy,1,1,False
de.my-flohmarkt,1,1,False
de.mechoulam,1,1,False
de.llms-txt-generator,1,1,False
de.livaglow,1,1,False
de.lebenslaufheld,1,1,False
de.bergsonne-allgaeu,1,1,False
de.beglaubigt,1,1,False
de.beat-side.agentworld,1,1,False
cz.freelax,1,1,False
cz.dokladbot,1,1,False
cz.cenaodhad,1,1,False
cz.bydleno,1,1,False
cz.audioknihy,1,1,False
cx.bsv,1,1,False
cx.alloy,1,1,False
cv.touchstone,1,1,False
cv.d,1,1,False
cr.azul,1,1,False
cool.qianshi,1,1,False
cool.payload.api,1,1,False
cool.footage,1,1,False
cool.cron,1,1,False
cool.asap,1,1,False
consulting.sophon,1,1,False
cz.firmastat,1,1,False
cz.groo,1,1,False
de.ausschreibungsagenten,1,1,False
cz.jobsai,1,1,False
de.auracite,1,1,False
de.arnekellmann,1,1,False
de.analytixus,1,1,False
de.albumora,1,1,False
de.agundur,1,1,False
de.agentview,1,1,False
day.shyn,1,1,False
cz.volai,1,1,False
cz.tvojelajky,1,1,False
cz.suorigo.konfigurator,1,1,False
cz.studionatali-ricany,1,1,False
cz.storeinvent,1,1,False
cz.salesbot,1,1,False
cz.namailu,1,1,False
cz.mdflow,1,1,False
de.tabak-brucker.www,1,1,False
de.umzugsdirekt,1,1,False
computer.tin,1,1,False
dev.agentseo.www,1,1,False
dev.aicomputeradar,1,1,False
dev.aicommander,1,1,False
dev.aic0rt3x.memory,1,1,False
dev.agenttool,1,1,False
dev.agentsouk,1,1,False
dev.agentsim,1,1,False
dev.agentshare,1,1,False
dev.agentreliability,1,1,False
de.urlaub-smart,1,1,False
dev.agentpays,1,1,False
dev.agentpapers,1,1,False
dev.agentopskit.www,1,1,False
dev.agentopskit,1,1,False
dev.agentmetal,1,1,False
dev.agently,1,1,False
dev.agenticemail,1,1,False
dev.aieph,1,1,False
dev.aimodelradar,1,1,False
dev.aipp,1,1,False
dev.alexlabs,1,1,False
dev.augments,1,1,False
dev.asymptopia,1,1,False
dev.astrocal,1,1,False
dev.assurly,1,1,False
dev.asiaref,1,1,False
dev.ascendkit,1,1,False
dev.artisign,1,1,False
dev.arlet,1,1,False
dev.archstone.hosted,1,1,False
dev.archgraph,1,1,False
dev.appcontext,1,1,False
dev.anotherai,1,1,False
dev.animica,1,1,False
dev.anatome,1,1,False
dev.almanack,1,1,False
dev.agentic-atlas,1,1,False
dev.agentcouch,1,1,False
dev.agentbuilt,1,1,False
de.wovitamine,1,1,False
de.wotablet,1,1,False
de.wostrom,1,1,False
de.wospeicher,1,1,False
de.wosolar,1,1,False
de.wosneaker,1,1,False
de.woroller,1,1,False
de.wopool,1,1,False
de.wolaptop,1,1,False
de.wokonsole,1,1,False
de.wohandy,1,1,False
de.wogrill,1,1,False
de.woebike,1,1,False
de.wievielkostetmeinumzug,1,1,False
de.vorortai,1,1,False
de.vakantio,1,1,False
de.wouhr,1,1,False
de.zugferd-validator,1,1,False
dev.agentbrush,1,1,False
design.60fps,1,1,False
dev.agent-module,1,1,False
dev.afriref,1,1,False
dev.adrkit,1,1,False
dev.adcrunch,1,1,False
dev.acopio,1,1,False
dev.aatos,1,1,False
dev.3tg,1,1,False
dev.3dassets,1,1,False
dev.21st,1,1,False
dev.1social,1,1,False
design.uproad,1,1,False
design.reprise,1,1,False
design.mozaika,1,1,False
design.kwnva,1,1,False
design.brilliant,1,1,False
consulting.sequel,1,1,False
computer.lathe,1,1,False
dev.autonomyforge.pressuredesk,1,1,False
com.wingmanprotocol.agent,1,1,False
com.wix,1,1,False
com.withtallied,1,1,False
com.withruntime,1,1,False
com.withresumeai,1,1,False
com.withblueberry,1,1,False
com.wiselyenterprisesllc,1,1,False
com.wipvo,1,1,False
com.wines-export,1,1,False
com.writulos,1,1,False
com.windowsforum,1,1,False
com.windbornesystems,1,1,False
com.wildrunai,1,1,False
com.wildorangecharters,1,1,False
com.wikitolica,1,1,False
com.wikimedia.enterprise,1,1,False
com.wikikv,1,1,False
com.wizeb,1,1,False
com.wolfloyee,1,1,False
com.wolfram,1,1,False
com.wontopos,1,1,False
com.wrapper-agency.parsedoc,1,1,False
com.wpwriter,1,1,False
com.wphealthkit,1,1,False
com.wpbay,1,1,False
com.worthune,1,1,False
com.worqen,1,1,False
com.worldku,1,1,False
com.worldhums,1,1,False
com.worldcitisim,1,1,False
com.worldairfares,1,1,False
com.workos,1,1,False
com.workingcapitalquotes,1,1,False
com.workers-rights,1,1,False
com.work-pick,1,1,False
com.woopsocial,1,1,False
com.wikexa,1,1,False
com.wickfunded,1,1,False
com.whooing,1,1,False
com.wenreceipts,1,1,False
com.weekrota,1,1,False
com.weekendnodessert,1,1,False
com.wedyesday.mcp,1,1,False
com.weddingcostchecker,1,1,False
com.wedding-seat,1,1,False
com.webstarthub,1,1,False
com.websitesensei.forge,1,1,False
com.websitelaunches,1,1,False
com.website2vat,1,1,False
com.webremotejobs,1,1,False
com.webotee,1,1,False
com.webmcp-tool,1,1,False
com.webmcp-eval,1,1,False
com.webhook-studio,1,1,False
com.webforj,1,1,False
com.wellknownhq,1,1,False
com.wenshucha,1,1,False
com.wholesalepilot,1,1,False
com.westerncontainersales,1,1,False
com.whoislicensed,1,1,False
com.whimsical,1,1,False
com.whichtrim,1,1,False
com.whichmadvisor,1,1,False
com.whichli,1,1,False
com.whichfieldsoftware,1,1,False
com.whichfieldservice,1,1,False
com.wherobots,1,1,False
com.whenna,1,1,False
com.whenisbins,1,1,False
com.whatmount,1,1,False
com.whatledto,1,1,False
com.whatagentsbuy,1,1,False
com.whalesync,1,1,False
com.weverlabs,1,1,False
com.writavo,1,1,False
com.wuniq,1,1,False
com.zyrvix,1,1,False
com.zenovay,1,1,False
com.zettoai,1,1,False
com.zetadeck,1,1,False
com.zeroheight,1,1,False
com.zeroacquire,1,1,False
com.zernote,1,1,False
com.zernio,1,1,False
com.zensched,1,1,False
com.zeltser,1,1,False
com.wyndpath,1,1,False
com.zelesia,1,1,False
com.zeamprism,1,1,False
com.zarla,1,1,False
com.zapier,1,1,False
com.zalize.qr,1,1,False
com.zalize.leads,1,1,False
com.zaleso,1,1,False
com.zfinia.api,1,1,False
com.zhedor,1,1,False
com.zhijipaipan,1,1,False
com.zigpoll,1,1,False
com.zyphe,1,1,False
com.zype.mcp,1,1,False
com.zyntaflow,1,1,False
com.zylalabs,1,1,False
com.zyberno,1,1,False
com.zuegle,1,1,False
com.zoxron,1,1,False
com.zoningverdict,1,1,False
com.zoningsignal,1,1,False
com.zoninga,1,1,False
com.zomato,1,1,False
com.zobrx,1,1,False
com.zippfeed,1,1,False
com.zinvyl,1,1,False
com.zillapi,1,1,False
com.zaimhub,1,1,False
com.zahabprice,1,1,False
com.zacharyr0th.music,1,1,False
com.xverum,1,1,False
com.xrade,1,1,False
com.xquik,1,1,False
com.xoomar,1,1,False
com.xonark,1,1,False
com.xnotepadai,1,1,False
com.xn--5ckxa2e4ez471abqo49zn6s,1,1,False
com.xlifflane,1,1,False
com.xhostd,1,1,False
com.xdogtrading,1,1,False
com.xcreener,1,1,False
com.xcodebuildmcp,1,1,False
com.x402git,1,1,False
com.x402-list,1,1,False
com.x1wealth,1,1,False
com.x-ego,1,1,False
com.xrpldashboard,1,1,False
com.xweather,1,1,False
com.zacharyr0th,1,1,False
com.yachtcharterquotes,1,1,False
com.yowayow,1,1,False
com.youtubetranscriptdownload,1,1,False
com.youtubestudiomcp,1,1,False
com.youspot,1,1,False
com.yourmatflow,1,1,False
com.youricp,1,1,False
com.yourfinancejob,1,1,False
com.yloservice,1,1,False
com.yieldzo,1,1,False
com.yieldprobe,1,1,False
com.yesmcp,1,1,False
com.yearendo,1,1,False
com.yasinozen,1,1,False
com.yantrakit,1,1,False
com.yanlinglabs,1,1,False
dev.ausref,1,1,False
dev.avakit,1,1,False
com.webeyez,1,1,False
dev.paypercall.extract,1,1,False
dev.pingzen,1,1,False
dev.phpray,1,1,False
dev.pepita.mcp,1,1,False
dev.pendnt,1,1,False
dev.pdfrender,1,1,False
dev.pdfops,1,1,False
dev.pdf2md,1,1,False
dev.patent,1,1,False
dev.rankd,1,1,False
dev.pastehtml,1,1,False
dev.passagens,1,1,False
dev.paritto,1,1,False
dev.paperdock,1,1,False
dev.pages.productschema,1,1,False
dev.pages.mnemolog,1,1,False
dev.pages.hookden,1,1,False
dev.playrunner,1,1,False
dev.plyo,1,1,False
dev.pntr,1,1,False
dev.pokes,1,1,False
dev.quantrisk,1,1,False
dev.pullboard,1,1,False
dev.publicsafetyapi,1,1,False
dev.provinglab,1,1,False
dev.protogrid,1,1,False
dev.promplate,1,1,False
dev.prismism,1,1,False
dev.primitive,1,1,False
dev.pricetrack,1,1,False
dev.previewdrop,1,1,False
dev.postzen,1,1,False
dev.postproxy,1,1,False
dev.postlake,1,1,False
dev.postbag,1,1,False
dev.polyfork,1,1,False
dev.pages.datanest-stores,1,1,False
dev.pages.corbelworks,1,1,False
dev.pagelens,1,1,False
dev.multimail,1,1,False
dev.mossforge,1,1,False
dev.mory,1,1,False
dev.moradas,1,1,False
dev.modem,1,1,False
dev.minitok,1,1,False
dev.mightys,1,1,False
dev.metarun,1,1,False
dev.metamesh-uga,1,1,False
dev.messora,1,1,False
dev.memofs,1,1,False
dev.memnode,1,1,False
dev.memgit,1,1,False
dev.mearef,1,1,False
dev.mcphost,1,1,False
dev.mcpgrade,1,1,False
dev.mossgate,1,1,False
dev.mxprobe,1,1,False
dev.overspan,1,1,False
dev.mywine,1,1,False
dev.openstatus,1,1,False
dev.openfrontier,1,1,False
dev.openfeature,1,1,False
dev.openaeo,1,1,False
dev.onthestacks,1,1,False
dev.omnidebuglink,1,1,False
dev.oleander,1,1,False
dev.ohmyposh,1,1,False
dev.numberrank,1,1,False
dev.nichedb,1,1,False
dev.nextblock,1,1,False
dev.nexbid,1,1,False
dev.nativesoil,1,1,False
dev.nanotoll,1,1,False
dev.nakodo,1,1,False
dev.rampify,1,1,False
dev.rateapi,1,1,False
dev.mcpcomp,1,1,False
dev.southern-light.mcp,1,1,False
dev.stackresolve,1,1,False
dev.stackfiesta,1,1,False
dev.sprites,1,1,False
dev.specpilot,1,1,False
dev.spatialpack,1,1,False
dev.sparkpay,1,1,False
dev.sparkads,1,1,False
dev.sourced,1,1,False
dev.realitygraph,1,1,False
dev.snaplab,1,1,False
dev.smartcut,1,1,False
dev.smallprint,1,1,False
dev.slipstack,1,1,False
dev.slideforge,1,1,False
dev.slashr,1,1,False
dev.skillrepo,1,1,False
dev.stackscope,1,1,False
dev.starwell,1,1,False
dev.statelode,1,1,False
dev.stepcode,1,1,False
dev.telequick,1,1,False
dev.tatastu,1,1,False
dev.tasklix,1,1,False
dev.tango,1,1,False
dev.tabnas,1,1,False
dev.taada,1,1,False
dev.swonkie,1,1,False
dev.swatchdog,1,1,False
dev.svelte,1,1,False
dev.suzuri,1,1,False
dev.sunrays,1,1,False
dev.stylelock,1,1,False
dev.storage,1,1,False
dev.stocklake,1,1,False
dev.stitchapi,1,1,False
dev.skillagent,1,1,False
dev.sipflow,1,1,False
dev.shiranui-isuzu,1,1,False
dev.rostro,1,1,False
dev.rohnelt.vortex,1,1,False
dev.rohnelt.kortex,1,1,False
dev.rohnelt.aura,1,1,False
dev.robase,1,1,False
dev.rmcp,1,1,False
dev.rlay,1,1,False
dev.rivet,1,1,False
dev.reviewgate,1,1,False
dev.reqistry,1,1,False
dev.repofold,1,1,False
dev.replit.kirk.91eaaf4b-0a31-4f81-971a-86dc09a31986-00-2a9kujnvh541f-mwardvi0,1,1,False
dev.rendraputra,1,1,False
dev.regionfetch,1,1,False
dev.reflecto,1,1,False
dev.redeal,1,1,False
dev.rossdata,1,1,False
dev.routebase,1,1,False
dev.shirabe,1,1,False
dev.rt4,1,1,False
dev.sexai,1,1,False
dev.servonaut,1,1,False
dev.sending,1,1,False
dev.semanticreader,1,1,False
dev.searchstack,1,1,False
dev.scrip,1,1,False
dev.scratchrun,1,1,False
dev.scrapenest,1,1,False
dev.scoopkit,1,1,False
dev.satrank,1,1,False
dev.sandboxapis,1,1,False
dev.samva,1,1,False
dev.safeprompt,1,1,False
dev.rye,1,1,False
dev.runboth,1,1,False
dev.mcpfinder,1,1,False
dev.mascotline,1,1,False
dev.averra,1,1,False
dev.dnsdoctor,1,1,False
dev.dvt,1,1,False
dev.dungbeetle,1,1,False
dev.dualregistry,1,1,False
dev.drengr,1,1,False
dev.draugr,1,1,False
dev.domainee,1,1,False
dev.docmancer,1,1,False
dev.districtapi,1,1,False
dev.filetopdf,1,1,False
dev.distributionos,1,1,False
dev.devplane,1,1,False
dev.depscope,1,1,False
dev.depfeed,1,1,False
dev.deadends,1,1,False
dev.datatoll,1,1,False
dev.dartmonitor,1,1,False
dev.dystro,1,1,False
dev.e18e,1,1,False
dev.e2a,1,1,False
dev.echorelay,1,1,False
dev.fetchwire,1,1,False
dev.fetchgate,1,1,False
dev.fentz.envcp,1,1,False
dev.fastdrop,1,1,False
dev.ezstat,1,1,False
dev.exit1,1,1,False
dev.exchangerate,1,1,False
dev.exactlane,1,1,False
dev.eusend,1,1,False
dev.euroref,1,1,False
dev.eqbuilder,1,1,False
dev.emisar,1,1,False
dev.emailmd,1,1,False
dev.edgegap,1,1,False
dev.ecoa,1,1,False
dev.danielsuchan,1,1,False
dev.ctxfile,1,1,False
dev.crelvo,1,1,False
dev.claw-link,1,1,False
dev.citadeldb,1,1,False
dev.cinderroute,1,1,False
dev.charliemorrison,1,1,False
dev.chaincontext,1,1,False
dev.ceraph,1,1,False
dev.carbonitex.ecogame,1,1,False
dev.busymate,1,1,False
dev.bugezy,1,1,False
dev.buddylists.www,1,1,False
dev.btlabs,1,1,False
dev.brazilmcp,1,1,False
dev.bofip,1,1,False
dev.blyck,1,1,False
dev.blvkware,1,1,False
dev.bigapi,1,1,False
dev.cite42,1,1,False
dev.clipkit,1,1,False
dev.craftery,1,1,False
dev.cloro,1,1,False
dev.crabfish,1,1,False
dev.cr8,1,1,False
dev.costheta,1,1,False
dev.continue,1,1,False
dev.consultant,1,1,False
dev.commentary,1,1,False
dev.coinslot,1,1,False
dev.coinop,1,1,False
dev.codepathfinder,1,1,False
dev.codeitall,1,1,False
dev.codefmt,1,1,False
dev.clutchcall,1,1,False
dev.clusterhack,1,1,False
dev.clusteragent,1,1,False
dev.cloudgate,1,1,False
dev.ffpipe,1,1,False
dev.fiskmas,1,1,False
dev.marksiazon,1,1,False
dev.kamy,1,1,False
dev.latamref,1,1,False
dev.lastping,1,1,False
dev.kultur,1,1,False
dev.kognite,1,1,False
dev.kgninja.agent-economy,1,1,False
dev.keyframer,1,1,False
dev.kanta,1,1,False
dev.kaimeilabs,1,1,False
dev.fixter,1,1,False
dev.jpwilliams.notes,1,1,False
dev.journalize,1,1,False
dev.jobspipe,1,1,False
dev.jasonpearson,1,1,False
dev.ithz,1,1,False
dev.invoicehub,1,1,False
dev.instruxi.enforcer,1,1,False
dev.lattis,1,1,False
dev.launchflag,1,1,False
dev.layoutline,1,1,False
dev.layrcake,1,1,False
dev.mantlekit,1,1,False
dev.mainline,1,1,False
dev.mailverdict,1,1,False
dev.madtaco,1,1,False
dev.lovable,1,1,False
dev.looptool,1,1,False
dev.llmlatency,1,1,False
dev.linkdigest,1,1,False
dev.lingo,1,1,False
dev.libraryapi,1,1,False
dev.lettera,1,1,False
dev.lekta,1,1,False
dev.legalize,1,1,False
dev.leclap,1,1,False
dev.leanroute,1,1,False
dev.infranode,1,1,False
dev.infersports,1,1,False
dev.ilien.svipall,1,1,False
dev.glbforge,1,1,False
dev.getlumin,1,1,False
dev.getfrostbyte,1,1,False
dev.getcited,1,1,False
dev.gemot,1,1,False
dev.futur-panda,1,1,False
dev.fruitstand,1,1,False
dev.freysa.economic-agent-369,1,1,False
dev.freysa.bumi,1,1,False
dev.framejet,1,1,False
dev.fly.x402-accelerometer-feed,1,1,False
dev.fly.veles-finance-gateway,1,1,False
dev.fly.solidus-x402,1,1,False
dev.fly.obol-x402,1,1,False
dev.flarelink,1,1,False
dev.flarehq,1,1,False
dev.getstub,1,1,False
dev.glideapps,1,1,False
dev.iknow,1,1,False
dev.gnosem,1,1,False
dev.ikenga,1,1,False
dev.ichabod,1,1,False
dev.hythe,1,1,False
dev.humanhours,1,1,False
dev.humanforai,1,1,False
dev.horizonshield,1,1,False
dev.homespun,1,1,False
dev.heystack,1,1,False
dev.harvis,1,1,False
dev.gvnr,1,1,False
dev.gtmtools,1,1,False
dev.gtfo,1,1,False
dev.goodeye,1,1,False
dev.goodbarber,1,1,False
dev.goldprice,1,1,False
com.webflow,1,1,False
com.weav,1,1,False
dev.tesseralytics,1,1,False
com.tenantsdb,1,1,False
com.termslane,1,1,False
com.termsbird,1,1,False
com.teppek,1,1,False
com.tensormaster,1,1,False
com.tendladder,1,1,False
com.tendergap,1,1,False
com.tenantvo,1,1,False
com.temsor,1,1,False
com.the-automator,1,1,False
com.tempreon,1,1,False
com.tellseed,1,1,False
com.telescopecomparehq,1,1,False
com.telerivet,1,1,False
com.telerik,1,1,False
com.teleprompter,1,1,False
com.telegramtometatrader,1,1,False
com.tern0,1,1,False
com.tesorio,1,1,False
com.test-well,1,1,False
com.testrigor,1,1,False
com.thaifishsashimicatalog,1,1,False
com.thaibankslip,1,1,False
com.thaiapp,1,1,False
com.tgpaybot,1,1,False
com.tgboard,1,1,False
com.texttostl,1,1,False
com.texttoquant,1,1,False
com.textmine,1,1,False
com.textarttools,1,1,False
com.text2event,1,1,False
com.texaswaterdamagecost,1,1,False
com.texassolarcostcalculator,1,1,False
com.texasratedpros,1,1,False
com.texashvacreplacementcost,1,1,False
com.texasfoundationrepaircost,1,1,False
com.teenpsychiatry,1,1,False
com.teclazo,1,1,False
com.techsnif,1,1,False
com.tandem-cc,1,1,False
com.tamgara,1,1,False
com.talval,1,1,False
com.tallymeter,1,1,False
com.tallymesh,1,1,False
com.tallyfy,1,1,False
com.tally-stick,1,1,False
com.talkenda,1,1,False
com.talkarcllc,1,1,False
com.talkamore,1,1,False
com.talarion,1,1,False
com.takocode,1,1,False
com.takident,1,1,False
com.takeoffdeck,1,1,False
com.takehomecompass,1,1,False
com.tailthemes,1,1,False
com.tamperlens,1,1,False
com.tantra-authority,1,1,False
com.teamwork,1,1,False
com.tapcart,1,1,False
com.teamo360,1,1,False
com.tcgmcp,1,1,False
com.tazpal,1,1,False
com.taxyearvo,1,1,False
com.taxooor,1,1,False
com.taxlocus,1,1,False
com.taxact,1,1,False
com.tastemakerdev,1,1,False
com.tarotari.www,1,1,False
com.tarkagrid,1,1,False
com.tariffmonkee,1,1,False
com.tapuzinski,1,1,False
com.taproothq,1,1,False
com.tapetide,1,1,False
com.tapeperp,1,1,False
com.thatseoagent,1,1,False
com.the-driscoll,1,1,False
com.tachovo,1,1,False
com.thetempleofdoom.titan-mcp,1,1,False
com.thinkstack-app,1,1,False
com.thingctx,1,1,False
com.theytree,1,1,False
com.thewheelatlas,1,1,False
com.thevicinityapp.www,1,1,False
com.thevicinityapp,1,1,False
com.thetempleofdoom.vega-mcp,1,1,False
com.thetempleofdoom.styx-mcp,1,1,False
com.the-snip,1,1,False
com.thetempleofdoom.osint-mcp,1,1,False
com.thetempleofdoom.lynx,1,1,False
com.thetempleofdoom.hyperion,1,1,False
com.thetempleofdoom.echo-mcp,1,1,False
com.thetempleofdoom.argus,1,1,False
com.thetavantage,1,1,False
com.theservicemarketingguys,1,1,False
com.thinqos,1,1,False
com.thisisdelightful,1,1,False
com.thousand-api,1,1,False
com.thousandeyes,1,1,False
com.tidetimescompare,1,1,False
com.tidemarkresearch,1,1,False
com.tidee,1,1,False
com.tickwind,1,1,False
com.tickmarko,1,1,False
com.tickerinside,1,1,False
com.tickerfacts,1,1,False
com.tickerdb,1,1,False
com.tickerall,1,1,False
com.tianxiagongchang,1,1,False
com.thruact,1,1,False
com.thrifle,1,1,False
com.threewayly,1,1,False
com.threadotter,1,1,False
com.threadlinqs,1,1,False
com.therevenueaireport,1,1,False
com.theresanaiforthat,1,1,False
com.therenovationroom,1,1,False
com.thefilmradar,1,1,False
com.thefamilyalmanac,1,1,False
com.thedploy,1,1,False
com.thedeskmonitor,1,1,False
com.thedailysmark,1,1,False
com.thecryptoport,1,1,False
com.thecrowdspace,1,1,False
com.thecodey,1,1,False
com.thechrisgrey,1,1,False
com.thecastlemap,1,1,False
com.thebalancedinvestorclub,1,1,False
com.theartofservice,1,1,False
com.theartillerist,1,1,False
com.theaitoolsindex,1,1,False
com.theagenttimes,1,1,False
com.the13f,1,1,False
com.thefilmmap,1,1,False
com.thefinishgrid,1,1,False
com.thequietprotocol.www,1,1,False
com.theflowersdirectory,1,1,False
com.theprotoclinical,1,1,False
com.thepantrybutler,1,1,False
com.theoutdoorsapp,1,1,False
com.thenightsky,1,1,False
com.thenewengineer,1,1,False
com.theneuralledger,1,1,False
com.thenetworkos,1,1,False
com.themonexus,1,1,False
com.themesic,1,1,False
com.themastermindset,1,1,False
com.themassprint,1,1,False
com.themailx,1,1,False
com.thejohnsonbros,1,1,False
com.theirstack,1,1,False
com.thefomite,1,1,False
com.tacostreetlocating.ai,1,1,False
com.tabzoola,1,1,False
com.tilwhen,1,1,False
com.stackerscan,1,1,False
com.stalsoft,1,1,False
com.stagenix,1,1,False
com.stackwitness,1,1,False
com.stackscan,1,1,False
com.stackoverflow.mcp,1,1,False
com.stackone,1,1,False
com.stackhawk,1,1,False
com.sssnack,1,1,False
com.stimulsoft,1,1,False
com.ssemble,1,1,False
com.sscmfi,1,1,False
com.sredfinder,1,1,False
com.sredclaimcalculator,1,1,False
com.squirrelscan,1,1,False
com.squirrelbrainapp,1,1,False
com.squiredocs,1,1,False
com.star-meet,1,1,False
com.staragenta,1,1,False
com.startaiming,1,1,False
com.startupnamegenerator,1,1,False
com.stewai,1,1,False
com.stevesignals.api,1,1,False
com.stepshots,1,1,False
com.stelllink,1,1,False
com.stellarhound,1,1,False
com.steledger,1,1,False
com.stayportland,1,1,False
com.stayker,1,1,False
com.stayingapi,1,1,False
com.statsig,1,1,False
com.statisticsoftheworld,1,1,False
com.statementtobudget.www,1,1,False
com.statable,1,1,False
com.stat-api,1,1,False
com.stashgamma,1,1,False
com.squawkflow.mcp,1,1,False
com.squallstudio,1,1,False
com.spytrend,1,1,False
com.sparklingtracks,1,1,False
com.spanly,1,1,False
com.spaghettiandsummits,1,1,False
com.spacexploration,1,1,False
com.soxoa,1,1,False
com.sowbird,1,1,False
com.sovereigntyempire,1,1,False
com.sourcey,1,1,False
com.sourcerdesk,1,1,False
com.sourcemedium,1,1,False
com.sourceacts,1,1,False
com.soundgtm,1,1,False
com.soumtok,1,1,False
com.soulcraftagency,1,1,False
com.sornkan,1,1,False
com.sornflow,1,1,False
com.spannhq,1,1,False
com.sparkvibeai,1,1,False
com.sprytools,1,1,False
com.spatialindia,1,1,False
com.sprixen,1,1,False
com.spriteship,1,1,False
com.sprintcheckout,1,1,False
com.sportwizzard,1,1,False
com.sportstracklive,1,1,False
com.spoolis,1,1,False
com.sponsorable,1,1,False
com.splidia,1,1,False
com.splark,1,1,False
com.spicyapi,1,1,False
com.spendict,1,1,False
com.spencerhofmans,1,1,False
com.speedrun-talent-network,1,1,False
com.speak2web,1,1,False
com.spcsft,1,1,False
com.stierproducts,1,1,False
com.stockfilm,1,1,False
com.tabularrecipe,1,1,False
com.superpractice,1,1,False
com.svgator,1,1,False
com.suresms,1,1,False
com.supwire,1,1,False
com.supplyslate,1,1,False
com.supplymaven,1,1,False
com.supovia,1,1,False
com.supersaas,1,1,False
com.supermetrics,1,1,False
com.stocklens,1,1,False
com.suparanku,1,1,False
com.supabase,1,1,False
com.suomiatlas,1,1,False
com.sunshineatlas,1,1,False
com.sunsetmixing,1,1,False
com.sunex,1,1,False
com.sunago-matrix,1,1,False
com.svgicons,1,1,False
com.svgrid,1,1,False
com.swamix.mcp,1,1,False
com.swarm-board,1,1,False
com.tablejourney,1,1,False
com.tableall,1,1,False
com.tabflows,1,1,False
com.tabfleet,1,1,False
com.sytecheck,1,1,False
com.synergyboat,1,1,False
com.synder,1,1,False
com.syncrosecure,1,1,False
com.synapseoptics,1,1,False
com.symvanta,1,1,False
com.sygnliq,1,1,False
com.syfert,1,1,False
com.sweetsaverfare,1,1,False
com.swathapi,1,1,False
com.swarmmemo,1,1,False
com.sumoffice,1,1,False
com.sumibako,1,1,False
com.sumhound,1,1,False
com.streamsapps,1,1,False
com.streamkap,1,1,False
com.streaming-lens.mcp,1,1,False
com.stravue,1,1,False
com.stratyfix,1,1,False
com.strasmore.ai,1,1,False
com.storydoc,1,1,False
com.storskarvia,1,1,False
com.storiesonboard,1,1,False
com.storeinspect,1,1,False
com.store-mcp,1,1,False
com.stopovercity,1,1,False
com.stopful,1,1,False
com.stocktrends,1,1,False
com.stocktaka,1,1,False
com.stockmarketscan,1,1,False
com.streamlinehq,1,1,False
com.streetproof,1,1,False
com.sulvo.publisher-revenue-audit,1,1,False
com.strengthstandardscalc,1,1,False
com.suitedforit,1,1,False
com.sudslane,1,1,False
com.sudomock,1,1,False
com.substradium,1,1,False
com.subsroom,1,1,False
com.submitmap,1,1,False
com.subbielane,1,1,False
com.subastech,1,1,False
com.stytrix,1,1,False
com.stupidlyclever.www,1,1,False
com.stungevents,1,1,False
com.studiocorsair,1,1,False
com.structuredsettlementcompare,1,1,False
com.strrulescheck,1,1,False
com.stripe,1,1,False
com.tieoutly,1,1,False
com.timecardbook,1,1,False
com.wearmu,1,1,False
com.vairetail,1,1,False
com.varynforge,1,1,False
com.vandorla,1,1,False
com.vamosalicante,1,1,False
com.valverideflow,1,1,False
com.valossa,1,1,False
com.validoria,1,1,False
com.vaiz,1,1,False
com.vaanzari,1,1,False
com.versium,1,1,False
com.vaadin,1,1,False
com.utilsforagents,1,1,False
com.ustaxrecords,1,1,False
com.usmortgagecalc,1,1,False
com.useweckr,1,1,False
com.usewait,1,1,False
com.useslop,1,1,False
com.vatnix,1,1,False
com.vegasnearme,1,1,False
com.velrim,1,1,False
com.venbix,1,1,False
com.verixid,1,1,False
com.verityrms,1,1,False
com.verisgov.api,1,1,False
com.verirouteintel,1,1,False
com.verifyum,1,1,False
com.verifyref,1,1,False
com.verifiedsupplementdata,1,1,False
com.vergabekompass,1,1,False
com.vercel,1,1,False
com.verbasil,1,1,False
com.venumark,1,1,False
com.venturu,1,1,False
com.vendooly,1,1,False
com.vendo-ai,1,1,False
com.vendizap,1,1,False
com.usesideways,1,1,False
com.uservane,1,1,False
com.userbrain,1,1,False
com.upscrape,1,1,False
com.uprampr,1,1,False
com.upload-post,1,1,False
com.uplika,1,1,False
com.upkeepvo,1,1,False
com.unstoppabledomains,1,1,False
com.unrealugc,1,1,False
com.unorouter,1,1,False
com.unlistedhomes,1,1,False
com.unlimitedtts,1,1,False
com.universalagentforum,1,1,False
com.unitpost,1,1,False
com.unitemfg,1,1,False
com.unitedstarlinktracker,1,1,False
com.unitecargo,1,1,False
com.unifiedoffer,1,1,False
com.upravio,1,1,False
com.upshiftsites,1,1,False
com.usepostify,1,1,False
com.uptimemonitoring,1,1,False
com.usepopup,1,1,False
com.usepancake,1,1,False
com.useorgx,1,1,False
com.usememra,1,1,False
com.useholon,1,1,False
com.usefreebox,1,1,False
com.usecroma,1,1,False
com.usecarscout,1,1,False
com.usebleep,1,1,False
com.useanyfile,1,1,False
com.useallowance,1,1,False
com.us-bike-travel,1,1,False
com.url2image,1,1,False
com.uptybots,1,1,False
com.uptimerobot,1,1,False
com.versedb,1,1,False
com.verticalflows,1,1,False
com.unifapi,1,1,False
com.voyagier,1,1,False
com.wachete,1,1,False
com.vviinn,1,1,False
com.vpsudo,1,1,False
com.vpncomparehq,1,1,False
com.vp0,1,1,False
com.voyscout,1,1,False
com.voyahomes,1,1,False
com.voyagehacks,1,1,False
com.vertodigital,1,1,False
com.voxodds,1,1,False
com.vouchtrail,1,1,False
com.vouchedpros,1,1,False
com.votepredictor,1,1,False
com.volunteerreminder,1,1,False
com.voltcast,1,1,False
com.volcanodog,1,1,False
com.wafergraph,1,1,False
com.waitingforpower,1,1,False
com.walkmyplan,1,1,False
com.walkthroughdesk,1,1,False
com.wearabledocs,1,1,False
com.way,1,1,False
com.wauldo,1,1,False
com.watchtower-api,1,1,False
com.washlib,1,1,False
com.washbodega,1,1,False
com.warmysender,1,1,False
com.warmthengine,1,1,False
com.wapiworld,1,1,False
com.walnutinvest,1,1,False
com.walnai,1,1,False
com.walletbureau,1,1,False
com.wallet-connectors,1,1,False
com.wallchartbook,1,1,False
com.walkvo,1,1,False
com.voicedispatcher,1,1,False
com.vocuno,1,1,False
com.vocaneo,1,1,False
com.vidmoat,1,1,False
com.videtion.hub,1,1,False
com.viddler,1,1,False
com.vidalytics,1,1,False
com.victano,1,1,False
com.vibsync,1,1,False
com.vibrai,1,1,False
com.viberooster,1,1,False
com.viberevert,1,1,False
com.vibe-fixer,1,1,False
com.viatsy,1,1,False
com.vhishongkong,1,1,False
com.vevang,1,1,False
com.vetosql,1,1,False
com.veterans-rights,1,1,False
com.verysimpleprojects,1,1,False
com.vidiq,1,1,False
com.vidwords,1,1,False
com.vixdeo,1,1,False
com.viewsmeet,1,1,False
com.vithanco,1,1,False
com.visualsandbox,1,1,False
com.visitelsewhere,1,1,False
com.virus-alert,1,1,False
com.virtualdataroomcompare,1,1,False
com.virohanadentalclinic,1,1,False
com.viraloutliers,1,1,False
com.viral-managers,1,1,False
com.viral-cat,1,1,False
com.vipsallowed,1,1,False
com.vincario,1,1,False
com.villapps,1,1,False
com.vikenda,1,1,False
com.viguides,1,1,False
com.vigilnotary,1,1,False
com.unifically,1,1,False
com.uniaffitti.www,1,1,False
com.timeprooflabs,1,1,False
com.tradepilotusa.www,1,1,False
com.traffalyzer,1,1,False
com.tradingcardvaluechecker,1,1,False
com.tradeuniquecapital.guild,1,1,False
com.tradestarinsider,1,1,False
com.tradessoftwarepicker,1,1,False
com.tradesseoagency,1,1,False
com.traderhc,1,1,False
com.tradechainly,1,1,False
com.trellistate,1,1,False
com.tradeassi,1,1,False
com.tradallo,1,1,False
com.tractorscope,1,1,False
com.trackordernow,1,1,False
com.tracklysms,1,1,False
com.tracklution,1,1,False
com.tppflow,1,1,False
com.traffordcrump,1,1,False
com.trailweights,1,1,False
com.trainrouter,1,1,False
com.trandence,1,1,False
com.tre-app,1,1,False
com.travolp,1,1,False
com.travelanimator,1,1,False
com.travel-code,1,1,False
com.travcozy,1,1,False
com.translatize,1,1,False
com.translatesheet,1,1,False
com.transipal,1,1,False
com.transcriptout,1,1,False
com.transcriptmax,1,1,False
com.transcriptmagic,1,1,False
com.transcriptfetch,1,1,False
com.transcriptapi,1,1,False
com.transcribevideototext,1,1,False
com.transcodely,1,1,False
com.townbrief,1,1,False
com.toutcreer,1,1,False
com.toughtongueai,1,1,False
com.tokeven,1,1,False
com.tokencanopy,1,1,False
com.tofubofu,1,1,False
com.tlsradar,1,1,False
com.tkawen,1,1,False
com.tizonaintelligence,1,1,False
com.tipranks,1,1,False
com.tippingrules,1,1,False
com.tip4serv,1,1,False
com.tinysend,1,1,False
com.tintin-x,1,1,False
com.timillcloud,1,1,False
com.timill,1,1,False
com.timesrare,1,1,False
com.timeslope,1,1,False
com.timequip,1,1,False
com.tokenofesteem,1,1,False
com.tokportal,1,1,False
com.tosheroon,1,1,False
com.tollblenders,1,1,False
com.torchlyhq,1,1,False
com.topologyindex,1,1,False
com.topness,1,1,False
com.topmessage,1,1,False
com.topcoatly,1,1,False
com.toolyour,1,1,False
com.toolsthatrank,1,1,False
com.toolsmonk,1,1,False
com.tools-berry,1,1,False
com.toolfound,1,1,False
com.toolfeeds,1,1,False
com.tomorrowcentral,1,1,False
com.tomesphere,1,1,False
com.tollwarden,1,1,False
com.tollmint,1,1,False
com.tredict,1,1,False
com.trestlescan,1,1,False
com.uni-msg,1,1,False
com.tweetapi,1,1,False
com.typestate,1,1,False
com.typefully,1,1,False
com.typeform,1,1,False
com.twmarketdata,1,1,False
com.twlawbot,1,1,False
com.twelvedata,1,1,False
com.tweetsmash,1,1,False
com.tutorializer,1,1,False
com.tribeunal,1,1,False
com.tuskcms,1,1,False
com.turrior.my,1,1,False
com.turndownly,1,1,False
com.turaxia,1,1,False
com.tunnelpowered,1,1,False
com.tulugar,1,1,False
com.tulotero,1,1,False
com.uaecorporatetaxcalculator,1,1,False
com.uaejuris,1,1,False
com.uapdrop,1,1,False
com.ubiquary,1,1,False
com.unfoldip,1,1,False
com.underpricedai,1,1,False
com.undercurrentholdings,1,1,False
com.uncountable,1,1,False
com.umesh-malik,1,1,False
com.ulupspaces.www,1,1,False
com.uluplife,1,1,False
com.ulule,1,1,False
com.ultimatewebscraper,1,1,False
com.ultimaps,1,1,False
com.ukraineborder,1,1,False
com.uibeats,1,1,False
com.ugcpocket,1,1,False
com.ufcalendar,1,1,False
com.ucpchecker,1,1,False
com.tugra-ai,1,1,False
com.tudetic,1,1,False
com.tubechop,1,1,False
com.truthscan,1,1,False
com.trustysweep,1,1,False
com.trustycap,1,1,False
com.trustverum,1,1,False
com.trustnotch,1,1,False
com.trustboundarysystems,1,1,False
com.trustbaselab,1,1,False
com.truss-security,1,1,False
com.truevaluerankings,1,1,False
com.trueclicks,1,1,False
com.truealter,1,1,False
com.trivago.mcp,1,1,False
com.tripyana,1,1,False
com.triplebooks,1,1,False
com.trip1,1,1,False
com.trimtabist,1,1,False
com.truthifi,1,1,False
com.tryadlicio,1,1,False
com.tryspook,1,1,False
com.tryatria,1,1,False
com.tryreelestate,1,1,False
com.trypinchy,1,1,False
com.tryperspect,1,1,False
com.tryoctopus,1,1,False
com.tryobra,1,1,False
com.tryisomor,1,1,False
com.trydango,1,1,False
com.trycombined,1,1,False
com.trycloudflare.plates-spread-materials-optimum,1,1,False
com.trycloudflare.managers-backup-dolls-seasons,1,1,False
com.trycloudflare.electron-quality-edge-chapter,1,1,False
com.trycloudflare.annotated-lot-operational-tourism,1,1,False
com.trychannel3,1,1,False
com.trycaesar,1,1,False
com.trycadbury,1,1,False
dev.tell,1,1,False
dev.thexi,1,1,False
io.github.CU2CU2,1,1,False
io.github.Aakashbhardwaj27,1,1,False
io.github.Abhishek-B-R,1,1,False
io.github.Abhinav-Sai-Quash,1,1,False
io.github.Abhigyan-Shekhar,1,1,False
io.github.Abacore-net,1,1,False
io.github.AbYousef739,1,1,False
io.github.AatirNadim,1,1,False
io.github.AaronVick,1,1,False
io.github.AZ-IDD,1,1,False
io.github.AdithyaVardan1,1,1,False
io.github.AVIDS2,1,1,False
io.github.AV-Labs-Co,1,1,False
io.github.ASGCompute,1,1,False
io.github.ASEM-BATAWY,1,1,False
io.github.AS-XS,1,1,False
io.github.ARCXS-Protocol,1,1,False
io.github.ARAS-Workspace,1,1,False
io.github.Abidit,1,1,False
io.github.Abktya,1,1,False
io.github.Able-rip,1,1,False
io.github.Abracadabrastartup,1,1,False
io.github.Adgentek,1,1,False
io.github.AdevAarons,1,1,False
io.github.Adessoadesso,1,1,False
io.github.AdesiaHQ,1,1,False
io.github.Aderix,1,1,False
io.github.Adeniyikayodee,1,1,False
io.github.AddyCuber,1,1,False
io.github.Acuris-GmbH,1,1,False
io.github.Actenon,1,1,False
io.github.Achlesha,1,1,False
io.github.Achilles1089,1,1,False
io.github.AceAtDev,1,1,False
io.github.Acacian,1,1,False
io.github.AbstractGlitch,1,1,False
io.github.Abraxas1010,1,1,False
io.github.APMC1,1,1,False
io.github.API-Disk-Integrations,1,1,False
io.github.ANHQ280,1,1,False
io.github.ACTA-Team,1,1,False
io.github.ABRANJAN07,1,1,False
io.github.AAH20,1,1,False
io.github.AAAZZZR,1,1,False
io.github.AAAIStudio,1,1,False
io.github.AAAA-Nexus,1,1,False
io.github.A9T9,1,1,False
io.github.A7OM-AI,1,1,False
io.github.A2A-Peptides,1,1,False
io.github.A0Nexus-bit,1,1,False
io.github.9thShini,1,1,False
io.github.9crusher,1,1,False
io.github.99blakeD99,1,1,False
io.github.98lukehall,1,1,False
io.github.8infinitelabs,1,1,False
io.github.8enSmith,1,1,False
io.github.ABWerks,1,1,False
io.github.AEGISGOVDAO,1,1,False
io.github.AMMAR-62,1,1,False
io.github.AETumiApp,1,1,False
io.github.AMEOBIUS,1,1,False
io.github.ALEXaquarius,1,1,False
io.github.ALDEBERTArnaud,1,1,False
io.github.AKR1166,1,1,False
io.github.AJSMonty,1,1,False
io.github.AIweather-Anurag,1,1,False
io.github.AInoAKARI,1,1,False
io.github.AIYantra,1,1,False
io.github.AIPOST-EMAIL,1,1,False
io.github.AIMento,1,1,False
io.github.AILIFE1,1,1,False
io.github.AIBOLLINGMO,1,1,False
io.github.AIAppsAPI,1,1,False
io.github.AIAll-TARS,1,1,False
io.github.AFRIRESOLVE,1,1,False
io.github.Adirdavi,1,1,False
io.github.AdityaSBisht,1,1,False
io.github.81labsapps-ops,1,1,False
io.github.AivaStack,1,1,False
io.github.Akhilucky,1,1,False
io.github.Akhilesh-Chandewar,1,1,False
io.github.AkashGoenka,1,1,False
io.github.AkaciaNL,1,1,False
io.github.AjiGhufron9999,1,1,False
io.github.Ajey95,1,1,False
io.github.Aiyo28,1,1,False
io.github.Aitherium,1,1,False
io.github.AdonaiVera,1,1,False
io.github.Aitejiu,1,1,False
io.github.AishwaryShrivastav,1,1,False
io.github.Airtreks,1,1,False
io.github.Airta-Admin,1,1,False
io.github.Airpote,1,1,False
io.github.Aiomx,1,1,False
io.github.AindriuB,1,1,False
io.github.Akhiyugo,1,1,False
io.github.AkilVentures,1,1,False
io.github.Akinduko,1,1,False
io.github.Akka-Finance,1,1,False
io.github.Alex88Ryabov,1,1,False
io.github.Alex-Kaff,1,1,False
io.github.Alessandro114,1,1,False
io.github.AlephantAI,1,1,False
io.github.Alepha188838884,1,1,False
io.github.Alele496,1,1,False
io.github.AlekseiMarchenko,1,1,False
io.github.AlejandroArnaud,1,1,False
io.github.Alejandro-M-P,1,1,False
io.github.Alejandrehl,1,1,False
io.github.AleemHaider,1,1,False
io.github.Albert-Tam,1,1,False
io.github.Al-Adnane,1,1,False
io.github.AkynZH,1,1,False
io.github.Akkshay10,1,1,False
io.github.AinaLuc,1,1,False
io.github.Aimiten,1,1,False
io.github.AikoGilpin,1,1,False
io.github.AgentNOMOS,1,1,False
io.github.AgentMarginRouter,1,1,False
io.github.AgentLineHQ,1,1,False
io.github.AgentForge-Labs,1,1,False
io.github.AgentAnycast,1,1,False
io.github.AgenTeam-AI-2026,1,1,False
io.github.Aganium,1,1,False
io.github.Africa-Data-Bank,1,1,False
io.github.Aethis-ai,1,1,False
io.github.AetherWave-Studio,1,1,False
io.github.AetherAI3,1,1,False
io.github.Advertflair,1,1,False
io.github.Advanced-Binary-Operations,1,1,False
io.github.AdsTurbo,1,1,False
io.github.Adrninistrator,1,1,False
io.github.AdrianStauffer,1,1,False
io.github.AgentMindCloud,1,1,False
io.github.AgentPhone-AI,1,1,False
io.github.Aidress-ai,1,1,False
io.github.AgentSafe-AI,1,1,False
io.github.AiDimag,1,1,False
io.github.Ahmet11159,1,1,False
io.github.AhmeedGamil,1,1,False
io.github.Ahmednsh,1,1,False
io.github.AhmedLaminou,1,1,False
io.github.Agnuxo1,1,1,False
io.github.Aggrometer,1,1,False
io.github.Aggrete,1,1,False
io.github.Agenzax,1,1,False
io.github.Agenxy,1,1,False
io.github.AgentsGetPaid,1,1,False
io.github.Agentled,1,1,False
io.github.AgenticBIHQ,1,1,False
io.github.AgenticArtists,1,1,False
io.github.AgentTools-Cloud,1,1,False
io.github.8beeeaaat,1,1,False
io.github.7tg,1,1,False
io.github.AlexDeMichieli,1,1,False
io.foqal,1,1,False
io.futia,1,1,False
io.fuse,1,1,False
io.frihet,1,1,False
io.frase,1,1,False
io.framelane,1,1,False
io.forthclear,1,1,False
io.forkbit,1,1,False
io.followin,1,1,False
io.github.0x923041-dotcom,1,1,False
io.foliyo,1,1,False
io.fluf,1,1,False
io.fltln,1,1,False
io.flownode,1,1,False
io.flowcontent,1,1,False
io.flightcat,1,1,False
io.flexyield,1,1,False
io.gainium,1,1,False
io.gamefork,1,1,False
io.gardenarena,1,1,False
io.genesisre,1,1,False
io.github.0x-devc,1,1,False
io.github.0spoon,1,1,False
io.github.0rkz,1,1,False
io.github.0nork,1,1,False
io.github.0ics-srls,1,1,False
io.github.0Mattias,1,1,False
io.github.0580iris-lang,1,1,False
io.github.0200project,1,1,False
io.github.000safah000-ai,1,1,False
io.gingerlive,1,1,False
io.gildara,1,1,False
io.getunleash,1,1,False
io.getsphere,1,1,False
io.getsign,1,1,False
io.getcoherence,1,1,False
io.flexim,1,1,False
io.fless,1,1,False
io.flarewatch,1,1,False
io.esimfinder,1,1,False
io.equation,1,1,False
io.enrow,1,1,False
io.energypod,1,1,False
io.endlss,1,1,False
io.emc2ai,1,1,False
io.elevenlabs,1,1,False
io.elaan,1,1,False
io.ecliptical,1,1,False
io.easyweek,1,1,False
io.dxbdata,1,1,False
io.dwelldata,1,1,False
io.dropyour,1,1,False
io.draw,1,1,False
io.draftcall,1,1,False
io.dozier,1,1,False
io.eraser,1,1,False
io.etherscan,1,1,False
io.flaresignal,1,1,False
io.eventify,1,1,False
io.fixyourdocs,1,1,False
io.fitsociety,1,1,False
io.filingpulse,1,1,False
io.filechanger,1,1,False
io.fidro,1,1,False
io.fhirfly,1,1,False
io.feedoracle,1,1,False
io.fdb4,1,1,False
io.favcrm,1,1,False
io.famulor,1,1,False
io.fallax,1,1,False
io.fairline,1,1,False
io.factorguide,1,1,False
io.ezstats,1,1,False
io.eventsend,1,1,False
io.github.0x1Adi,1,1,False
io.github.0xAxiom,1,1,False
io.github.7nashinick,1,1,False
io.github.36412749-collab,1,1,False
io.github.404-studio,1,1,False
io.github.402signalhq,1,1,False
io.github.402signal,1,1,False
io.github.3xpr1ment,1,1,False
io.github.3M1RY33T,1,1,False
io.github.3DUNLMTD,1,1,False
io.github.365xbusiness,1,1,False
io.github.335,1,1,False
io.github.0xChron,1,1,False
io.github.32bitsret,1,1,False
io.github.314-ia,1,1,False
io.github.2sem,1,1,False
io.github.2s-io,1,1,False
io.github.2nd1st,1,1,False
io.github.29yeovil,1,1,False
io.github.26zl,1,1,False
io.github.41fred,1,1,False
io.github.420247jake,1,1,False
io.github.47-ronn,1,1,False
io.github.47620-xyz,1,1,False
io.github.7mza,1,1,False
io.github.7grounds,1,1,False
io.github.7figures007,1,1,False
io.github.710git,1,1,False
io.github.702Exec,1,1,False
io.github.6figr-com,1,1,False
io.github.5dive-ai,1,1,False
io.github.55tarkun,1,1,False
io.github.54yyyu,1,1,False
io.github.4rgon4ut,1,1,False
io.github.4lador,1,1,False
io.github.4dmrkey,1,1,False
io.github.4R9UN,1,1,False
io.github.4DA-Systems,1,1,False
io.github.48x-ai,1,1,False
io.github.26048608982lp-ai,1,1,False
io.github.24seagull-beep,1,1,False
io.github.214140846,1,1,False
io.github.1111111111111111111114oLvT2,1,1,False
io.github.101NUTS,1,1,False
io.github.100xPercent,1,1,False
io.github.0xzr,1,1,False
io.github.0xvibly,1,1,False
io.github.0xthaner,1,1,False
io.github.0xsl1m,1,1,False
io.github.0xkayser,1,1,False
io.github.0xinsider,1,1,False
io.github.0xfreak0,1,1,False
io.github.0xdirectping,1,1,False
io.github.0xddneto,1,1,False
io.github.0xbeny,1,1,False
io.github.0xSoftBoi,1,1,False
io.github.0xSardius,1,1,False
io.github.0xMassi,1,1,False
io.github.10iii,1,1,False
io.github.1145-am,1,1,False
io.github.207studio,1,1,False
io.github.11Agents,1,1,False
io.github.2016judea,1,1,False
io.github.1shizaan,1,1,False
io.github.1powergrey,1,1,False
io.github.1picassoai,1,1,False
io.github.1nzpainter,1,1,False
io.github.1lystore,1,1,False
io.github.1gr14,1,1,False
io.github.1f4bcai,1,1,False
io.github.1clickreport,1,1,False
io.github.1clawAI,1,1,False
io.github.18boys,1,1,False
io.github.171county,1,1,False
io.github.15998194110,1,1,False
io.github.139user,1,1,False
io.github.123Ergo,1,1,False
io.github.AlexAlves87,1,1,False
io.github.AlexFloyd13,1,1,False
io.dotrequirements,1,1,False
io.github.Banjo-Ventures,1,1,False
io.github.BbrainFrance,1,1,False
io.github.Bayway,1,1,False
io.github.BasilSkyWalk,1,1,False
io.github.BasicOps,1,1,False
io.github.BartWaardenburg,1,1,False
io.github.BarhamAgha1,1,1,False
io.github.BargLabs,1,1,False
io.github.Banana-Prompts,1,1,False
io.github.Bgenc48,1,1,False
io.github.Bamdule,1,1,False
io.github.BamaCharanChhandogi,1,1,False
io.github.Baldri,1,1,False
io.github.BalajSaleem,1,1,False
io.github.Bajuzjefe,1,1,False
io.github.BaiqingL,1,1,False
io.github.Bahamas1717,1,1,False
io.github.Be-Sure-Consulting,1,1,False
io.github.BearsCLOUD,1,1,False
io.github.Beecargo,1,1,False
io.github.Beever-AI,1,1,False
io.github.BetterDB-inc,1,1,False
io.github.BetaBots-LLC,1,1,False
io.github.BerriAI,1,1,False
io.github.BerkKilicoglu,1,1,False
io.github.Berckan,1,1,False
io.github.BeppeTemp,1,1,False
io.github.BenyD,1,1,False
io.github.BentleySystems,1,1,False
io.github.BenjaminJ,1,1,False
io.github.BenSpank,1,1,False
io.github.BenAHammond,1,1,False
io.github.Bemarking,1,1,False
io.github.Below280,1,1,False
io.github.Belius303,1,1,False
io.github.BehnamJalaliCo,1,1,False
io.github.Backspace-me,1,1,False
io.github.Backers-Shawn,1,1,False
io.github.Backas03,1,1,False
io.github.Azure,1,1,False
io.github.AytuncYildizli,1,1,False
io.github.AyozeMiguel,1,1,False
io.github.AynOps,1,1,False
io.github.AymanElhakim,1,1,False
io.github.AwesomeHye,1,1,False
io.github.Avivcha,1,1,False
io.github.AvivK5498,1,1,False
io.github.Avierovich,1,1,False
io.github.Avi-Bendetsky,1,1,False
io.github.Avi-ADAM,1,1,False
io.github.AvatarGaia,1,1,False
io.github.Automattic,1,1,False
io.github.AutomatonColony,1,1,False
io.github.Automations-Project,1,1,False
io.github.AutomationSquadOS,1,1,False
io.github.Ayush-yadav11,1,1,False
io.github.B0ydT,1,1,False
io.github.BackBond,1,1,False
io.github.B4N1-com,1,1,False
io.github.BWS1900,1,1,False
io.github.BWB03,1,1,False
io.github.BV-Venky,1,1,False
io.github.BUYMYAGENT-TECHNOLOGIES-INC,1,1,False
io.github.BSVKey,1,1,False
io.github.BK927,1,1,False
io.github.BJCorg,1,1,False
io.github.BFAI-1,1,1,False
io.github.BE-DCE,1,1,False
io.github.BCXTRUST,1,1,False
io.github.BBCBasic,1,1,False
io.github.BASIC-BIT,1,1,False
io.github.BASHBOP,1,1,False
io.github.BAS-More,1,1,False
io.github.BAM-DevCrew,1,1,False
io.github.Bevel-Software,1,1,False
io.github.BharatDharmaAcademy,1,1,False
io.github.AustinMunday,1,1,False
io.github.BrightbeamAI,1,1,False
io.github.Buddhima-JD3,1,1,False
io.github.Buckhead-Energy,1,1,False
io.github.BrunoPessoa22,1,1,False
io.github.BrowseAI-HQ,1,1,False
io.github.Brock-Denton,1,1,False
io.github.Bristlecone2026,1,1,False
io.github.Brightdotdev,1,1,False
io.github.BrightWayAI,1,1,False
io.github.Bharath-code,1,1,False
io.github.BrightSiteHQ,1,1,False
io.github.BrienBounded,1,1,False
io.github.BricePourLe13,1,1,False
io.github.BrendanL79,1,1,False
io.github.BreezeDelegate,1,1,False
io.github.Brano80,1,1,False
io.github.Brandcode-Studio,1,1,False
io.github.BuildPulseLLC,1,1,False
io.github.Bumblebiber,1,1,False
io.github.Burakfenerci5,1,1,False
io.github.Buzzr-app,1,1,False
io.github.CTRLabs,1,1,False
io.github.CTRLRun,1,1,False
io.github.CSCSoftware,1,1,False
io.github.CREIntel,1,1,False
io.github.CONN-SKILL,1,1,False
io.github.CLAW-AI-FL,1,1,False
io.github.CKBrennan,1,1,False
io.github.CJhuochai,1,1,False
io.github.CHANGCHINFU,1,1,False
io.github.CDCStream,1,1,False
io.github.CCSTT-dev,1,1,False
io.github.ByteOverDev,1,1,False
io.github.ByteBunny-io,1,1,False
io.github.ByWaleed,1,1,False
io.github.BySergiMM,1,1,False
io.github.BoxBoxmari,1,1,False
io.github.Bowieboii,1,1,False
io.github.BourbonDog,1,1,False
io.github.Blahaj-gif,1,1,False
io.github.BlackFoil,1,1,False
io.github.BlackBoxEngineering,1,1,False
io.github.Bjorn2-sol,1,1,False
io.github.Bitget-AI,1,1,False
io.github.Bitfloo,1,1,False
io.github.BitePro,1,1,False
io.github.BitMamba24,1,1,False
io.github.BilliumHQ,1,1,False
io.github.Billionaire664,1,1,False
io.github.BillNobill,1,1,False
io.github.Bigsupe55,1,1,False
io.github.BigRedCloud,1,1,False
io.github.BigCactusLabs,1,1,False
io.github.Bichev,1,1,False
io.github.BibekStha,1,1,False
io.github.BlackhatShiftey,1,1,False
io.github.BlazingCDN,1,1,False
io.github.Botagram,1,1,False
io.github.Blite-HQ,1,1,False
io.github.BotHireAgent,1,1,False
io.github.Bortlesboat,1,1,False
io.github.BorisGujvin,1,1,False
io.github.BoraGkc,1,1,False
io.github.Bonsai-Tech-LLC,1,1,False
io.github.Bogzx,1,1,False
io.github.Bobjonesgood,1,1,False
io.github.Bobby-cell-commits,1,1,False
io.github.BlueprintLabIO,1,1,False
io.github.Blueprint-Studio-AI,1,1,False
io.github.BlueWaterCorp,1,1,False
io.github.BlueStarSystem,1,1,False
io.github.Blue-Gamma,1,1,False
io.github.BlogFactoryHQ,1,1,False
io.github.BlockRunAI,1,1,False
io.github.Autario,1,1,False
io.github.Aurora-Coach-Com,1,1,False
io.github.AlexKay28,1,1,False
io.github.AndrewAvery7,1,1,False
io.github.AnimaApp,1,1,False
io.github.Anil-matcha,1,1,False
io.github.Aniket-kr1030,1,1,False
io.github.Andyxcg,1,1,False
io.github.AndyAnh174,1,1,False
io.github.Andy229651,1,1,False
io.github.AndrewKochulab,1,1,False
io.github.AndrewAubury,1,1,False
io.github.Apegurus,1,1,False
io.github.AndreuSerraSastre,1,1,False
io.github.AndreiDrang,1,1,False
io.github.AndreaBarghigiani,1,1,False
io.github.AndreC10002,1,1,False
io.github.AndekQR,1,1,False
io.github.AncientiCe,1,1,False
io.github.AnchorRegistry,1,1,False
io.github.Anirudhx7,1,1,False
io.github.AnisurRahmann,1,1,False
io.github.AnkitPat,1,1,False
io.github.AnkitaShanbhag30,1,1,False
io.github.Anymfah,1,1,False
io.github.AnxForever,1,1,False
io.github.Anuj7411,1,1,False
io.github.AntonioTF5,1,1,False
io.github.AntonioBlago,1,1,False
io.github.AntonG87,1,1,False
io.github.AntonChuraev99,1,1,False
io.github.AnthonyPuggs,1,1,False
io.github.AnthonE,1,1,False
io.github.Anteos-Health,1,1,False
io.github.AntVsl,1,1,False
io.github.AnrosPrac,1,1,False
io.github.AnonymousOnyx22,1,1,False
io.github.AnnasMazhar,1,1,False
io.github.Ankur-stockheads,1,1,False
io.github.Anarkitty1,1,1,False
io.github.Anandb71,1,1,False
io.github.AnIayana,1,1,False
io.github.Alkilo-do,1,1,False
io.github.Alightttt,1,1,False
io.github.AliKarami,1,1,False
io.github.AliAkhtari78,1,1,False
io.github.Ali1041,1,1,False
io.github.Algorismus-io,1,1,False
io.github.AlgoVaultFi,1,1,False
io.github.AlgoFalgo,1,1,False
io.github.Algiras,1,1,False
io.github.Alfred768,1,1,False
io.github.Alfanous-team,1,1,False
io.github.AlexikM,1,1,False
io.github.Alexendros,1,1,False
io.github.AlexanderLawson17,1,1,False
io.github.AlexanderKaan,1,1,False
io.github.AlexMi64,1,1,False
io.github.Alisammour,1,1,False
io.github.AllNewsAPI,1,1,False
io.github.AmxnCode,1,1,False
io.github.AlligatorC0der,1,1,False
io.github.AmrMohamed17,1,1,False
io.github.AmoghReddy45,1,1,False
io.github.AmitGurbani,1,1,False
io.github.AmirK-S,1,1,False
io.github.AmerSarhan,1,1,False
io.github.AmauryDvl,1,1,False
io.github.AmarShaked,1,1,False
io.github.AmanMakesStuff,1,1,False
io.github.Amalgix-io,1,1,False
io.github.AlvisoOculus,1,1,False
io.github.Alvi97,1,1,False
io.github.AlvaroRamirezCastillo,1,1,False
io.github.AlterAIDev,1,1,False
io.github.AlpayC,1,1,False
io.github.AllocContext,1,1,False
io.github.AparajeetS,1,1,False
io.github.AperionAI,1,1,False
io.github.Aureliolo,1,1,False
io.github.Asherlc,1,1,False
io.github.Askrion,1,1,False
io.github.Ask-Cyborg,1,1,False
io.github.Ask-812,1,1,False
io.github.Asif2BD,1,1,False
io.github.AshwinSathian,1,1,False
io.github.AshwanthramKL,1,1,False
io.github.AshutoshRaj97,1,1,False
io.github.AshMet,1,1,False
io.github.Apertura-AI,1,1,False
io.github.AsaiShota,1,1,False
io.github.As-The-Geek-Learns,1,1,False
io.github.Arzuo,1,1,False
io.github.AryanSingh,1,1,False
io.github.AryanBV,1,1,False
io.github.Aryan-Jhaveri,1,1,False
io.github.Arun-kc,1,1,False
io.github.Assay-Org,1,1,False
io.github.AssistantMail,1,1,False
io.github.Asthanaji05,1,1,False
io.github.AstralVoidZ,1,1,False
io.github.AungMyoKyaw,1,1,False
io.github.AugustusW,1,1,False
io.github.Augustas11,1,1,False
io.github.Aturio,1,1,False
io.github.Atomic-Mail,1,1,False
io.github.Atlass-OS,1,1,False
io.github.Atlaskos,1,1,False
io.github.AtlasDevHQ,1,1,False
io.github.Atharva-Jayappa,1,1,False
io.github.Atenkai,1,1,False
io.github.Ataraxy-Labs,1,1,False
io.github.Async23,1,1,False
io.github.AswaniSahoo,1,1,False
io.github.Astrotomic,1,1,False
io.github.Astrix-Labs,1,1,False
io.github.ArtyMcLabin,1,1,False
io.github.ArtyKOMarkets,1,1,False
io.github.ArturSkowronski,1,1,False
io.github.Arenukvern,1,1,False
io.github.Archstone-Romania,1,1,False
io.github.Archivarix-com,1,1,False
io.github.Archerkattri,1,1,False
io.github.ArcedeDev,1,1,False
io.github.ArcadeData,1,1,False
io.github.ArasPasha,1,1,False
io.github.Araluma,1,1,False
io.github.Arakiss,1,1,False
io.github.Applied-Artificial-Intelligence-Eurecat,1,1,False
io.github.Appfairly,1,1,False
io.github.Apoth3osis-ai,1,1,False
io.github.Apomera,1,1,False
io.github.ApocData,1,1,False
io.github.Apex-Fusion,1,1,False
io.github.Apex-Foundation,1,1,False
io.github.Arenafriends,1,1,False
io.github.Areso,1,1,False
io.github.Arthurzxy,1,1,False
io.github.Argo-RPG-Platform,1,1,False
io.github.Arthefacte,1,1,False
io.github.Artexis10,1,1,False
io.github.Artem362,1,1,False
io.github.Artem1981777,1,1,False
io.github.ArtKeyAi,1,1,False
io.github.ArtJack,1,1,False
io.github.ArtBlocks,1,1,False
io.github.Arrayo,1,1,False
io.github.AronLEEdev,1,1,False
io.github.Armigerous,1,1,False
io.github.Armada735,1,1,False
io.github.ArkTechNWA,1,1,False
io.github.Arjun0606,1,1,False
io.github.ArjanLig,1,1,False
io.github.Arielbs,1,1,False
io.dovri,1,1,False
io.doriku,1,1,False
dev.threadmine,1,1,False
fi.northpoint,1,1,False
fi.zxoar,1,1,False
fi.torque.app,1,1,False
fi.sukuk,1,1,False
fi.salamailer,1,1,False
fi.rakentajaoutlet,1,1,False
fi.ophis,1,1,False
fi.okunkoneosa,1,1,False
fi.akkilahdot,1,1,False
fm.lightning,1,1,False
fast.sorted,1,1,False
fast.rank,1,1,False
exchange.ravn,1,1,False
exchange.merx,1,1,False
exchange.carso,1,1,False
events.long,1,1,False
events.belong,1,1,False
film.martini,1,1,False
film.mcp,1,1,False
finance.betteroff,1,1,False
finance.double.agent4,1,1,False
fm.bizzy,1,1,False
fm.996,1,1,False
fit.portfolio,1,1,False
fit.occam,1,1,False
fit.ilook,1,1,False
fit.caliper,1,1,False
finance.shibui,1,1,False
finance.quantic,1,1,False
finance.orla,1,1,False
finance.orbt,1,1,False
finance.norman,1,1,False
finance.marx,1,1,False
finance.maddog,1,1,False
finance.hundo,1,1,False
finance.fibrous,1,1,False
events.arclight,1,1,False
eu.zenvault,1,1,False
eu.zandomeni,1,1,False
eu.metaengine,1,1,False
eu.kras-trans,1,1,False
eu.iprate,1,1,False
eu.infinivoai,1,1,False
eu.iban-test.www,1,1,False
eu.hlido,1,1,False
eu.gridgarden,1,1,False
eu.formify,1,1,False
eu.flowhomes.api,1,1,False
eu.drafto,1,1,False
eu.dockhold,1,1,False
eu.dinilu,1,1,False
eu.departi,1,1,False
eu.comunicate,1,1,False
eu.checkmails,1,1,False
eu.casanest,1,1,False
eu.lettio,1,1,False
eu.muralists,1,1,False
eu.wealthapi,1,1,False
eu.nulegal,1,1,False
eu.velvoite,1,1,False
eu.tradedashboard,1,1,False
eu.tracepass,1,1,False
eu.tendfeed,1,1,False
eu.tech.funding,1,1,False
eu.taivo,1,1,False
eu.synapze,1,1,False
eu.skimetric,1,1,False
eu.sirenic,1,1,False
eu.sendletter,1,1,False
eu.regulatoryai,1,1,False
eu.quantumreadiness,1,1,False
eu.qeaas,1,1,False
eu.paymentslaw,1,1,False
eu.obato,1,1,False
fm.callboard,1,1,False
food.myplate,1,1,False
et.bina,1,1,False
fr.vigi-sky,1,1,False
fyi.carbon,1,1,False
fyi.barcelona-rent,1,1,False
fund.zooid,1,1,False
fund.staas,1,1,False
fun.oaia,1,1,False
fun.lesgooo,1,1,False
fr.vintage-postcard,1,1,False
fr.verifier-ma-facture,1,1,False
foundation.finance,1,1,False
fr.synergieloc,1,1,False
fr.symphony,1,1,False
fr.swipify,1,1,False
fr.statis-tir,1,1,False
fr.socs,1,1,False
fr.sesapp,1,1,False
fr.scorelook,1,1,False
fyi.clearmarket,1,1,False
fyi.cred,1,1,False
fyi.grip,1,1,False
fyi.ground,1,1,False
gg.doti,1,1,False
gg.bluffnet,1,1,False
gg.batru,1,1,False
garden.stanislav.svelte-llm,1,1,False
games.summoned,1,1,False
games.playfrog,1,1,False
games.needmoar,1,1,False
games.moddable.tools,1,1,False
gallery.a1,1,1,False
fyi.whatsnew,1,1,False
fyi.rodin,1,1,False
fyi.mess,1,1,False
fyi.medrates,1,1,False
fyi.jotter,1,1,False
fyi.iwant,1,1,False
fr.scorecredit,1,1,False
fr.renoolab,1,1,False
fr.qalimo,1,1,False
fr.gentry,1,1,False
fr.fixou,1,1,False
fr.etatdate,1,1,False
fr.edifiable,1,1,False
fr.dinilu,1,1,False
fr.custom-digital-services,1,1,False
fr.coupure-elec.www,1,1,False
fr.carhunt,1,1,False
fr.calculpro,1,1,False
fr.bullionradar,1,1,False
fr.brandyze,1,1,False
fr.boncourant,1,1,False
fr.aurentia,1,1,False
fr.auregistre,1,1,False
fr.aucadastre,1,1,False
fr.aopx,1,1,False
fr.fonixia,1,1,False
fr.gluten-free,1,1,False
fr.projet-ariane,1,1,False
fr.heyanto,1,1,False
fr.outilsia,1,1,False
fr.origami-entreprises,1,1,False
fr.ohmywind,1,1,False
fr.nogogo,1,1,False
fr.monappamoi,1,1,False
fr.mesfraisnotaire,1,1,False
fr.lingoris,1,1,False
fr.librejustice,1,1,False
fr.lead-radar,1,1,False
fr.larabi,1,1,False
fr.juan-branco,1,1,False
fr.jeremydevos,1,1,False
fr.izifete,1,1,False
fr.intrane,1,1,False
fr.hypotheques-en-ligne,1,1,False
eu.agenthost,1,1,False
estate.stream,1,1,False
gg.renewly,1,1,False
dev.workers.cronping-oren.cronping,1,1,False
dev.workers.lionmaster-operations.lion-x402,1,1,False
dev.workers.kikoribera03.flat-rate-llm,1,1,False
dev.workers.ghost-agent-os.ghost-identity,1,1,False
dev.workers.filae.atproto-mcp,1,1,False
dev.workers.exportitnow.plainport,1,1,False
dev.workers.dolerite.base-onchain-tools,1,1,False
dev.workers.desk-x402-gh.desk-x402,1,1,False
dev.workers.clankerceo.multichain-rpc,1,1,False
dev.workers.perch-app.kestrel,1,1,False
dev.workers.boshfred.greenhouse-jobs-snapshot-sepolia,1,1,False
dev.workers.agent-utilities.agent-utilities,1,1,False
dev.workers.agent-forum-worker.agent-forum,1,1,False
dev.workers.3labsio.policy-gate,1,1,False
dev.workers.3labsio.kingofthehill,1,1,False
dev.whiteintel,1,1,False
dev.whatcanido.www,1,1,False
dev.workers.manhliemcn4euwlu.llmrt-companion,1,1,False
dev.workers.mars-economic.mars-economic-agent-gateway,1,1,False
dev.workers.marvin-odigo.mcp,1,1,False
dev.workers.mattskowronis.agent-contract-proof,1,1,False
dev.workers.perch-app.corvid,1,1,False
dev.workers.perch-app.catchr,1,1,False
dev.workers.notdown-app.whenly,1,1,False
dev.workers.notdown-app.recall,1,1,False
dev.workers.notdown-app.pulse,1,1,False
dev.workers.notdown-app.overlap,1,1,False
dev.workers.notdown-app.handoff,1,1,False
dev.workers.notdown-app.cairn,1,1,False
dev.workers.mockbird.mockbird,1,1,False
dev.workers.mikeyang7789.cn-evidence-mcp-public,1,1,False
dev.workers.mattskowronis.web-access-gateway,1,1,False
dev.workers.mattskowronis.source-claim-proof,1,1,False
dev.workers.mattskowronis.skowron-compliance-gateway,1,1,False
dev.workers.mattskowronis.sec-filing-proof,1,1,False
dev.workers.mattskowronis.live-listing-proof,1,1,False
dev.weldra,1,1,False
dev.weblens,1,1,False
dev.webanalyzer,1,1,False
dev.typeship,1,1,False
dev.turva,1,1,False
dev.tryfrisk,1,1,False
dev.true402,1,1,False
dev.transcriptapi,1,1,False
dev.toriigate,1,1,False
dev.torify,1,1,False
dev.toolvend,1,1,False
dev.toolpin,1,1,False
dev.toolc,1,1,False
dev.toll402,1,1,False
dev.tmpstate,1,1,False
dev.tinyapis,1,1,False
dev.tinify,1,1,False
dev.tidesman,1,1,False
dev.tickstem,1,1,False
dev.txn,1,1,False
dev.uptimepage,1,1,False
dev.weakspot,1,1,False
dev.urantia,1,1,False
dev.waxberry,1,1,False
dev.walletwallet,1,1,False
dev.volato,1,1,False
dev.voicemode,1,1,False
dev.vivra,1,1,False
dev.vivere,1,1,False
dev.vibeseo,1,1,False
dev.vetagent,1,1,False
dev.verimand,1,1,False
dev.vantagemcp,1,1,False
dev.usetrail,1,1,False
dev.useforgekit,1,1,False
dev.useaxis,1,1,False
dev.usaref,1,1,False
dev.urlsnap,1,1,False
dev.workers.perch-app.flock,1,1,False
dev.workers.perch-app.meetwhen,1,1,False
estate.guthmann,1,1,False
eco.unreasonable,1,1,False
email.deadsimple,1,1,False
email.bottled,1,1,False
ee.stacktr,1,1,False
ee.offsite,1,1,False
ee.ehtekunst,1,1,False
ee.coservices,1,1,False
ee.city24,1,1,False
eco.reeco,1,1,False
dev.workers.perch-app.roost,1,1,False
earth.hotspot,1,1,False
earth.earthlinc,1,1,False
earth.affine,1,1,False
domains.snooze,1,1,False
dog.ego,1,1,False
do.octopus,1,1,False
do.craft.mcp,1,1,False
email.fixture,1,1,False
email.palisade,1,1,False
email.templated,1,1,False
email.verifly,1,1,False
es.vidadeaqui,1,1,False
es.propertylist,1,1,False
es.ofixio,1,1,False
es.mapasocietario,1,1,False
es.elpujante,1,1,False
es.discovr,1,1,False
es.contix,1,1,False
es.cesaryague,1,1,False
es.carteleracines,1,1,False
es.boletinclaro,1,1,False
es.beyourspace,1,1,False
es.beel,1,1,False
es.bancada,1,1,False
engineer.calc,1,1,False
energy.clarigrid,1,1,False
dk.politikdata,1,1,False
dk.herbertkokholm.citecaddy,1,1,False
dk.grundfast,1,1,False
dev.yafl,1,1,False
dev.xpansion,1,1,False
dev.wpagent,1,1,False
dev.workers.watchpup.watchpup,1,1,False
dev.workers.undone-k.first-dollar-desk,1,1,False
dev.workers.source-80.source-80,1,1,False
dev.workers.slawian.agent-commons,1,1,False
dev.workers.shimonkolodny.sefaria-mcp,1,1,False
dev.workers.selbyventurecap.cf-worker,1,1,False
dev.workers.rowu.oganvil,1,1,False
dev.workers.rasczak-commons.rasczak-agent-service,1,1,False
dev.workers.randall-75d.kit-lite,1,1,False
dev.workers.qualium.the-wire,1,1,False
dev.workers.pradooskee.money-machine,1,1,False
dev.workers.pradooskee.mm-read-url,1,1,False
dev.workers.perch-app.skim,1,1,False
dev.xroot,1,1,False
dev.yeku,1,1,False
dk.flowdex,1,1,False
dev.zerm,1,1,False
dk.dinilu,1,1,False
dk.companydata,1,1,False
dk.afbudsrejser,1,1,False
discount.cryptoexchange,1,1,False
directory.pwa,1,1,False
directory.nohumans,1,1,False
directory.devrel,1,1,False
directory.brick,1,1,False
direct.openclaw,1,1,False
digital.shineup,1,1,False
digital.chip-ai,1,1,False
dev.zop,1,1,False
dev.zonefoundry,1,1,False
dev.zhiyong,1,1,False
dev.zerodrop,1,1,False
gg.machina,1,1,False
gg.savecraft,1,1,False
io.domainium.search,1,1,False
io.applyra,1,1,False
io.autoady.www,1,1,False
io.audioalpha.www,1,1,False
io.atono,1,1,False
io.astrotune,1,1,False
io.asterpay,1,1,False
io.artifacta,1,1,False
io.arcnm,1,1,False
io.appllama,1,1,False
io.brandfetch,1,1,False
io.applayer,1,1,False
io.appcircle,1,1,False
io.apixies,1,1,False
io.apitube,1,1,False
io.apisign,1,1,False
io.apis,1,1,False
io.apidirect,1,1,False
io.avatarfactory,1,1,False
io.averta,1,1,False
io.balldontlie,1,1,False
io.banksync,1,1,False
io.brainfile,1,1,False
io.br8n,1,1,False
io.bosonprotocol,1,1,False
io.boardbriefai,1,1,False
io.blogseo,1,1,False
io.blockrazor,1,1,False
io.blockchainanalysis,1,1,False
io.blinkpdf,1,1,False
io.biurko,1,1,False
io.bitquery,1,1,False
io.bildata,1,1,False
io.bighub,1,1,False
io.betterlytics,1,1,False
io.betterimage,1,1,False
io.beanhub,1,1,False
io.aperturex,1,1,False
io.apdf,1,1,False
io.antwork,1,1,False
io.agentlot,1,1,False
io.afterlaunch,1,1,False
io.aeotool,1,1,False
io.advalorem.mev,1,1,False
io.adtao,1,1,False
io.adaptika,1,1,False
io.actvt,1,1,False
io.actionlayer,1,1,False
io.actimate,1,1,False
io.accurecord,1,1,False
io.911fund.x402,1,1,False
io.911fund.skills,1,1,False
io.3bids,1,1,False
io.2pr,1,1,False
io.2chat,1,1,False
io.1lookup,1,1,False
io.agent4,1,1,False
io.agentping,1,1,False
io.analyticlabs,1,1,False
io.agentsvc,1,1,False
io.anakin,1,1,False
io.ambiscribe,1,1,False
io.alterlab,1,1,False
io.allourthings,1,1,False
io.alion,1,1,False
io.aiven,1,1,False
io.aitrips,1,1,False
io.airpipe,1,1,False
io.ainsof,1,1,False
io.aimrank,1,1,False
io.aimeat,1,1,False
io.aidc-ai,1,1,False
io.ai2sql,1,1,False
io.ahel,1,1,False
io.agilehero,1,1,False
io.branchly,1,1,False
io.briefport,1,1,False
insure.spot,1,1,False
io.cubite,1,1,False
io.datanika,1,1,False
io.datagoat,1,1,False
io.datadef,1,1,False
io.dadan,1,1,False
io.cypress.mcp,1,1,False
io.cycloid.mcp,1,1,False
io.customerdashboard,1,1,False
io.ctxt,1,1,False
io.brode,1,1,False
io.crela,1,1,False
io.cpln,1,1,False
io.coupler,1,1,False
io.costory,1,1,False
io.cortexplus,1,1,False
io.corpusiq,1,1,False
io.converly,1,1,False
io.dataquoll,1,1,False
io.datascoop,1,1,False
io.datavessel,1,1,False
io.dbplanner,1,1,False
io.domainium,1,1,False
io.domaindrift,1,1,False
io.dodomain,1,1,False
io.docmill,1,1,False
io.docmake,1,1,False
io.docdeploy.www,1,1,False
io.devinbox,1,1,False
io.deskcrew,1,1,False
io.demiton,1,1,False
io.defianceinternational,1,1,False
io.dedyn.studiolabsc,1,1,False
io.dedyn.kai-system-agent,1,1,False
io.decrec,1,1,False
io.decisionrules,1,1,False
io.dealscanner,1,1,False
io.contextstream,1,1,False
io.contentin,1,1,False
io.consequential,1,1,False
io.chainhelix,1,1,False
io.cg3,1,1,False
io.certifier,1,1,False
io.cayra,1,1,False
io.catchmetrics.mcp,1,1,False
io.carryo,1,1,False
io.carrierscore,1,1,False
io.careclinic,1,1,False
io.carchat,1,1,False
io.carbonguru,1,1,False
io.carbone,1,1,False
io.capacities,1,1,False
io.campaignstack,1,1,False
io.calvix,1,1,False
io.buska,1,1,False
io.buildforce,1,1,False
io.chainflip-broker,1,1,False
io.chamade,1,1,False
io.consentstack,1,1,False
io.changenow,1,1,False
io.condens,1,1,False
io.concessio,1,1,False
io.compteam,1,1,False
io.competitortracker,1,1,False
io.companygraph,1,1,False
io.coldpine,1,1,False
io.cohereon.manifold,1,1,False
io.codeqr,1,1,False
io.codecomber,1,1,False
io.coachsync,1,1,False
io.clueso,1,1,False
io.cloudresume,1,1,False
io.cloudpepper,1,1,False
io.clipwave,1,1,False
io.chirpwireless,1,1,False
io.0xarchive,1,1,False
ink.writeflow,1,1,False
gg.var,1,1,False
guide.militaryleader,1,1,False
guide.practiceleader,1,1,False
guide.pokerplayer,1,1,False
guide.photographer,1,1,False
guide.peopleleader,1,1,False
guide.officeleader,1,1,False
guide.nurseleader,1,1,False
guide.nonprofitleader,1,1,False
guide.mealprep,1,1,False
help.servicebuddy,1,1,False
guide.marketingleader,1,1,False
guide.manufacturingleader,1,1,False
guide.maintenanceleader,1,1,False
guide.localleader,1,1,False
guide.lawfirmleader,1,1,False
guide.independence,1,1,False
guide.homegarden,1,1,False
guide.restaurantleader,1,1,False
guide.restaurantowner,1,1,False
guide.salesleader,1,1,False
guide.schoolleader,1,1,False
help.agentpay,1,1,False
help.agentmesh,1,1,False
health.rhobimd.oss,1,1,False
health.chia,1,1,False
health.anomaly,1,1,False
guru.rung,1,1,False
guru.junkyard.botfeeder,1,1,False
guru.goanywhere,1,1,False
guru.bordeaux,1,1,False
guide.thetalk,1,1,False
guide.strengthtraining,1,1,False
guide.startupleader,1,1,False
guide.sportscoach,1,1,False
guide.selfhelp,1,1,False
guide.scienceleader,1,1,False
guide.governmentleader,1,1,False
guide.gamedesigner,1,1,False
guide.fleetleader,1,1,False
goog.workspace-developer,1,1,False
global.signals,1,1,False
global.rootz.timeshare,1,1,False
global.rootz.ship,1,1,False
global.rootz.rental,1,1,False
global.rootz.private,1,1,False
global.rootz.politics,1,1,False
global.rootz.origin,1,1,False
global.rootz.food,1,1,False
global.rootz.dtv,1,1,False
global.rootz.companies,1,1,False
global.rootz.cars,1,1,False
global.mycelium,1,1,False
global.insurers,1,1,False
glass.cocktail,1,1,False
gl.parse,1,1,False
golf.caddence,1,1,False
gr.bestprice,1,1,False
guide.firstresponder,1,1,False
gr.diavgis,1,1,False
guide.farmleader,1,1,False
guide.facilitiesleader,1,1,False
guide.engineeringleader,1,1,False
guide.counselor,1,1,False
guide.constructionleader,1,1,False
guide.coachingleader,1,1,False
guide.clinicalleader,1,1,False
guide.churchleader,1,1,False
guide.careleader,1,1,False
guide.capitol,1,1,False
guide.bicycle,1,1,False
guide.babyname,1,1,False
group.raposa,1,1,False
group.aicare,1,1,False
gr.jobily,1,1,False
help.awning,1,1,False
hk.himarket,1,1,False
ink.utilia,1,1,False
in.sambodh-ias,1,1,False
info.blocksize.mcp,1,1,False
info.appgoblin,1,1,False
info.agentrank,1,1,False
info.3dcms,1,1,False
in.vynix,1,1,False
in.theboringpeople,1,1,False
in.termal,1,1,False
in.railroute,1,1,False
holdings.proof,1,1,False
in.ninelayer,1,1,False
in.memorylayer,1,1,False
in.mednode,1,1,False
in.marketping,1,1,False
in.koragraph,1,1,False
in.houseduck,1,1,False
in.getdrishti,1,1,False
info.fapd,1,1,False
info.henryknows,1,1,False
info.mosaique,1,1,False
info.todayshoroscope,1,1,False
ink.smart-money,1,1,False
ink.seosa,1,1,False
ink.penwright,1,1,False
ink.ml,1,1,False
ink.loreboard,1,1,False
ink.kool,1,1,False
ink.foresea,1,1,False
ink.al,1,1,False
ing.unmark,1,1,False
ing.rentseek,1,1,False
ing.crank,1,1,False
ing.conjure,1,1,False
ing.compoundinterest,1,1,False
info.vetclinic,1,1,False
info.verifiedtools,1,1,False
in.flowgraf,1,1,False
in.enhanciar,1,1,False
in.creo-memories,1,1,False
id.bardo,1,1,False
icu.connections,1,1,False
hu.xfish,1,1,False
hu.eumoney,1,1,False
hu.ablakarajanlat,1,1,False
hr.vip-cars,1,1,False
hr.trazimstan,1,1,False
hr.rifk,1,1,False
hr.inmar,1,1,False
how.padel,1,1,False
house.device,1,1,False
house.bim,1,1,False
host.nippy,1,1,False
host.justcall.mcp,1,1,False
homes.heart,1,1,False
homes.a-du,1,1,False
icu.steeped.registry,1,1,False
id.getrun,1,1,False
in.calmloop,1,1,False
id.idxpro,1,1,False
in.buildifyapp.runsheet,1,1,False
in.acerank.vedic-kundli,1,1,False
in.1acre,1,1,False
immo.rundum,1,1,False
im.peoplesearch,1,1,False
im.gino,1,1,False
im.agenty,1,1,False
il.co.trus,1,1,False
il.co.moroc,1,1,False
il.co.foodiepedia,1,1,False
il.co.deali,1,1,False
il.co.alice,1,1,False
id.tokolaku,1,1,False
id.setlist,1,1,False
id.marrow,1,1,False
zone.waggle,1,1,False
